molecule_chembl_id,canonical_smiles,standard_value,class,MW,LogP,NumHDonors,NumHAcceptors
CHEMBL133897,CCOc1nn(-c2cccc(OCc3ccccc3)c2)c(=O)o1,750.0,active,312.32500000000005,2.8032000000000004,0.0,5.0
CHEMBL336398,O=C(N1CCCCC1)n1nc(-c2ccc(Cl)cc2)nc1SCC1CC1,100.0,active,376.9130000000002,4.554600000000004,0.0,4.0
CHEMBL131588,CN(C(=O)n1nc(-c2ccc(Cl)cc2)nc1SCC(F)(F)F)c1ccccc1,50000.0,inactive,426.8510000000001,5.357400000000003,0.0,4.0
CHEMBL130628,O=C(N1CCCCC1)n1nc(-c2ccc(Cl)cc2)nc1SCC(F)(F)F,300.0,active,404.8450000000001,4.706900000000003,0.0,4.0
CHEMBL130478,CSc1nc(-c2ccc(OC(F)(F)F)cc2)nn1C(=O)N(C)C,800.0,active,346.33400000000006,3.095300000000001,0.0,5.0
CHEMBL130112,CSc1nc(-c2ccc(C)cc2)nn1C(=O)N(C)c1ccccc1,2400.0,intermediate,338.43600000000004,4.079920000000002,0.0,4.0
CHEMBL130098,CSc1nc(-c2ccc(Cl)cc2)nn1C(=O)N(C)C,100.0,active,296.783,2.850100000000001,0.0,4.0
CHEMBL337486,CCCCCCSc1nc(-c2ccc(Cl)cc2)nn1C(=O)N1CCOCC1,50000.0,inactive,408.95500000000027,4.571200000000005,0.0,5.0
CHEMBL336538,COc1ccc(-c2nc(SC)n(C(=O)N(C)C)n2)cc1,800.0,active,292.364,2.2053000000000003,0.0,5.0
CHEMBL131051,CSc1nc(-c2ccc(OC(F)(F)F)cc2)nn1C(=O)N(C)c1ccccc1,50000.0,inactive,408.4050000000001,4.670100000000003,0.0,5.0
CHEMBL341437,CCSc1nc(-c2ccc(OC)cc2)nn1C(=O)N1CCOCC1,50000.0,inactive,348.4280000000002,2.3659999999999997,0.0,6.0
CHEMBL335033,CSc1nc(-c2ccc3ccccc3c2)nn1C(=O)N(C)C,50.0,active,312.3980000000001,3.3499000000000017,0.0,4.0
CHEMBL122983,C[C@H]1C(=O)N(C(=O)NCc2ccccc2)[C@@H]1Oc1ccc(C(=O)C(C)(C)C)cc1,100000.0,inactive,394.4710000000002,4.0084000000000035,1.0,4.0
CHEMBL338720,CSc1nc(-c2ccc(-c3ccccc3)cc2)nn1C(=O)N(C)C,560.0,active,338.4360000000001,3.8637000000000032,0.0,4.0
CHEMBL339995,CSc1nc(/C=C/c2ccccc2)nn1C(=O)N(C)C,10.0,active,288.37600000000003,2.700100000000001,0.0,4.0
CHEMBL335158,CCCCCCSc1nc(-c2ccc(Cl)cc2)nn1C(=O)N1CCCCC1,10.0,active,406.9830000000003,5.724900000000006,0.0,4.0
CHEMBL131536,CSc1nc(-c2ccc(Cl)cc2)nn1C(=O)N(C)c1ccccc1,1400.0,intermediate,358.85400000000004,4.424900000000004,0.0,4.0
CHEMBL106126,Cc1c(C(C)C)c(=O)on1C(=O)N1CCC[C@H](C)C1,17000.0,inactive,266.34099999999995,2.5731200000000003,0.0,3.0
CHEMBL334971,CCSc1nc(-c2ccc(OC)cc2)nn1C(=O)N(C)c1ccccc1,1100.0,intermediate,368.4620000000001,4.170200000000003,0.0,5.0
CHEMBL336625,CCCCCCSc1nc(-c2ccc(C)cc2)nn1C(=O)N(C)c1ccccc1,50000.0,inactive,408.57100000000014,6.0304200000000066,0.0,4.0
CHEMBL130666,CSc1nc(-c2ccc(Cl)cc2)nn1C(=O)N1CCCCC1,26.0,active,336.8480000000002,3.7744000000000026,0.0,4.0
CHEMBL134061,O=C(N1CCOCC1)n1nc(-c2ccc(Cl)cc2)nc1SCC(F)(F)F,50000.0,inactive,406.81700000000006,3.553200000000002,0.0,5.0
CHEMBL133388,CSc1nc(-c2ccc(C)cc2)nn1C(=O)N(C)C,800.0,active,276.365,2.5051200000000007,0.0,4.0
CHEMBL130645,CSc1nc(-c2ccc(Cl)cc2)nn1C(=O)N1CCOCC1,50000.0,inactive,338.82000000000016,2.620700000000001,0.0,5.0
CHEMBL133580,CCCCCCSc1nc(-c2ccc(Cl)cc2)nn1C(=O)N(C)c1ccccc1,50000.0,inactive,428.98900000000015,6.375400000000006,0.0,4.0
CHEMBL336524,CCSc1nc(-c2ccc(Cl)cc2)nn1C(=O)N(C)C,56.0,active,310.81000000000006,3.2402000000000015,0.0,4.0
CHEMBL336276,CCCCCCSc1nc(-c2ccc(C)cc2)nn1C(=O)N(C)C,200.0,active,346.5000000000001,4.455620000000004,0.0,4.0
CHEMBL334395,CCCSc1nc(-c2ccc(Cl)cc2)nn1C(=O)N(C)C,300.0,active,324.8370000000001,3.6303000000000027,0.0,4.0
CHEMBL131320,Cc1ccc(-c2nc(SCC(F)(F)F)n(C(=O)N(C)C)n2)cc1,200.0,active,344.362,3.4376200000000017,0.0,4.0
CHEMBL339297,COc1nn(-c2ccc(NC(=O)c3ccc(C(C)(C)C)cc3)cc2)c(=O)o1,50000.0,inactive,367.4050000000001,3.3839000000000015,1.0,5.0
CHEMBL337714,CSc1nc(-c2ccc(C(F)(F)F)cc2)nn1C(=O)N(C)C,500.0,active,330.33500000000004,3.2155000000000022,0.0,4.0
CHEMBL122575,C[C@H]1C(=O)N(C(=O)NCc2ccccc2)[C@@H]1Oc1ccc(C(=O)O)cc1,100000.0,inactive,354.3620000000001,2.4778000000000002,2.0,4.0
CHEMBL130704,CSc1nc(-c2ccc(C)cc2)nn1C(=O)N1CCOCC1,50000.0,inactive,318.40200000000016,2.2757199999999997,0.0,5.0
CHEMBL46151,CCN(CC)CCS/C(=N\O)C(=O)c1ccc(OC)cc1,260000.0,inactive,310.41900000000004,2.7406000000000015,1.0,6.0
CHEMBL54126,CN(C)C(=O)Oc1cccc([N+](C)(C)C)c1.[Br-],22.0,active,303.19999999999993,-1.052299999999998,0.0,2.0
CHEMBL297316,C[N+](C)(C)CCS/C(=N\O)C(=O)c1ccc(F)cc1.[Cl-],1000000.0,inactive,320.817,-0.7604999999999988,1.0,4.0
CHEMBL65667,CN1CC[C@@]2(C)c3cc(OC(=O)NCCCN4CCOCC4)ccc3N(C)[C@@H]12,3800.0,intermediate,388.51200000000017,1.8663999999999992,1.0,6.0
CHEMBL431519,CN1CC[C@@]2(C)c3cc(OC(=O)NCCCCCCCCCCN4CCOCC4)ccc3N(C)[C@@H]12,40.0,active,486.7010000000004,4.597100000000005,1.0,6.0
CHEMBL296429,Cc1ccc(C(=O)/C(=N/O)SCC[N+](C)(C)C)cc1.[Cl-],1000000.0,inactive,316.85400000000004,-0.5911799999999987,1.0,4.0
CHEMBL154972,N#CC(C#N)=C1Nc2ccccc2N1CCNCc1ccc(CN2CCCCC2)o1,73.0,active,402.5020000000003,3.5459600000000027,2.0,7.0
CHEMBL152722,COc1cc(N)c(Cl)cc1C(=O)NCCNCc1ccc(CN(C)C)o1,3100.0,intermediate,380.8760000000002,2.1050000000000004,3.0,6.0
CHEMBL544022,CCN(CC)CCS/C(=N\O)C(=O)c1ccc(Cl)cc1.Cl,520000.0,inactive,351.29900000000004,3.807200000000003,1.0,5.0
CHEMBL349127,CN1CCN(Cc2ccc(CNCCN3CCNC3=C(C#N)C#N)o2)CC1,4500.0,intermediate,369.4730000000001,0.2805600000000022,2.0,8.0
CHEMBL156659,Oc1nc2ccccc2n1CCNCc1ccc(CN2CCCCC2)o1,1200.0,intermediate,354.4540000000002,3.1106000000000016,2.0,5.0
CHEMBL45118,CC[N+](C)(CC)CCS/C(=N\O)C(=O)c1ccc(OC)cc1.[Cl-],1000000.0,inactive,360.90700000000004,-0.11079999999999801,1.0,5.0
CHEMBL542609,Cc1ccc(C(=O)/C(=N/O)SCCN(C)C)cc1.Cl,1000000.0,inactive,302.82699999999994,2.682020000000001,1.0,5.0
CHEMBL155322,CC1CCCCN1Cc1ccc(CNCCN2CCNC2=C(C#N)C#N)o1,540.0,active,368.4850000000001,1.90756,2.0,7.0
CHEMBL154211,N#CC(C#N)=C1NCCN1CCNCc1ccc(CN2CCCCC2)o1,30.0,active,354.4580000000002,1.519059999999999,2.0,7.0
CHEMBL1203537,CNC(NCCNCc1ccc(CN2CCCCC2)o1)=C(C#N)C#N.Cl,830.0,active,378.9080000000001,1.8446600000000002,3.0,7.0
CHEMBL86,CCN(CC)CCNC(=O)c1cc(Cl)c(N)cc1OC,20000.0,inactive,299.8020000000001,2.0023999999999997,2.0,4.0
CHEMBL47375,COc1ccc(C(=O)/C(=N/O)SCC[N+](C)(C)C)cc1.[Cl-],1000000.0,inactive,332.85299999999995,-0.8909999999999978,1.0,5.0
CHEMBL542360,CN(C)CCS/C(=N\O)C(=O)c1ccc(Cl)cc1.Cl,1000000.0,inactive,323.24499999999995,3.0270000000000015,1.0,5.0
CHEMBL345849,N#CC(C#N)=C1NCCN1CCNCc1ccc(CN2CCC(O)CC2)o1,390.0,active,370.45700000000016,0.4898599999999996,3.0,8.0
CHEMBL154689,CN(C)Cc1ccc(CNCCN2CCNC2=C(C#N)C#N)o1,390.0,active,314.39300000000003,0.5947600000000013,2.0,7.0
CHEMBL346733,CCN(C)Cc1ccc(CNCCN2CCNC2=C(C#N)C#N)o1,430.0,active,328.42,0.9848600000000001,2.0,7.0
CHEMBL416464,COc1ccc(C(=O)/C(=N/O)SCCN(C)C)cc1,1000000.0,inactive,282.36499999999995,1.9604,1.0,6.0
CHEMBL1203539,CCN(CC)Cc1ccc(CNCCN2CCNC2=C(C#N)C#N)o1.Cl,600.0,active,378.9080000000001,1.7967600000000008,2.0,7.0
CHEMBL347729,CN(C)Cc1ccc(CNCCN2CCN/C2=C\[N+](=O)[O-])o1,2000.0,intermediate,309.37,0.4116000000000016,2.0,7.0
CHEMBL296786,CC[N+](C)(CC)CCS/C(=N\O)C(=O)c1ccc(Cl)cc1.[Cl-],1000000.0,inactive,365.326,0.534,1.0,4.0
CHEMBL63173,CN1CC[C@@]2(C)c3cc(OC(=O)NCCCCN4CCOCC4)ccc3N(C)[C@@H]12,21000.0,inactive,402.5390000000002,2.2565,1.0,6.0
CHEMBL433041,CCCCCCCNC(=O)Oc1ccc2c(c1)[C@]1(C)CCN(C)[C@@H]1N2C,290.0,active,359.5140000000002,4.114500000000003,1.0,4.0
CHEMBL292788,CN1CC[C@@]2(C)c3cc(OC(=O)NCCN4CCOCC4)ccc3N(C)[C@@H]12,700.0,active,374.4850000000001,1.4763000000000004,1.0,6.0
CHEMBL33051,NC(=O)c1cc[n+](COC[n+]2ccccc2/C=N/O)cc1.[Cl-].[Cl-],460000.0,inactive,359.21299999999997,-6.191599999999997,2.0,4.0
CHEMBL155392,CNC(NCCNCc1ccc(CN(C)C)o1)=C(C#N)C#N,630.0,active,302.38200000000006,0.4985600000000012,3.0,7.0
CHEMBL153311,CNC(NCCNCc1ccc(CN(C(C)C)C(C)C)o1)=C(C#N)C#N,2100.0,intermediate,358.4900000000002,2.0557600000000003,3.0,7.0
CHEMBL543546,CC(C)N(CCS/C(=N\O)C(=O)c1ccc(Cl)cc1)C(C)C.Cl,330000.0,inactive,379.353,4.5842000000000045,1.0,5.0
CHEMBL1420,C[n+]1ccccc1C=NO,340000.0,inactive,137.162,0.3191999999999999,1.0,2.0
CHEMBL556172,CCN(CC)CCS/C(=N\O)C(=O)c1ccccc1.Cl,1000000.0,inactive,316.854,3.1538000000000017,1.0,5.0
CHEMBL154263,CC1CCN(Cc2ccc(CNCCN3CCNC3=C(C#N)C#N)o2)CC1,290.0,active,368.4850000000001,1.76506,2.0,7.0
CHEMBL544669,CCN(CC)CCS/C(=N\O)C(=O)c1ccc(Br)cc1.Cl,210000.0,inactive,395.74999999999994,3.9163000000000037,1.0,5.0
CHEMBL62664,CN1CC[C@@]2(C)c3cc(OC(=O)NCCCCCCCCCCCN4CCOCC4)ccc3N(C)[C@@H]12,40.0,active,500.72800000000046,4.987200000000005,1.0,6.0
CHEMBL155111,N#CC(C#N)=C1NCCN1CCNCc1ccc(CN2CCCC2)o1,80.0,active,340.43100000000015,1.1289599999999989,2.0,7.0
CHEMBL1203534,Cl.N#CC(C#N)=C1NCCN1CCNCc1ccc(CN2CC=CCC2)o1,95.0,active,388.9030000000002,1.7168599999999998,2.0,7.0
CHEMBL541044,CN(C)CCS/C(=N\O)C(=O)c1ccc(Br)cc1.Cl,710000.0,inactive,367.69599999999997,3.136100000000002,1.0,5.0
CHEMBL543779,CCN(CC)CCS/C(=N\O)C(=O)c1ccc(C#N)cc1.Cl,180000.0,inactive,341.864,3.0254800000000013,1.0,6.0
CHEMBL155495,CNC(NCCNCc1ccc(COC)o1)=C(C#N)C#N,20000.0,inactive,289.339,0.5833600000000008,3.0,7.0
CHEMBL64011,CN1CC[C@@]2(C)c3cc(OC(=O)NCCCCCCCCCN4CCOCC4)ccc3N(C)[C@@H]12,60.0,active,472.6740000000004,4.207000000000003,1.0,6.0
CHEMBL65585,CN1CC[C@@]2(C)c3cc(OC(=O)NCCCCCCCCCCCCN4CCOCC4)ccc3N(C)[C@@H]12,70.0,active,514.7550000000006,5.377300000000006,1.0,6.0
CHEMBL347539,CNC(NCCNCc1ccc(CN2CCCC2)o1)=C(C#N)C#N,280.0,active,328.4200000000001,1.0327600000000006,3.0,7.0
CHEMBL154433,N#CC(C#N)=C1NCCN1CCNCc1ccc(CN2CCOCC2)o1,11000.0,inactive,356.4300000000002,0.36536000000000035,2.0,8.0
CHEMBL157208,N#CC(C#N)=C1NCCN1CCNCc1ccc(CN2CCSCC2)o1,1500.0,intermediate,372.49800000000016,1.0819599999999991,2.0,8.0
CHEMBL1790041,CNC(=C[N+](=O)[O-])NCCSCc1ccc(CN(C)C)o1,650.0,active,314.411,1.4589999999999999,2.0,7.0
CHEMBL65356,CN1CC[C@@]2(C)c3cc(OC(=O)NCCCCCCN4CCOCC4)ccc3N(C)[C@@H]12,930.0,active,430.59300000000025,3.0367000000000015,1.0,6.0
CHEMBL154366,CC1CCCN(Cc2ccc(CNCCN3CCNC3=C(C#N)C#N)o2)C1,370.0,active,368.4850000000001,1.7650599999999999,2.0,7.0
CHEMBL153821,CC1CCCC(C)N1Cc1ccc(CNCCN2CCNC2=C(C#N)C#N)o1,4500.0,intermediate,382.51200000000017,2.2960599999999998,2.0,7.0
CHEMBL416644,CC[N+](C)(CC)CCS/C(=N\O)C(=O)c1ccc(F)cc1.[Cl-],720000.0,inactive,348.871,0.01970000000000144,1.0,4.0
CHEMBL94,CNC(=O)Oc1ccc2c(c1)[C@]1(C)CCN(C)[C@@H]1N2C,30.0,active,275.352,1.7739,1.0,4.0
CHEMBL303574,CN1CC[C@@]2(C)c3cc(OC(=O)NCCCCCN4CCOCC4)ccc3N(C)[C@@H]12,7600.0,intermediate,416.5660000000002,2.6466000000000003,1.0,6.0
CHEMBL65018,CN1CC[C@@]2(C)c3cc(OC(=O)NCCCCCCCCN4CCOCC4)ccc3N(C)[C@@H]12,80.0,active,458.64700000000033,3.816900000000002,1.0,6.0
CHEMBL296277,CC[N+](C)(CC)CCS/C(=N\O)C(=O)c1ccc(C#N)cc1.[Cl-],1000000.0,inactive,355.8910000000001,-0.2477199999999986,1.0,5.0
CHEMBL66309,CN1CC[C@@]2(C)c3cc(OC(=O)NCCCCCCCN4CCOCC4)ccc3N(C)[C@@H]12,380.0,active,444.6200000000003,3.426800000000002,1.0,6.0
CHEMBL1203535,COC1CCCN(Cc2ccc(CNCCN3CCNC3=C(C#N)C#N)o2)C1.Cl,3300.0,intermediate,420.9450000000002,1.5657600000000003,2.0,8.0
CHEMBL296560,C[N+](C)(C)CCS/C(=N\O)C(=O)c1ccc(Br)cc1.[I-],1000000.0,inactive,473.174,-0.13709999999999978,1.0,4.0
CHEMBL152260,N#CC(C#N)=C1NCCN1CCNCc1ccc(CN2CCCC(O)C2)o1,370.0,active,370.45700000000016,0.4898599999999996,3.0,8.0
CHEMBL154950,C/N=c1\c(O)c(O)\c1=N/CCNCc1ccc(CN2CCCCC2)o1,9300.0,intermediate,346.43100000000015,0.7732999999999994,3.0,7.0
CHEMBL296669,CN(C)CCCS/C(=N\O)C(=O)c1ccc(Br)cc1.O=C(O)C(=O)O,1000000.0,inactive,435.2960000000001,2.26,3.0,7.0
CHEMBL1203538,Cl.N#CC(C#N)=C1NCCN1CCNCc1ccc(CN2CCCCCC2)o1,120.0,active,404.9460000000003,2.33096,2.0,7.0
CHEMBL19060,COc1ccccc1CNCCCCCCNCCSSCCNCCCCCCNCc1ccccc1OC,7244.36,intermediate,590.9440000000003,6.264600000000006,4.0,8.0
CHEMBL422977,COc1ccccc1CNCCCCCCNCCCCCCCNCCCCCCNCc1ccccc1OC,4466.84,intermediate,568.8910000000004,6.833700000000007,4.0,6.0
CHEMBL11805,COc1ccccc1CN(C)CCCCCC(=O)N(C)CCCCCCCCN(C)C(=O)CCCCCN(C)Cc1ccccc1OC,169.82,active,666.9920000000003,7.64580000000001,0.0,6.0
CHEMBL302179,COc1ccccc1CNCCCCCCNCCCCCCNCCCCCCNCc1ccccc1OC,6456.54,intermediate,554.8640000000004,6.443600000000006,4.0,6.0
CHEMBL27673,COc1ccccc1CNCCCCCCNCCCCCCCCNCCCCCCNCc1ccccc1OC,5370.32,intermediate,582.9180000000005,7.223800000000008,4.0,6.0
CHEMBL132377,COc1ccccc1CNCCCCCC(=O)N(C)CCCCCCCCN(C)C(=O)CCCCCNCc1ccccc1OC,309.03,active,638.9380000000004,6.961400000000008,2.0,6.0
CHEMBL132133,NCCCCCCNCCSSCCNCCCCCCN,501187.23,inactive,350.6420000000003,2.5851999999999995,4.0,6.0
CHEMBL95,Nc1c2c(nc3ccccc13)CCCC2,218.78,active,198.26899999999992,2.695800000000001,1.0,2.0
CHEMBL134488,COc1ccccc1CNCCCCCC(=O)NCCCCCCCCNC(=O)CCCCCNCc1ccccc1OC,1862.09,intermediate,610.8840000000005,6.2770000000000055,4.0,6.0
CHEMBL134382,COc1ccccc1CNCCCCCCNCCCCCNCCCCCCNCc1ccccc1OC,7244.36,intermediate,540.8370000000003,6.053500000000005,4.0,6.0
CHEMBL59109,NC12CC(C(F)(F)F)=CC(Cc3nc(O)ccc31)/C2=C\C(F)(F)F,3000.0,intermediate,350.26200000000006,3.494600000000001,2.0,3.0
CHEMBL286990,C[n+]1ccn(COCC(C)(C)[N+](=O)[O-])c1/C=N/O.[Cl-],10600.0,inactive,292.72299999999996,-2.8458999999999968,1.0,5.0
CHEMBL294891,C/C=C1\C2C=C(C(F)(F)F)CC1(N)c1ccc(O)nc1C2,400.0,active,296.29200000000003,2.9522000000000004,2.0,3.0
CHEMBL395280,C/C=C1\[C@H]2C=C(C)C[C@]1(N)c1ccc(=O)[nH]c1C2,5.0,active,242.32199999999997,1.9975,2.0,2.0
CHEMBL89011,Nc1c2c(nc3ccccc13)-c1ccccc1CO2,245000.0,inactive,248.28499999999997,3.376400000000002,1.0,3.0
CHEMBL748,C[n+]1ccccc1/C=N/O.[Cl-],366000.0,inactive,172.615,-2.6767999999999983,1.0,2.0
CHEMBL50608,Nc1cc(-c2ccccc2)nc2ccccc12,11480.0,inactive,220.275,3.4840000000000018,1.0,2.0
CHEMBL29300,CN(CCn1cc[n+](C)c1/C=N/O)S(C)(=O)=O.[Cl-],6800.0,intermediate,296.78,-3.9838999999999958,1.0,4.0
CHEMBL27675,C[n+]1ccn(COCCS(C)(=O)=O)c1/C=N/O.[Cl-],26500.0,inactive,297.764,-3.856599999999996,1.0,5.0
CHEMBL435373,CC1=CC2Cc3nc(O)ccc3C(N)(C1)/C2=C/C(F)(F)F,2000.0,intermediate,296.292,2.9522000000000004,2.0,3.0
CHEMBL60167,Nc1c2c(nc3ccccc13)-c1ccccc1C2,676.0,active,232.28599999999997,3.388200000000001,1.0,2.0
CHEMBL89012,Nc1c2c(nc3ccccc13)-c1ccccc1CC2,2980.0,intermediate,246.31299999999996,3.582600000000002,1.0,2.0
CHEMBL314800,Nc1c2c(nc3ccccc13)-c1ccccc1CS2,18580.0,inactive,264.35299999999995,4.0897000000000014,1.0,3.0
CHEMBL553212,C[n+]1ccn(CCN2CCCC2)c1/C=N/O.[Cl-],17900.0,inactive,258.753,-2.779499999999996,1.0,3.0
CHEMBL156630,C/N=C1/CCc2c1n(C)c1ccc(OC(=O)NCc3ccccc3)c(Br)c21,4190.0,intermediate,426.3140000000001,4.5945000000000045,1.0,3.0
CHEMBL315013,COc1cc2cc(C(=O)CC(O)C3CC[N+](C)(Cc4ccccc4)CC3)sc2cc1OC.[Br-],219.0,active,534.5160000000002,1.9129999999999998,1.0,5.0
CHEMBL155754,C/N=C1/CCc2c1n(C)c1ccc(OC(=O)NC)c(Cl)c21,230.0,active,305.76500000000004,2.915000000000001,1.0,3.0
CHEMBL314658,COc1cc2cc(C(=O)CC3=CC[N+](C)(Cc4ccccc4)CC3)sc2cc1OC.[Br-],750.0,active,502.47400000000016,2.472200000000001,0.0,4.0
CHEMBL87170,COc1cc2cc(C(=O)CCc3cc[n+](Cc4ccccc4)cc3)sc2cc1OC,4.6,active,418.53800000000007,5.069800000000005,0.0,4.0
CHEMBL87959,COc1cc2cc(C(=O)CCC3CC[N+](C)(CCOc4ccccc4)CC3)sc2cc1OC.[Br-],390.0,active,548.5430000000001,2.8210000000000015,0.0,5.0
CHEMBL87295,CCC[n+]1ccc(CCC(=O)c2cc3cc(OC)c(OC)cc3s2)cc1.[Br-],2570.0,intermediate,450.3980000000001,1.4354999999999998,0.0,4.0
CHEMBL82810,COc1cc2cc(C(=O)CCc3cc[n+](CC4CCC4)cc3)sc2cc1OC.[Br-],40.0,active,476.4360000000001,1.8256000000000003,0.0,4.0
CHEMBL157182,C/N=C1/CCc2c1n(C)c1cc(Cl)c(OC(=O)NC)cc21,670.0,active,305.765,2.915000000000001,1.0,3.0
CHEMBL88049,COc1cc2cc(C(=O)CCCCC3CC[N+](C)(Cc4ccccc4)CC3)sc2cc1OC.[Br-],110.0,active,546.5710000000001,3.722400000000003,0.0,4.0
CHEMBL87128,CC[n+]1ccc(CCC(=O)c2cc3cc(OC)c(OC)cc3s2)cc1.[Br-],280.0,active,436.37100000000004,1.0453999999999999,0.0,4.0
CHEMBL160219,CNC(=O)Oc1ccc2c(c1)c1c(n2C)/C(=N\CCc2ccccc2)CC1,160.0,active,361.4450000000001,3.874500000000003,1.0,3.0
CHEMBL445916,CCCn1c2c(c3c(Br)c(OC(=O)NC)ccc31)CC/C2=N/CC,230.0,active,392.2970000000002,4.287200000000003,1.0,3.0
CHEMBL85473,COc1cc2cc(C(O)C3CC[N+](C)(Cc4ccccc4)CC3)sc2cc1OC.[Br-],19580.0,inactive,492.47900000000016,2.0126999999999997,1.0,4.0
CHEMBL314502,COc1cc2cc(C(=O)CCC3CC[N+](C)(CC#N)CC3)sc2cc1OC.[Br-],1000.0,active,467.4290000000001,1.2655800000000001,0.0,5.0
CHEMBL87320,COCC[N+]1(C)CCC(CCC(=O)c2cc3cc(OC)c(OC)cc3s2)CC1.[Br-],53.0,active,486.4720000000002,1.3884000000000007,0.0,5.0
CHEMBL87280,COC(=O)c1ccc(C[n+]2ccc(CCC(=O)c3cc4cc(OC)c(OC)cc4s3)cc2)cc1,1000.0,active,476.5740000000002,4.856400000000004,0.0,6.0
CHEMBL348607,CCCCNC(=O)Oc1ccc2c(c1Br)c1c(n2C)/C(=N\C)CC1,3170.0,intermediate,392.2970000000002,4.1944000000000035,1.0,3.0
CHEMBL313809,COc1cc2cc(C(=O)C=C3CC[N+](C)(Cc4ccccc4)CC3)sc2cc1OC.[Br-],520.0,active,502.47400000000016,2.472200000000001,0.0,4.0
CHEMBL87849,COc1cc2cc(C(=O)CCc3cc[n+](Cc4ccc(F)cc4)cc3)sc2cc1OC,2.6,active,436.5280000000001,5.208900000000005,0.0,4.0
CHEMBL314398,COc1cc2cc(C(=O)CC(OC)C3CC[N+](C)(Cc4ccccc4)CC3)sc2cc1OC.[Br-],120.0,active,548.5430000000002,2.567100000000001,0.0,5.0
CHEMBL87373,COc1cc2cc(C(=O)CCc3cc[n+](CC4CC4)cc3)sc2cc1OC.[Br-],110.0,active,462.40900000000005,1.4355,0.0,4.0
CHEMBL156931,C/N=C1/CCc2c1n(C)c1ccc(OC(=O)NC)cc21,3360.0,intermediate,271.32,2.2616000000000005,1.0,3.0
CHEMBL83005,COc1cc2cc(C(=O)CC3(O)CC[N+](C)(Cc4ccccc4)CC3)sc2cc1OC.[Br-],90.0,active,520.4890000000001,1.6669999999999998,1.0,5.0
CHEMBL315515,COc1cc2cc(C(=O)CCC3CC[N+](C)(CC4CCCCO4)CC3)sc2cc1OC.[Br-],28.0,active,526.5370000000003,2.3110999999999997,0.0,5.0
CHEMBL441632,COc1cc2cc(C(=O)CCc3cc[n+](C)cc3)sc2cc1OC.[Br-],900.0,active,422.34400000000005,0.5624999999999998,0.0,4.0
CHEMBL87937,COCC[n+]1ccc(CCC(=O)c2cc3cc(OC)c(OC)cc3s2)cc1,30.0,active,386.4930000000001,3.667900000000003,0.0,5.0
CHEMBL441808,COc1cc2cc(C(=O)CC(O)CCC3CC[N+](C)(Cc4ccccc4)CC3)sc2cc1OC.[Br-],380.0,active,562.5700000000002,2.693200000000001,1.0,5.0
CHEMBL87649,COc1cc2cc(C(=O)CCc3cc[n+](Cc4ccsc4)cc3)sc2cc1OC,6.0,active,424.56700000000006,5.131300000000005,0.0,5.0
CHEMBL160836,CC/N=C1/CCc2c1n(C)c1ccc(OC(=O)NC)c(Br)c21,140.0,active,364.24300000000005,3.414200000000002,1.0,3.0
CHEMBL156861,C/N=C1/CCc2c1n(C)c1ccc(OC(=O)NC)c(Br)c21,180.0,active,350.216,3.0241000000000016,1.0,3.0
CHEMBL314766,COC(=O)C[N+]1(C)CCC(CCC(=O)c2cc3cc(OC)c(OC)cc3s2)CC1.[Br-],54.0,active,500.4550000000002,0.9150000000000009,0.0,6.0
CHEMBL88026,COc1cc2cc(C(=O)CCC3CC[N+](C)(Cc4ccccc4)CC3)sc2cc1OC.[Br-],8.0,active,518.517,2.9422000000000015,0.0,4.0
CHEMBL86233,COc1cc2cc(CC3CC[N+](C)(Cc4ccccc4)CC3)sc2cc1OC.[Br-],10000.0,inactive,476.48000000000013,2.5218000000000007,0.0,3.0
CHEMBL155350,CC/N=C1/CCc2c1n(C)c1ccc(OC(=O)NC)c(Cl)c21,160.0,active,319.7920000000001,3.3051000000000013,1.0,3.0
CHEMBL155863,CCC/N=C1/CCc2c1n(C)c1ccc(OC(=O)NC)cc21,3840.0,intermediate,299.37399999999997,3.041800000000001,1.0,3.0
CHEMBL87980,C=CC[n+]1ccc(CCC(=O)c2cc3cc(OC)c(OC)cc3s2)cc1.[Br-],540.0,active,448.38200000000006,1.2114999999999998,0.0,4.0
CHEMBL87441,CCOCC[n+]1ccc(CCC(=O)c2cc3cc(OC)c(OC)cc3s2)cc1,7.0,active,400.5200000000001,4.058000000000003,0.0,5.0
CHEMBL158946,C/N=C1/CCc2c1n(C)c1ccc(OC(=O)N(C)C)c(Br)c21,60.0,active,364.24300000000005,3.3663000000000025,0.0,3.0
CHEMBL87550,COc1cc2cc(C=C3CC[N+](C)(Cc4ccccc4)CC3)sc2cc1OC.[Br-],2670.0,intermediate,474.46400000000017,2.746500000000001,0.0,3.0
CHEMBL609440,COc1cc2cc(C(=O)CCc3cc[n+](Cc4ccc([N+](=O)[O-])o4)cc3)sc2cc1OC.[Br-],4.5,active,533.4000000000001,1.5750000000000004,0.0,7.0
CHEMBL350464,CC/N=C1/CCc2c1n(C)c1ccc(OC(=O)NC)cc21,5680.0,intermediate,285.34700000000004,2.651700000000001,1.0,3.0
CHEMBL313271,COc1cc2cc(C(=O)CCC3CC[N+](C)(Cc4ccc([N+](=O)[O-])o4)CC3)sc2cc1OC.[Br-],32.0,active,553.4750000000001,2.4434000000000005,0.0,7.0
CHEMBL423313,COc1cc2cc(C(=O)CCC3CC[N+](C)(CC(=O)OC(C)(C)C)CC3)sc2cc1OC.[Br-],79.0,active,542.5360000000003,2.0837,0.0,6.0
CHEMBL309667,CNC(=O)Oc1ccc2c(c1)[C@]1(C)CCNC1N2,10.9,active,247.29799999999997,1.4073999999999998,3.0,4.0
CHEMBL419470,C[C@@]12CCNC1Nc1ccc(OC(=O)Nc3ccccc3)cc12,22.1,active,309.369,3.3001000000000014,3.0,4.0
CHEMBL80221,CNC(=O)Oc1ccc2c(c1)[C@]1(C)CCN(C)C1N2Cc1ccccc1,161.0,active,351.45000000000005,3.3443000000000023,1.0,4.0
CHEMBL431844,Nc1c2c(nc3ccccc13)C1CCC2C1,31.5,active,210.27999999999994,3.181700000000002,1.0,2.0
CHEMBL80247,CN1c2ccc(OC(=O)Nc3ccccc3)cc2[C@]2(C)CCNC12,13.8,active,323.3960000000001,3.3244000000000016,2.0,4.0
CHEMBL418917,CN1CC[C@@]2(C)c3cc(OC(=O)Nc4ccccc4)ccc3NC12,40.8,active,323.396,3.6423000000000014,2.0,4.0
CHEMBL77896,CNC(=O)Oc1ccc2c(c1)[C@]1(C)CCN(Cc3ccccc3)C1N2Cc1ccccc1,1090.0,intermediate,427.54800000000006,4.914700000000005,1.0,4.0
CHEMBL369661,Nc1c2c(nc3c(Cl)cccc13)CCCC2,68.9,active,232.71399999999997,3.3492000000000015,1.0,2.0
CHEMBL502,COc1cc2c(cc1OC)C(=O)C(CC1CCN(Cc3ccccc3)CC1)C2,2.33,active,379.50000000000017,4.361100000000004,0.0,4.0
CHEMBL74089,CNC(=O)Oc1ccc2c(c1)[C@]1(C)CCNC1N2C,21.0,active,261.325,1.4317,2.0,4.0
CHEMBL134057,Nc1c2c(nc3cccc(Cl)c13)CCCC2,9.4,active,232.7139999999999,3.3492000000000015,1.0,2.0
CHEMBL76640,CNC(=O)Oc1ccc2c(c1)[C@@]1(C)CCN(C)C1N2C,9890.0,intermediate,275.352,1.7739,1.0,4.0
CHEMBL76241,CNC(=O)Oc1ccc2c(c1)[C@]1(C)CCN(Cc3ccccc3)C1N2C,330.0,active,351.45,3.3443000000000023,1.0,4.0
CHEMBL431784,CNC(=O)Oc1ccc2c(c1)[C@]1(C)CCN(C)C1N2,56.7,active,261.32499999999993,1.7496,2.0,4.0
CHEMBL51934,Nc1c2c(nc3ccccc13)CCCC2O,164.0,active,214.26799999999994,2.1867000000000005,2.0,3.0
CHEMBL352500,Nc1c2c(nc3cc(Cl)ccc13)C1CCC2C1,4.5,active,244.72499999999997,3.8351000000000015,1.0,2.0
CHEMBL292314,Nc1c2c(nc3cc(Cl)ccc13)CCCC2,1.8,active,232.71399999999994,3.3492000000000015,1.0,2.0
CHEMBL355740,Nc1c2c(nc3c(Cl)cccc13)C1CCC2C1,84.3,active,244.725,3.8351000000000015,1.0,2.0
CHEMBL54727,CN1CC[C@@]2(C)c3cc(OC(=O)Nc4ccccc4)ccc3N(C)C12,24.0,active,337.42300000000006,3.6666000000000025,1.0,4.0
CHEMBL75919,CN1CC[C@]2(C)c3cc(OC(=O)Nc4ccccc4)ccc3N(C)C12,3500.0,intermediate,337.42300000000006,3.6666000000000025,1.0,4.0
CHEMBL309351,C[C@]12CCNC1Nc1ccc(OC(=O)Nc3ccccc3)cc12,231.0,active,309.369,3.3001000000000014,3.0,4.0
CHEMBL75743,CNC(=O)Oc1ccc2c(c1)[C@@]1(C)CCNC1N2,1490.0,intermediate,247.29799999999997,1.4073999999999998,3.0,4.0
CHEMBL76135,C[C@@]12CCN(Cc3ccccc3)C1N(Cc1ccccc1)c1ccc(OC(=O)Nc3ccccc3)cc12,41130.0,inactive,489.6190000000002,6.807400000000007,1.0,4.0
CHEMBL440497,CNC(=O)Oc1ccc2c(c1)[C@@]1(C)CCN(Cc3ccccc3)C1N2Cc1ccccc1,3560.0,intermediate,427.54800000000006,4.914700000000005,1.0,4.0
CHEMBL368196,Nc1c2c(nc3cccc(Cl)c13)C1CCC2C1,42.2,active,244.72499999999994,3.8351000000000015,1.0,2.0
CHEMBL62084,Nc1c2c(nc3ccc(Cl)cc13)CCCC2,743.0,active,232.7139999999999,3.3492000000000015,1.0,2.0
CHEMBL172118,Nc1c2c(nc3ccc(Cl)cc13)C1CCC2C1,1100.0,intermediate,244.72499999999994,3.8351000000000015,1.0,2.0
CHEMBL1202875,Cl.Cl.O.c1ccc(CN2CCC(CCOc3ccc(-c4ccccc4)nn3)CC2)cc1,710.0,active,464.4370000000001,4.843600000000005,0.0,4.0
CHEMBL436367,Nc1c2c(nc3c1CCCO3)CCCC2,455.0,active,204.27299999999994,1.8676000000000001,1.0,3.0
CHEMBL132365,COc1cccc2nc3c(c(N)c12)CCCC3,615.0,active,228.29499999999993,2.7044000000000006,1.0,3.0
CHEMBL3215535,Cl.Cl.c1ccc(CN2CCC(CCNc3ccc(-c4ccccc4)nn3)CC2)cc1,140.0,active,445.4380000000001,5.701400000000006,1.0,4.0
CHEMBL1202865,Cl.Cl.O.c1ccc(CN2CCC(CCNc3cc4c(nn3)-c3ccccc3CCC4)CC2)cc1,120.0,active,503.5180000000003,5.365400000000004,1.0,4.0
CHEMBL133520,Nc1c2c(nc3cccc(F)c13)OCCC2,335.0,active,218.2309999999999,2.2811000000000003,1.0,3.0
CHEMBL130373,Nc1c2c(nc3cnccc13)OCCC2,42.0,active,201.22899999999996,1.537,1.0,4.0
CHEMBL1202884,Cl.Cl.O.c1ccc(CN2CCC(CCNc3cc4ccc5ccccc5c4nn3)CC2)cc1,190.0,active,487.4750000000002,5.516100000000005,1.0,4.0
CHEMBL263198,Nc1c2c(nc3c1CCCC3)CCCC2,360.0,active,202.30099999999993,2.4214,1.0,2.0
CHEMBL133906,Cc1cccc2nc3c(c(N)c12)CCCC3,99.0,active,212.29599999999994,3.004220000000002,1.0,2.0
CHEMBL1204162,Cl.O.c1ccc(CN2CCC(CCN=c3cc4c(n[nH]3)-c3ccccc3C4)CC2)cc1,74.0,active,439.00300000000016,3.7810000000000024,1.0,3.0
CHEMBL134240,Nc1c2c(nc3ccc(Cl)cc13)OCCC2,9810.0,intermediate,234.68599999999992,2.7954000000000008,1.0,3.0
CHEMBL132030,Nc1c2c(nc3cccc(F)c13)CCCC2,78.0,active,216.2589999999999,2.834900000000001,1.0,2.0
CHEMBL133448,Nc1c2c(nc3ncccc13)CCCC2,429.0,active,199.25699999999995,2.0907999999999998,1.0,3.0
CHEMBL130880,Nc1c2c(nc3c1CCC3)CCCC2,658.0,active,188.27399999999994,2.0313,1.0,2.0
CHEMBL1202874,Cl.Cl.c1ccc(CN2CCC(CCSc3ccc(-c4ccccc4)nn3)CC2)cc1,470.0,active,462.4900000000001,6.381600000000006,0.0,4.0
CHEMBL133441,Nc1c2c(nc3ncccc13)OCCC2,6262.0,intermediate,201.22899999999996,1.537,1.0,4.0
CHEMBL130427,Nc1c2c(nc3cnccc13)CCCC2,2600.0,intermediate,199.25699999999995,2.0907999999999998,1.0,3.0
CHEMBL134154,COc1cccc2nc3c(c(N)c12)CCCO3,606.0,active,230.26699999999994,2.1506,1.0,4.0
CHEMBL132260,Nc1c2c(nc3ccccc13)OCCC2,266.0,active,200.24099999999993,2.1420000000000003,1.0,3.0
CHEMBL1204299,Cc1cc(=NCCC2CCN(Cc3ccccc3)CC2)[nH]nc1-c1ccccc1.Cl.Cl.O,39.0,active,477.48000000000013,4.607020000000007,1.0,3.0
CHEMBL1204296,CCc1cc(=NCCC2CCN(Cc3ccccc3)CC2)[nH]nc1-c1ccccc1.Cl.Cl.O,66.0,active,491.5070000000002,4.861000000000009,1.0,3.0
CHEMBL1202885,Cl.Cl.O.c1ccc(CN2CCC(CCNc3cc4c(nn3)-c3ccccc3CC4)CC2)cc1,190.0,active,489.49100000000027,4.975300000000003,1.0,4.0
CHEMBL337453,Nc1c2c(nc3cccc(Cl)c13)OCCC2,313.0,active,234.68599999999992,2.7954000000000017,1.0,3.0
CHEMBL335922,Nc1c2c(nc3c1CCCO3)CCC2,1120.0,intermediate,190.24599999999995,1.4775,1.0,3.0
CHEMBL132619,Cc1cccc2nc3c(c(N)c12)CCCO3,150.0,active,214.26799999999994,2.4504200000000003,1.0,3.0
CHEMBL293316,C=CC[N+](C)(C)c1cccc(OC)c1.[Br-],10000.0,inactive,272.186,-0.5478999999999994,0.0,1.0
CHEMBL61515,C=CCC[N+](C)(C)c1ccccc1O.[Br-],10000.0,inactive,272.186,-0.46080000000000004,1.0,1.0
CHEMBL442361,COc1ccc([N+](C)(C)Cc2ccccc2)cc1.[Br-],10000.0,inactive,322.246,0.4662999999999997,0.0,1.0
CHEMBL58034,C[N+](C)(C)Cc1cccc(O)c1.[Br-],10000.0,inactive,246.14799999999997,-1.3975999999999984,1.0,1.0
CHEMBL61965,COc1ccc(C(=O)COc2ccc([N+](C)(C)Cc3ccccc3)cc2)cc1OC.[Br-],10000.0,inactive,486.4060000000001,1.7366,0.0,4.0
CHEMBL59790,COc1ccc(C(=O)CCc2ccc([N+](C)(C)C)cc2)cc1OC.[Br-],3000.0,intermediate,408.33600000000007,0.7200000000000009,0.0,3.0
CHEMBL62210,CC(=O)Oc1ccc([N+](C)(C)Cc2ccccc2)cc1.[Br-],10000.0,inactive,350.256,0.383,0.0,2.0
CHEMBL57003,C=CC[N+](C)(C)c1ccc(OC(C)=O)cc1.[Br-],10000.0,inactive,300.19599999999997,-0.6311999999999989,0.0,2.0
CHEMBL291783,C[N+](C)(Cc1ccccc1)c1ccccc1O.[Br-],10000.0,inactive,308.219,0.16329999999999983,1.0,1.0
CHEMBL294498,C=CC[N+](C)(C)Cc1cccc(O)c1.[Br-],10000.0,inactive,272.18600000000004,-0.8413999999999988,1.0,1.0
CHEMBL300170,COc1ccc(C(=O)CCc2ccc([N+](C)(C)Cc3ccccc3)cc2)cc1OC.[Br-],1300.0,intermediate,484.4340000000001,2.2904,0.0,3.0
CHEMBL61312,C=CC[N+](C)(C)c1cccc(O)c1.[Br-],3000.0,intermediate,258.159,-0.8508999999999998,1.0,1.0
CHEMBL293268,COc1cccc(C[N+](C)(C)Cc2ccccc2)c1.[Br-],10000.0,inactive,336.27299999999997,0.4758000000000002,0.0,1.0
CHEMBL293751,COc1cccc([N+](C)(C)Cc2ccccc2)c1.[Br-],10000.0,inactive,322.246,0.46629999999999994,0.0,1.0
CHEMBL59192,C=CC[N+](C)(C)c1cccc(OC(C)=O)c1.[Br-],1000.0,active,300.19599999999997,-0.6311999999999989,0.0,2.0
CHEMBL300176,COc1cccc(C[N+](C)(C)C)c1.[Br-],10000.0,inactive,260.17499999999995,-1.094599999999998,0.0,1.0
CHEMBL61905,COc1ccccc1[N+](C)(C)Cc1ccccc1.[Br-],10000.0,inactive,322.246,0.46629999999999994,0.0,1.0
CHEMBL58511,C=CC[N+](C)(C)c1ccc(OCC(=O)c2ccc(OC)c(OC)c2)cc1.[Br-],10000.0,inactive,436.34600000000006,0.7224000000000006,0.0,4.0
CHEMBL59074,COc1ccc(C(=O)CCc2cccc([N+](C)(C)Cc3ccccc3)c2)cc1OC.[Br-],1040.0,intermediate,484.43400000000014,2.2904,0.0,3.0
CHEMBL294674,C=C(C)C[N+](C)(C)c1ccccc1O.[Br-],10000.0,inactive,272.186,-0.46080000000000004,1.0,1.0
CHEMBL57842,C=CC[N+](C)(C)c1ccc(OC)cc1.[Br-],10000.0,inactive,272.186,-0.5478999999999994,0.0,1.0
CHEMBL299898,CC(=O)Oc1ccccc1[N+](C)(C)Cc1ccccc1.[Br-],10000.0,inactive,350.256,0.383,0.0,2.0
CHEMBL60596,C=CC[N+](C)(C)c1ccccc1O.[Br-],1850.0,intermediate,258.159,-0.8508999999999998,1.0,1.0
CHEMBL62031,COc1ccc(C(=O)COc2cccc([N+](C)(C)C)c2)cc1OC.[Br-],10000.0,inactive,410.3080000000001,0.16620000000000124,0.0,4.0
CHEMBL60074,COc1ccc(C(=O)COc2cccc([N+](C)(C)Cc3ccccc3)c2)cc1OC.[Br-],330.0,active,486.4060000000002,1.7366,0.0,4.0
CHEMBL59490,C=CC[N+](C)(C)Cc1cccc(OC)c1.[Br-],10000.0,inactive,286.21299999999997,-0.5383999999999984,0.0,1.0
CHEMBL61180,C[N+](C)(Cc1ccccc1)Cc1cccc(O)c1.[Br-],10000.0,inactive,322.246,0.17280000000000012,1.0,1.0
CHEMBL60180,COc1ccc(C(=O)COc2ccc([N+](C)(C)C)cc2)cc1OC.[Br-],10000.0,inactive,410.30800000000005,0.16620000000000124,0.0,4.0
CHEMBL294152,C=C(C)C[N+](C)(C)c1ccccc1OC.[Br-],10000.0,inactive,286.21299999999997,-0.15779999999999883,0.0,1.0
CHEMBL305386,C=C(C)C[N+](C)(C)c1cccc(OC)c1.[Br-],10000.0,inactive,286.21299999999997,-0.15779999999999883,0.0,1.0
CHEMBL294897,C[N+](C)(Cc1ccccc1)c1ccc(O)cc1.[Br-],10000.0,inactive,308.219,0.16329999999999983,1.0,1.0
CHEMBL58190,CC(=O)Oc1cccc([N+](C)(C)Cc2ccccc2)c1.[Br-],10000.0,inactive,350.256,0.383,0.0,2.0
CHEMBL60745,CC[N+](C)(C)c1cccc(O)c1.[Br-],3960.0,intermediate,246.14799999999997,-1.0169999999999997,1.0,1.0
CHEMBL58252,C=CC[N+](C)(C)c1ccc(O)cc1.[Br-],10000.0,inactive,258.159,-0.8508999999999998,1.0,1.0
CHEMBL58194,C=CC[N+](C)(C)c1ccccc1OC.[Br-],1000.0,active,272.186,-0.5478999999999994,0.0,1.0
CHEMBL61126,C=C(C)C[N+](C)(C)c1cccc(O)c1.[Br-],10000.0,inactive,272.186,-0.4608000000000001,1.0,1.0
CHEMBL294251,COc1ccc(C(=O)CCc2cccc([N+](C)(C)C)c2)cc1OC.[Br-],10000.0,inactive,408.33600000000007,0.72,0.0,3.0
CHEMBL60874,C[N+](C)(Cc1ccccc1)c1cccc(O)c1.[Br-],10000.0,inactive,308.219,0.16330000000000006,1.0,1.0
CHEMBL294292,C=C(C)C[N+](C)(C)c1ccc(O)cc1.[Br-],10000.0,inactive,272.186,-0.4608000000000001,1.0,1.0
CHEMBL299435,C[C@@H]1C(=O)N(C(=O)C2CC2)[C@H]2CCN(C(=O)[C@@H]3CCCN3S(=O)(=O)c3cccc4c(N(C)C)cccc34)[C@H]12,100000.0,inactive,538.6700000000002,2.4433000000000007,0.0,6.0
CHEMBL305670,CNC(=O)Oc1ccc2c(c1)[C@]1(C)CCN[C@@H]1N2C,23.0,active,261.325,1.4317,2.0,4.0
CHEMBL75729,CNC(=O)Oc1ccc2c(c1)[C@]1(C)CCN(CCc3ccccc3)[C@@H]1N2C,150.0,active,365.477,3.3868000000000027,1.0,4.0
CHEMBL74950,COc1ccc(NC(=O)Oc2ccc3c(c2)[C@]2(C)CCN(C)[C@@H]2N3C)cc1,230.0,active,367.4490000000001,3.675200000000002,1.0,5.0
CHEMBL74107,CCCCCCCCNC(=O)Oc1ccc2c(c1)[C@]1(C)CCN(C)[C@@H]1N2C,15.0,active,373.54100000000017,4.5046000000000035,1.0,4.0
CHEMBL301610,CC(=O)N1C(=O)[C@@H](C)[C@@H]2[C@@H]1CCN2C(=O)[C@@H]1CCCN1S(=O)(=O)c1cccc2c(N(C)C)cccc12,100000.0,inactive,512.6320000000002,2.053200000000001,0.0,6.0
CHEMBL74257,CNC(=O)Oc1ccc2c(c1)[C@]1(C)CCN(Cc3ccccc3)[C@@H]1N2C,190.0,active,351.45,3.3443000000000023,1.0,4.0
CHEMBL307721,C=CCN1CC[C@@]2(C)c3cc(OC(=O)NC)ccc3N(C)[C@@H]12,32.0,active,301.39000000000004,2.3301000000000007,1.0,4.0
CHEMBL308503,CN1CC[C@@]2(C)c3cc(OC(=O)NC(C)(C)C)ccc3N(C)[C@@H]12,32000.0,inactive,317.43300000000005,2.9426000000000014,1.0,4.0
CHEMBL308043,CN(C)C(=O)Oc1ccc2c(c1)[C@]1(C)CCN(C)[C@@H]1N2C,310.0,active,289.37899999999996,2.1161000000000003,0.0,4.0
CHEMBL74926,CN1CC[C@@]2(C)c3cc(OC(=O)Nc4ccccc4)ccc3N(C)[C@@H]12,36.0,active,337.42300000000006,3.6666000000000025,1.0,4.0
CHEMBL340542,COc1ccc(C(=O)n2cc(/C=C3\CN(Cc4ccccc4)CCC3=O)c3ccccc32)cc1,70000.0,inactive,450.5380000000002,5.196800000000005,0.0,4.0
CHEMBL128894,O=C1CCN(Cc2ccccc2)C/C1=C\c1cccn1C(=O)c1ccccc1,30000.0,inactive,370.4520000000001,4.035000000000004,0.0,3.0
CHEMBL340866,O=C1/C(=C/c2ccc[nH]2)CN(Cc2ccccc2)C/C1=C\c1ccc[nH]1,18000.0,inactive,343.43,3.894700000000002,2.0,2.0
CHEMBL337002,N#Cc1ccc(C(=O)n2cc(/C=C3\CN(Cc4ccccc4)CCC3=O)c3ccccc32)cc1,20000.0,inactive,445.5220000000002,5.059880000000004,0.0,4.0
CHEMBL422971,O=C1/C(=C/c2cc[nH]c2)CN(Cc2ccccc2)C/C1=C\c1cc[nH]c1,6000.0,intermediate,343.43,3.894700000000002,2.0,2.0
CHEMBL340854,O=C1CCN(Cc2ccccc2)C/C1=C\c1c[nH]c2ccc(OCc3ccccc3)cc12,25000.0,inactive,422.5280000000002,5.605300000000005,1.0,3.0
CHEMBL340599,O=C1CCN(Cc2ccccc2)C/C1=C\c1cn(C(=O)c2ccc(Cl)cc2)c2ccccc12,50000.0,inactive,454.9570000000001,5.841600000000005,0.0,3.0
CHEMBL128292,O=C1CCN(Cc2ccccc2)C/C1=C\c1cn(C(=O)c2ccc([N+](=O)[O-])cc2)c2ccccc12,50000.0,inactive,465.5090000000002,5.0964000000000045,0.0,5.0
CHEMBL348318,CN1CCC(C2Cc3ccccc3C2=O)CC1,3300.0,intermediate,229.32299999999995,2.383400000000001,0.0,2.0
CHEMBL263322,CN1CCC(CCCC2Cc3ccccc3C2=O)CC1,1.5,active,271.40400000000005,3.5537000000000027,0.0,2.0
CHEMBL340216,COc1ccc2[nH]cc(/C=C3\CN(Cc4ccccc4)CCC3=O)c2c1,6000.0,intermediate,346.4300000000001,4.034900000000003,1.0,3.0
CHEMBL131286,O=C1CCN(Cc2ccccc2)C/C1=C\c1cn(C(=O)c2ccc(F)cc2)c2ccccc12,60000.0,inactive,438.5020000000001,5.327300000000005,0.0,3.0
CHEMBL131318,COc1ccc2c(c1)c(/C=C1\CN(Cc3ccccc3)CCC1=O)cn2C(=O)c1ccccc1,80000.0,inactive,450.53800000000024,5.196800000000004,0.0,4.0
CHEMBL340929,CC(C)(C)OC(=O)n1cc(/C=C2\CN(Cc3ccccc3)CCC2=O)c2ccccc21,30000.0,inactive,416.5210000000002,5.282900000000005,0.0,4.0
CHEMBL156157,CN1CCN(CC2Cc3ccccc3C2=O)CC1,94.0,active,244.33799999999997,1.289,0.0,3.0
CHEMBL129684,CC(=O)n1cc(/C=C2\CN(Cc3ccccc3)CCC2=O)c2ccccc21,11000.0,inactive,358.4410000000001,4.159800000000003,0.0,3.0
CHEMBL155121,CC1CCN(Cc2cccc3ccccc23)CC1,220.0,active,239.36199999999997,4.071700000000003,0.0,1.0
CHEMBL153865,CN1CCC(C[C@@H]2Cc3ccccc3C2=O)CC1,5.3,active,243.34999999999997,2.773500000000001,0.0,2.0
CHEMBL157410,CN1CCC(CC2=Cc3ccccc3C2)CC1,4400.0,intermediate,227.35099999999997,3.3580000000000023,0.0,1.0
CHEMBL155945,CN1CCC(CC/C=C2\Cc3ccccc3C2=O)CC1,0.82,active,269.388,3.4738000000000024,0.0,2.0
CHEMBL158232,CC1CCN(Cc2ccccc2)CC1,5.3,active,189.30199999999996,2.9185000000000016,0.0,1.0
CHEMBL340409,O=C1CCN(Cc2ccccc2)C/C1=C\c1ccc[nH]1,11000.0,inactive,266.344,2.873100000000001,1.0,2.0
CHEMBL335329,O=C1CCN(Cc2ccccc2)C/C1=C\c1ccn(C(=O)c2ccccc2)c1,30000.0,inactive,370.4520000000001,4.035000000000004,0.0,3.0
CHEMBL155768,CC1CCN(C(=O)c2ccccc2)CC1,10000.0,inactive,203.28499999999997,2.558700000000001,0.0,1.0
CHEMBL130831,O=C1CCN(Cc2ccccc2)C/C1=C\c1cn(C(=O)c2ccccc2)c2ccccc12,70000.0,inactive,420.5120000000001,5.188200000000005,0.0,3.0
CHEMBL155746,CN1CCC(/C=C/C=C2\Cc3ccccc3C2=O)CC1,3.0,active,267.37199999999996,3.2498000000000022,0.0,2.0
CHEMBL347354,CC1CCN(Cc2ccccc2[N+](=O)[O-])CC1,160.0,active,234.29899999999995,2.8267000000000007,0.0,3.0
CHEMBL130738,Cc1[nH]c(C)c(/C=C2\CN(Cc3ccccc3)CCC2=O)c1C=O,30000.0,inactive,322.4080000000001,3.3024400000000025,1.0,3.0
CHEMBL158174,Cc1ccccc1CN1CCC(C)CC1,10.0,active,203.32899999999995,3.2269200000000016,0.0,1.0
CHEMBL345241,CC1CCN(CC2CCCCC2)CC1,8.9,active,195.34999999999994,3.298600000000002,0.0,1.0
CHEMBL156763,CC1CCN(CC2Cc3ccccc3C2=O)CC1,480.0,active,243.34999999999997,2.773500000000001,0.0,2.0
CHEMBL343237,CC1CCN(CCc2ccccc2)CC1,180.0,active,203.32899999999998,2.961000000000001,0.0,1.0
CHEMBL345905,CN1CCC(C[C@H]2Cc3ccccc3C2=O)CC1,7.7,active,243.34999999999997,2.773500000000001,0.0,2.0
CHEMBL128172,O=C1CCN(Cc2ccccc2)C/C1=C\c1c[nH]c2ccccc12,8000.0,intermediate,316.40400000000005,4.026300000000003,1.0,2.0
CHEMBL157017,CN1CCC(=C2Cc3ccccc3C2=O)CC1,1200.0,intermediate,227.30699999999996,2.4476000000000004,0.0,2.0
CHEMBL155128,CC1CCN(Cc2ccc3ccccc3c2)CC1,2900.0,intermediate,239.36199999999997,4.071700000000003,0.0,1.0
CHEMBL345847,CN1CCC(CCN2C(=O)c3ccccc3C2=O)CC1,0.9,active,272.34800000000007,2.0145,0.0,3.0
CHEMBL158252,CN1CCC(CCC2C(=O)Nc3ccccc3C2=O)CC1,4.2,active,286.3750000000001,2.5596000000000005,1.0,3.0
CHEMBL156874,CN1CCC(/C=C2\Cc3ccccc3C2=O)CC1,8.4,active,241.33399999999997,2.693600000000001,0.0,2.0
CHEMBL341251,O=C1CCN(Cc2ccccc2)C/C1=C\c1cc[nH]c1,6000.0,intermediate,266.344,2.873100000000001,1.0,2.0
CHEMBL445124,O=C1CCN(Cc2ccccc2)C/C1=C\c1cn(Cc2ccccc2)c2ccccc12,100000.0,inactive,406.5290000000001,5.548000000000005,0.0,2.0
CHEMBL92142,c1ccc(CN2CCC(CCc3nccc4ccccc34)CC2)cc1,219.79,active,330.47500000000014,5.079600000000005,0.0,2.0
CHEMBL553187,CN(CCCCCNc1ccc(-c2ccccc2)nn1)Cc1ccccc1.Cl,930.0,active,396.96600000000007,5.279600000000006,1.0,4.0
CHEMBL130956,Cc1ccc(NC(=O)Oc2ccc3c(c2)[C@]2(C)CCN(C)[C@@H]2N3C)cc1,140.0,active,351.45000000000005,3.9750200000000024,1.0,4.0
CHEMBL93936,c1ccc(CN2CCC(CCc3noc4cc(N5CCOCC5)ccc34)CC2)cc1,0.7998,active,405.54200000000026,4.509200000000004,0.0,5.0
CHEMBL335167,CCc1cccc(CC)c1NC(=O)Oc1ccc2c(c1)[C@]1(C)CCN(C)[C@@H]1N2C,1500.0,intermediate,393.5310000000002,4.791400000000004,1.0,4.0
CHEMBL92629,c1ccc(CN2CCC(CNc3noc4ccccc34)CC2)cc1,319.89,active,321.42400000000015,4.151900000000003,1.0,4.0
CHEMBL130270,CC(C)c1ccccc1NC(=O)Oc1ccc2c(c1)[C@]1(C)CCN(C)[C@@H]1N2C,15.0,active,379.50400000000013,4.7900000000000045,1.0,4.0
CHEMBL340867,Cc1cccc(C)c1NC(=O)Oc1ccc2c(c1)[C@]1(C)CCN(C)[C@@H]1N2C,785.0,active,365.47700000000015,4.283440000000003,1.0,4.0
CHEMBL330004,Brc1ccc2c(CCC3CCN(Cc4ccccc4)CC3)noc2c1,50.0,active,399.33200000000005,5.435100000000005,0.0,3.0
CHEMBL93123,O=C(Nc1ccc2c(CCC3CCN(Cc4ccccc4)CC3)noc2c1)c1ccccc1,9.397,active,439.55900000000014,5.924900000000005,1.0,4.0
CHEMBL420625,Nc1ccc2c(CCC3CCN(Cc4ccccc4)CC3)noc2c1,20.0,active,335.45100000000014,4.254800000000004,1.0,4.0
CHEMBL92460,c1ccc(CN2CCC(CCc3noc4ccccc34)CC2)cc1,54.95,active,320.4360000000001,4.6726000000000045,0.0,3.0
CHEMBL340391,CCc1ccccc1NC(=O)Oc1ccc2c(c1)[C@]1(C)CCN(C)[C@@H]1N2C,10.0,active,365.47700000000015,4.229000000000004,1.0,4.0
CHEMBL92955,O=S(=O)(Nc1ccc2c(CCC3CCN(Cc4ccccc4)CC3)noc2c1)c1ccccc1,14.0,active,475.61400000000015,5.473400000000005,1.0,5.0
CHEMBL131210,Cc1cc(C)cc(NC(=O)Oc2ccc3c(c2)[C@]2(C)CCN(C)[C@@H]2N3C)c1,78.0,active,365.47700000000015,4.283440000000003,1.0,4.0
CHEMBL126939,C(=C/C1CCN(Cc2ccccc2)CC1)\c1noc2ccccc12,209.89,active,318.42,4.753200000000004,0.0,3.0
CHEMBL329531,c1ccc(CN2CCC(CCc3ncnc4ccccc34)CC2)cc1,340.41,active,331.46300000000014,4.474600000000004,0.0,3.0
CHEMBL418955,COc1ccc2c(CCC3CCN(Cc4ccccc4)CC3)noc2c1,8.299,active,350.4620000000001,4.681200000000004,0.0,4.0
CHEMBL92663,NC(=O)c1ccc2c(CCC3CCN(Cc4ccccc4)CC3)noc2c1,8.79,active,363.46100000000007,3.771500000000003,1.0,4.0
CHEMBL131598,Cc1cccc(NC(=O)Oc2ccc3c(c2)[C@]2(C)CCN(C)[C@@H]2N3C)c1,28.0,active,351.4500000000001,3.9750200000000033,1.0,4.0
CHEMBL543711,Cl.c1ccc(-c2ccc(NCCCCCN3CCc4ccccc4C3)nn2)cc1,47000.0,inactive,408.9770000000001,5.205900000000004,1.0,4.0
CHEMBL335962,Cc1cccc(NC(=O)Oc2ccc3c(c2)[C@]2(C)CCN(C)[C@@H]2N3C)c1C,23.0,active,365.47700000000015,4.283440000000004,1.0,4.0
CHEMBL131825,CN(C(=O)Oc1ccc2c(c1)[C@]1(C)CCN(C)[C@@H]1N2C)c1ccccc1,690.0,active,351.45000000000005,3.6909000000000027,0.0,4.0
CHEMBL93619,COc1cccc2c(CCC3CCN(Cc4ccccc4)CC3)noc12,7.096,active,350.4620000000001,4.681200000000004,0.0,4.0
CHEMBL134251,CNC(=O)Oc1cc2c(cc1C)N(C)[C@H]1N(C)CC[C@@]21C,10000.0,inactive,289.3790000000001,2.08232,1.0,4.0
CHEMBL337675,Cc1ccc(C)c(NC(=O)Oc2ccc3c(c2)[C@]2(C)CCN(C)[C@@H]2N3C)c1,26.0,active,365.47700000000015,4.283440000000003,1.0,4.0
CHEMBL94186,COc1ccc2onc(CCC3CCN(Cc4ccccc4)CC3)c2c1,7.194,active,350.46200000000005,4.681200000000005,0.0,4.0
CHEMBL92463,Oc1ccc2c(CCC3CCN(Cc4ccccc4)CC3)noc2c1,26.0,active,336.4350000000001,4.378200000000004,1.0,4.0
CHEMBL335220,Cc1ccc(NC(=O)Oc2ccc3c(c2)[C@]2(C)CCN(C)[C@@H]2N3C)c(C)c1,14.0,active,365.4770000000001,4.283440000000003,1.0,4.0
CHEMBL130363,Cc1cc(C)c(NC(=O)Oc2ccc3c(c2)[C@]2(C)CCN(C)[C@@H]2N3C)c(C)c1,1300.0,intermediate,379.50400000000013,4.591860000000004,1.0,4.0
CHEMBL92958,c1ccc(CN2CCC(CCc3n[nH]c4ccccc34)CC2)cc1,119.95,active,319.4520000000001,4.407700000000004,1.0,2.0
CHEMBL130672,Cc1ccc(NC(=O)Oc2ccc3c(c2)[C@]2(C)CCN(C)[C@@H]2N3C)cc1C,31.0,active,365.4770000000001,4.283440000000003,1.0,4.0
CHEMBL94059,c1ccc(CN2CCC(COc3noc4ccccc34)CC2)cc1,2582.26,intermediate,322.40800000000013,4.118800000000004,0.0,4.0
CHEMBL132531,Cc1cc2c(cc1OC(=O)Nc1ccccc1)[C@]1(C)CCN(C)[C@@H]1N2C,260.0,active,351.45000000000016,3.9750200000000033,1.0,4.0
CHEMBL132285,CN(C)Cc1cc2c(cc1OC(=O)Nc1ccccc1)[C@]1(C)CCN(C)[C@@H]1N2C,2500.0,intermediate,394.5190000000002,3.728200000000003,1.0,5.0
CHEMBL433379,Cc1ccc2onc(CCC3CCN(Cc4ccccc4)CC3)c2c1,7.798,active,334.4630000000001,4.981020000000005,0.0,3.0
CHEMBL129837,CC(C)c1ccc(NC(=O)Oc2ccc3c(c2)[C@]2(C)CCN(C)[C@@H]2N3C)cc1,760.0,active,379.50400000000013,4.7900000000000045,1.0,4.0
CHEMBL328102,c1ccc(CN2CCC(CCc3nsc4ccccc34)CC2)cc1,97.72,active,336.50400000000013,5.141100000000005,0.0,3.0
CHEMBL130458,Cc1ccccc1NC(=O)Oc1ccc2c(c1)[C@]1(C)CCN(C)[C@@H]1N2C,10.0,active,351.4500000000001,3.9750200000000033,1.0,4.0
CHEMBL92775,N#Cc1ccc2c(CCC3CCN(Cc4ccccc4)CC3)noc2c1,100.93,active,345.44600000000014,4.544280000000004,0.0,4.0
CHEMBL92736,CC(=O)Nc1ccc2c(CCC3CCN(Cc4ccccc4)CC3)noc2c1,2.799,active,377.48800000000006,4.631000000000004,1.0,4.0
CHEMBL91291,Cc1cc2onc(CCC3CCN(Cc4ccccc4)CC3)c2cc1C,5.794,active,348.4900000000002,5.289440000000005,0.0,3.0
CHEMBL413765,CCCCCCNC(=O)Oc1ccc2c(c1)[C@]1(C)CCN(CC)[C@@H]1C2,20.0,active,344.4990000000002,4.263300000000004,1.0,3.0
CHEMBL359198,CCCCCCNC(=O)Oc1ccc2c(c1)[C@@]1(C)CCN(CC)[C@H]1C2,233.0,active,344.4990000000002,4.263300000000004,1.0,3.0
CHEMBL609671,CCCCNC(=O)Oc1ccc2c(c1)[C@]1(C)CCN(C)C1N2C,152.0,active,317.433,2.9442000000000013,1.0,4.0
CHEMBL609672,CC(C)NC(=O)Oc1ccc2c(c1)[C@]1(C)CCN(C)C1N2C,35000.0,inactive,303.406,2.552500000000001,1.0,4.0
CHEMBL612098,CCN(CC)C(=O)Oc1ccc2c(c1)[C@]1(C)CCN(C)C1N2C,40000.0,inactive,317.433,2.896300000000001,0.0,4.0
CHEMBL612099,CN(C(=O)NCc1ccccc1)C(=O)Oc1ccc2c(c1)[C@]1(C)CCN(C)C1N2C,6300.0,intermediate,408.50200000000024,3.3961000000000023,1.0,5.0
CHEMBL612100,CN1CC[C@@]2(C)c3cc(OC(=O)NCc4ccccc4)ccc3N(C)C12,460.0,active,351.45000000000005,3.3443000000000023,1.0,4.0
CHEMBL539109,CNC(=O)Oc1ccc2c(c1)[C@]1(C)CC[N+](C)(C)C1N2C.COS(=O)(=O)[O-],34.0,active,401.48500000000007,1.011500000000001,1.0,7.0
CHEMBL609409,CN1CC[C@@]2(C)c3cc(OC(=O)Nc4ccc(Cl)cc4)ccc3N(C)C12,1800.0,intermediate,371.8680000000001,4.320000000000003,1.0,4.0
CHEMBL609149,CN(C)C(=O)Oc1ccc2c(c1)[C@]1(C)CCN(C)C1N2C,970.0,active,289.37899999999996,2.1161000000000003,0.0,4.0
CHEMBL609150,CCCCCCCCNC(=O)Oc1ccc2c(c1)[C@]1(C)CCN(C)C1N2C,110.0,active,373.54100000000017,4.5046000000000035,1.0,4.0
CHEMBL140020,C=CC[N+](C)(C)c1ccc(CCC(=O)CCc2ccc([N+](C)(C)CC=C)cc2)cc1,8.0,active,406.6140000000001,5.3269000000000055,0.0,1.0
CHEMBL609668,COc1ccc(NC(=O)Oc2ccc3c(c2)[C@]2(C)CCN(C)C2N3C)cc1,1700.0,intermediate,367.4490000000001,3.675200000000002,1.0,5.0
CHEMBL542467,CNC(=O)Oc1cccc(CN(C)CCCCCCCCCOc2ccc3c(=O)c4ccccc4oc3c2)c1.Cl,11.7,active,567.1260000000003,7.327700000000008,1.0,6.0
CHEMBL540833,CNC(=O)Oc1ccc2c(c1)CN(CCCOc1ccc3c(=O)c4ccccc4oc3c1)CC2.Cl,12.4,active,494.9750000000002,4.9134000000000055,1.0,6.0
CHEMBL127465,CN(CCCOc1ccc2c(=O)c3ccccc3oc2c1)Cc1cccc(OC(=O)NCCCCCCCCN2CCOCC2)c1,27.4,active,629.798,6.608300000000006,1.0,8.0
CHEMBL340427,CNC(=O)Oc1cccc(CN(C)CCCOc2ccc3c(=O)c4ccccc4oc3c2)c1,0.3,active,446.5030000000001,4.565300000000004,1.0,6.0
CHEMBL544592,CNC(=O)Oc1cccc(CN(C)CCCOc2ccc(C(=O)c3ccccc3)cc2)c1.Cl,5.4,active,468.98100000000005,4.958500000000005,1.0,5.0
CHEMBL124933,CNC(=O)Oc1cccc(CN(C)CCCCCCOc2ccc3c(=O)c4ccccc4oc3c2)c1,1.4,active,488.5840000000002,5.735600000000006,1.0,6.0
CHEMBL542220,CNC(=O)Oc1cccc(CN(C)CCCOc2ccc3ccccc3c2)c1.Cl,82.6,active,414.93299999999994,4.880700000000005,1.0,4.0
CHEMBL127857,CN(CCCOc1ccc2c(=O)c3ccccc3oc2c1)Cc1cccc(OC(=O)NCCCCCCCCCN2CCOCC2)c1,29.3,active,643.8249999999999,6.998400000000007,1.0,8.0
CHEMBL557405,CNC(=O)Oc1cccc(CN(C)CCCCCCCCOc2ccc3c(=O)c4ccccc4oc3c2)c1.Cl,6.8,active,553.0990000000003,6.937600000000008,1.0,6.0
CHEMBL340228,CN(CCCOc1ccc2c(=O)c3ccccc3oc2c1)Cc1cccc(OC(=O)NCCCCCCN2CCOCC2)c1,21.1,active,601.7440000000001,5.828100000000005,1.0,8.0
CHEMBL544126,CNC(=O)Oc1cccc(CN(C)CCCOc2cccc(Cc3ccccc3)c2)c1.Cl,24.7,active,454.998,5.318300000000006,1.0,4.0
CHEMBL543655,CNC(=O)Oc1cccc(CN(C)CCCCCCCOc2ccc3c(=O)c4ccccc4oc3c2)c1.Cl,0.32,active,539.0720000000002,6.547500000000007,1.0,6.0
CHEMBL124156,CNC(=O)Oc1cccc(CN(C)CCCOc2ccc(-c3ccccc3)cc2)c1,54.6,active,404.51,4.972700000000005,1.0,4.0
CHEMBL340171,CN(CCCOc1ccc2c(=O)c3ccccc3oc2c1)Cc1cccc(OC(=O)NCCCCCCCN2CCOCC2)c1,26.2,active,615.7710000000001,6.218200000000006,1.0,8.0
CHEMBL539045,CNC(=O)Oc1cccc(CN(C)CCCOc2ccccc2)c1.Cl,79.6,active,364.8729999999999,3.727500000000003,1.0,4.0
CHEMBL553803,CNC(=O)Oc1cccc(CN(C)CC#CCOc2ccc3c(=O)c4ccccc4oc3c2)c1.Cl,210.0,active,492.9590000000001,4.600400000000005,1.0,6.0
CHEMBL544823,CNC(=O)Oc1cccc(CN(C)CCCCCCCCCCOc2ccc3c(=O)c4ccccc4oc3c2)c1.Cl,21.8,active,581.1530000000004,7.717800000000009,1.0,6.0
CHEMBL99581,CNC(=O)Oc1ccc2c(c1)[C@]1(C)CCN(C)C1N2C=O,387.5,active,289.335,1.3005,1.0,4.0
CHEMBL174228,CCN(CCCCCC(=O)N(C)CCCCCCCCN(C)C(=O)CCCCCN(CC)Cc1ccccc1C)Cc1ccccc1C,56.23,active,663.0480000000002,9.025640000000005,0.0,4.0
CHEMBL173935,CC[N+](C)(CCCCCC(=O)N(C)CCCCCCCCN(C)C(=O)CCCCC[N+](C)(CC)Cc1ccccc1Cl)Cc1ccccc1Cl,19.5,active,733.9540000000004,10.004799999999998,0.0,2.0
CHEMBL176521,CC[N+](C)(CCCCCC(=O)N(CCCCCCCCN(C(=O)CCCCC[N+](C)(CC)Cc1ccccc1OC)C(C)C)C(C)C)Cc1ccccc1OC,8.128,active,781.2240000000002,10.272399999999998,0.0,4.0
CHEMBL319541,CN1CC[C@@]2(C)c3cc(OC(=O)Nc4ccccc4)ccc3N(Cc3ccccc3)C12,245.3,active,413.52100000000013,5.2370000000000045,1.0,4.0
CHEMBL79012,COc1ccc(CN(C)CCCCCC(=O)N(C)CCCCCCCCN(C)C(=O)CCCCCN(C)Cc2ccc(OC)cc2)cc1,5754.4,intermediate,666.9920000000004,7.64580000000001,0.0,6.0
CHEMBL99655,CN1CC[C@]2(C)c3cc(OC(=O)Nc4ccccc4)ccc3N(Cc3ccccc3)C12,11223.0,inactive,413.52100000000013,5.2370000000000045,1.0,4.0
CHEMBL317162,CNC(=O)Oc1ccc2c(c1)[C@@]1(C)CCN(C)C1N2Cc1ccccc1,2847.5,intermediate,351.45000000000005,3.3443000000000023,1.0,4.0
CHEMBL143055,CCN(CCCCCC(=O)N(CCCCCCCCN(C(=O)CCCCCN(CC)Cc1ccccc1OC)C(C)C)C(C)C)Cc1ccccc1OC,18.2,active,751.1540000000001,9.983199999999998,0.0,6.0
CHEMBL609977,CC[N+](C)(CCCCCC(=O)N(C)CCCCCCCCN(C)C(=O)CCCCC[N+](C)(CC)Cc1ccccc1[N+](=O)[O-])Cc1ccccc1[N+](=O)[O-].[I-].[I-],12.3,active,1008.8660000000004,2.5224000000000073,0.0,6.0
CHEMBL174710,COc1ccccc1CN(CCCCCC(=O)N(C)CCCCCCCCN(C)C(=O)CCCCCN(Cc1ccccc1OC)C(C)C)C(C)C,72.44,active,723.1000000000003,9.203000000000005,0.0,6.0
CHEMBL176773,COc1cccc(CN(C)CCCCCC(=O)N(C)CCCCCCCCN(C)C(=O)CCCCCN(C)Cc2cccc(OC)c2)c1,676.08,active,666.9920000000004,7.645800000000009,0.0,6.0
CHEMBL174046,CC[N+](C)(CCCCCC(=O)N(C)CCCCCCCCN(C)C(=O)CCCCC[N+](C)(CC)Cc1ccccc1C(F)(F)F)Cc1ccccc1C(F)(F)F,11.75,active,801.0580000000007,10.735599999999994,0.0,2.0
CHEMBL176308,CCN(CCCCCC(=O)N(C)CCCCCCCCN(C)C(=O)CCCCCN(CC)Cc1ccccc1[N+](=O)[O-])Cc1ccccc1[N+](=O)[O-],794.33,active,724.9880000000003,8.22520000000001,0.0,8.0
CHEMBL137059,CC[N+](C)(CCCCCC(=O)N(C)CCCCCCCCN(C)C(=O)CCCCC[N+](C)(CC)Cc1ccccc1)Cc1ccccc1,37.15,active,665.0640000000005,8.698000000000006,0.0,2.0
CHEMBL263785,CCCOc1ccccc1C[N+](C)(CC)CCCCCC(=O)N(C)CCCCCCCCN(C)C(=O)CCCCC[N+](C)(CC)Cc1ccccc1OCCC,17.38,active,781.2239999999997,10.275599999999999,0.0,4.0
CHEMBL173607,CC[N+](C)(CCCCCC(=O)N(C)CCCCCCCCN(C)C(=O)CCCCC[N+](C)(CC)Cc1ccccc1C)Cc1ccccc1C,16.6,active,693.1180000000004,9.314840000000002,0.0,2.0
CHEMBL368075,CCCOc1ccccc1CN(CC)CCCCCC(=O)N(C)CCCCCCCCN(C)C(=O)CCCCCN(CC)Cc1ccccc1OCCC,33.88,active,751.1539999999998,9.9864,0.0,6.0
CHEMBL100366,CN1CC[C@@]2(C)c3cc(OC(=O)Nc4ccccc4)ccc3N(C=O)C12,780.4,active,351.40600000000006,3.193200000000002,1.0,4.0
CHEMBL173136,CCN(CCCCCC(=O)N(C)CCCCCCCCN(C)C(=O)CCCCCN(CC)Cc1ccccc1C(F)(F)F)Cc1ccccc1C(F)(F)F,4570.88,intermediate,770.9880000000005,10.446399999999997,0.0,4.0
CHEMBL173309,CCN(CCCCCC(=O)N(C)CCCCCCCCN(C)C(=O)CCCCCN(CC)Cc1ccccc1OC)Cc1ccccc1OC,18.62,active,695.0460000000003,8.426000000000007,0.0,6.0
CHEMBL175047,CCN(CCCCCCOCCCCCCCCOCCCCCCN(CC)Cc1ccccc1OC)Cc1ccccc1OC,204.17,active,640.9940000000003,9.542400000000002,0.0,6.0
CHEMBL176585,CCN(CCCCCC(=O)N(C)CCCCCCCCN(C)C(=O)CCCCCN(CC)Cc1ccccc1)Cc1ccccc1,48.98,active,634.9940000000004,8.408800000000008,0.0,4.0
CHEMBL99414,CNC(=O)Oc1ccc2c(c1)[C@@]1(C)CCN(C)C1N2,2193.5,intermediate,261.32499999999993,1.7496,2.0,4.0
CHEMBL177052,CCN(CCCCCC(=O)N(C)CCCCCCCCN(C)C(=O)CCCCCN(CC)Cc1ccccc1Cl)Cc1ccccc1Cl,112.2,active,703.8840000000002,9.715600000000002,0.0,4.0
CHEMBL172442,CC[N+](C)(CCCCCCOCCCCCCCCOCCCCCC[N+](C)(CC)Cc1ccccc1OC)Cc1ccccc1OC,77.62,active,671.0640000000003,9.831600000000002,0.0,4.0
CHEMBL173018,CC[N+](C)(CCCCCC(=O)N(C)CCCCCCCCN(C)C(=O)CCCCC[N+](C)(CC)Cc1ccccc1OC)Cc1ccccc1OC,12.02,active,725.1160000000004,8.715200000000006,0.0,4.0
CHEMBL99284,CN1CC[C@]2(C)c3cc(OC(=O)Nc4ccccc4)ccc3NC12,5654.5,intermediate,323.396,3.6423000000000014,2.0,4.0
CHEMBL59730,Nc1c2c(nc3cc(Cl)ccc13)-c1ccccc1C2,6606.93,intermediate,266.73100000000005,4.041600000000002,1.0,2.0
CHEMBL59782,CCCCCCCNc1c2c(nc3cc(Cl)ccc13)CCCC2,13.0,active,330.9030000000002,6.1493000000000055,1.0,2.0
CHEMBL25629,C[C@]12CC[C@H](O)[C@@](C)(CO)C1C[C@H](O)[C@@]1(C)Oc3cc(-c4cccnc4)oc(=O)c3C(=O)C21,35000.0,inactive,455.5070000000002,2.1921999999999997,3.0,8.0
CHEMBL94546,CN1C(=O)Cc2cc3c(CCC4CCN(Cc5ccccc5)CC4)noc3cc21.CS(=O)(=O)O,0.48,active,485.6060000000002,3.6955000000000027,1.0,6.0
CHEMBL293842,COc1ccc2c(c1)-c1nc3ccccc3c(N)c1C2,4265.8,intermediate,262.312,3.3968000000000007,1.0,3.0
CHEMBL12324,CNC(=O)Oc1ccc2c(c1)OC[C@@H]1CC[N+](C)(C)[C@H]21,1819.7,intermediate,277.34399999999994,1.9346,1.0,3.0
CHEMBL62085,Cc1ccc2nc3c(c(N)c2c1)CCCC3,8100.0,intermediate,212.29599999999994,3.004220000000002,1.0,2.0
CHEMBL61929,COc1cc2nc3c(c(N)c2cc1OC)CCCC3,5200.0,intermediate,258.32099999999997,2.713000000000001,1.0,4.0
CHEMBL294745,Nc1ccc2c(N)c3c(nc2c1)-c1ccccc1C3,28840.32,inactive,247.30100000000002,2.9704000000000015,2.0,3.0
CHEMBL59977,Nc1c2c(nc3ccc([N+](=O)[O-])cc13)CCCC2,3000.0,intermediate,243.2659999999999,2.604000000000001,1.0,4.0
CHEMBL60308,Nc1ccc2nc3c(c(N)c2c1)Cc1ccccc1-3,5888.44,intermediate,247.301,2.9704000000000015,2.0,3.0
CHEMBL61561,CCCCCCCNc1c2c(nc3cc(F)ccc13)CCCC2,45.0,active,314.4480000000002,5.635000000000005,1.0,2.0
CHEMBL11514,CNC(=O)Oc1ccc2c(c1)[C@@H]1[C@@H](CCN1C)CO2,16218.1,inactive,262.30899999999997,1.79,1.0,4.0
CHEMBL329012,O=C(O)/C=C\C(=O)O.O=C1Cc2cc3c(CCC4CCN(Cc5ccccc5)CC4)noc3cc2N1,0.33,active,491.54400000000027,3.8790000000000022,3.0,6.0
CHEMBL60119,Cc1ccc2c(N)c3c(nc2c1)CCCC3,100.0,active,212.29599999999996,3.004220000000002,1.0,2.0
CHEMBL61221,CCCCCCCNc1c2c(nc3cc(C)ccc13)CCCC2,130.0,active,310.4850000000002,5.804320000000006,1.0,2.0
CHEMBL294525,CCCCCCCNc1c2c(nc3cc([N+](=O)[O-])ccc13)CCCC2,290.0,active,341.4550000000002,5.404100000000005,1.0,4.0
CHEMBL274107,CNC(=O)Oc1cccc2c1OC[C@@H]1CCN(C)[C@H]21,22.91,active,262.3089999999999,1.79,1.0,4.0
CHEMBL24457,COc1cccc(-c2cc3c(c(=O)o2)C(=O)C2[C@@]4(C)CC[C@H](O)[C@@](C)(CO)C4C[C@H](O)[C@@]2(C)O3)c1,93000.0,inactive,484.54500000000024,2.8058000000000005,3.0,8.0
CHEMBL268481,CN1CC[C@H]2COc3c(O)cccc3[C@H]21,39810.72,inactive,205.257,1.7773999999999996,1.0,3.0
CHEMBL25524,C[C@]12CC[C@H](O)[C@@](C)(CO)C1C[C@H](O)[C@@]1(C)Oc3cc(-c4ccccn4)oc(=O)c3C(=O)C21,101000.0,inactive,455.5070000000002,2.1921999999999997,3.0,8.0
CHEMBL292121,Nc1c2c(nc3ccccc13)-c1ccc(F)cc1C2,436.52,active,250.27599999999995,3.527300000000001,1.0,2.0
CHEMBL61849,CCCCCCCNc1c2c(nc3ccc(C)cc13)CCCC2,390.0,active,310.4850000000002,5.804320000000005,1.0,2.0
CHEMBL278342,COc1ccc(-c2cc3c(c(=O)o2)C[C@]2(O)[C@@]4(C)C(=O)C=CC(C)(C)[C@]4(O)CC[C@@]2(C)O3)cc1,26.0,active,466.53000000000026,3.4364000000000026,2.0,7.0
CHEMBL25149,C[C@]12CC[C@H](O)[C@@](C)(CO)C1C[C@H](O)[C@@]1(C)Oc3cc(-c4ccc(Cl)nc4)oc(=O)c3C(=O)C21,80000.0,inactive,489.9520000000002,2.845600000000001,3.0,8.0
CHEMBL94217,CC(=O)Nc1ccc2c(CCC3CCN(Cc4ccccc4)CC3)noc2c1.O=C(O)/C=C/C(=O)O,2.8,active,493.5600000000002,4.342800000000002,3.0,6.0
CHEMBL64815,Cc1ccc2nc3c(c(NCc4ccccc4)c2c1)CCCC3,3700.0,intermediate,302.42100000000016,5.034120000000003,1.0,2.0
CHEMBL328468,O=C1Cc2cc3onc(CCC4CCN(Cc5ccccc5)CC4)c3cc2N1,0.95,active,375.4720000000001,4.167200000000003,1.0,4.0
CHEMBL59844,Cc1ccc2c(c1)-c1nc3ccccc3c(N)c1C2,4570.88,intermediate,246.313,3.696620000000001,1.0,2.0
CHEMBL302842,COc1ccc2c(N)c3c(nc2c1)CCCC3,350.0,active,228.29499999999996,2.7044000000000006,1.0,3.0
CHEMBL2113719,O=C(CCCCCCC(=O)NCCCCCCN1CC[C@H]2COc3ccccc3[C@H]21)NCCCCCCN1CC[C@H]2COc3ccccc3[C@H]21,9772.37,intermediate,686.9820000000001,7.59140000000001,2.0,6.0
CHEMBL329231,O=C1CCc2cc3c(CCC4CCN(Cc5ccccc5)CC4)noc3cc2N1,0.57,active,389.49900000000014,4.557300000000004,1.0,4.0
CHEMBL292122,Cc1cccc2c1Cc1c-2nc2ccccc2c1N,3890.45,intermediate,246.31300000000002,3.696620000000002,1.0,2.0
CHEMBL58122,Nc1c2c(nc3cc([N+](=O)[O-])ccc13)-c1ccccc1C2,67608.3,inactive,277.2830000000001,3.296400000000001,1.0,4.0
CHEMBL283509,COc1ccc(-c2cc3c(c(=O)o2)C[C@]2(O)[C@@]4(C)C(=O)C=CC(C)(C)[C@]4(O)CC[C@@]2(C)O3)cc1OC,1.0,active,496.5560000000003,3.445000000000002,2.0,8.0
CHEMBL24686,COc1cc(-c2cc3c(c(=O)o2)C[C@]2(O)[C@@]4(C)C(=O)C=CC(C)(C)[C@]4(O)CC[C@@]2(C)O3)cc(OC)c1OC,8.0,active,526.5820000000003,3.4536000000000024,2.0,9.0
CHEMBL95020,O=C1Cc2c(ccc3c(CCC4CCN(Cc5ccccc5)CC4)noc23)N1,3.6,active,375.47200000000004,4.167200000000003,1.0,4.0
CHEMBL61533,Nc1c2c(nc3cc(F)ccc13)CCCC2,87.0,active,216.25899999999996,2.834900000000001,1.0,2.0
CHEMBL24844,COc1ccc(-c2cc3c(c(=O)o2)C(=O)C2[C@@]4(C)CC[C@H](O)[C@@](C)(CO)C4C[C@H](O)[C@@]2(C)O3)cc1OC,58000.0,inactive,514.5710000000003,2.814400000000001,3.0,9.0
CHEMBL61486,Nc1ccc2nc3c(c(N)c2c1)CCCC3,3800.0,intermediate,213.28399999999993,2.2780000000000005,2.0,3.0
CHEMBL292480,COc1ccc2c(c1)Cc1c-2nc2ccccc2c1N,6456.54,intermediate,262.312,3.3968000000000007,1.0,3.0
CHEMBL61715,Nc1c2c(nc3cc([N+](=O)[O-])ccc13)CCCC2,28.0,active,243.26599999999993,2.604000000000001,1.0,4.0
CHEMBL11833,CNC(=O)Oc1ccc2c(c1)OC[C@@H]1CCN(C)[C@H]21,1949.84,intermediate,262.3089999999999,1.79,1.0,4.0
CHEMBL24519,C[C@]12CC[C@H](O)[C@@](C)(CO)C1C[C@H](O)[C@@]1(C)Oc3cc(-c4ccncc4)oc(=O)c3C(=O)C21,7900.0,intermediate,455.5070000000002,2.1921999999999997,3.0,8.0
CHEMBL64615,COc1cccc2c1Cc1c-2nc2ccccc2c1N,1659.59,intermediate,262.312,3.3968000000000007,1.0,3.0
CHEMBL61986,CCCCCCCNc1c2c(nc3cc(OC)ccc13)CCCC2,460.0,active,326.4840000000002,5.504500000000005,1.0,3.0
CHEMBL61850,Nc1c2c(nc3cc(Br)ccc13)CCCC2,66.0,active,277.165,3.4583000000000013,1.0,2.0
CHEMBL24416,COc1ccc(-c2cc3c(c(=O)o2)C(=O)C2[C@@]4(C)CC[C@H](O)[C@@](C)(CO)C4C[C@H](O)[C@@]2(C)O3)cc1,70000.0,inactive,484.54500000000024,2.8058000000000005,3.0,8.0
CHEMBL293896,Nc1c2c(nc3ccccc13)-c1ccc(Cl)cc1C2,5370.32,intermediate,266.731,4.041600000000002,1.0,2.0
CHEMBL59628,Clc1ccc2c(NCc3ccccc3)c3c(nc2c1)CCCC3,170.0,active,322.83900000000017,5.379100000000004,1.0,2.0
CHEMBL304447,Nc1c2c(nc3cc(F)ccc13)-c1ccccc1C2,1202.26,intermediate,250.276,3.527300000000001,1.0,2.0
CHEMBL61930,Nc1c2c(nc3cc(Cl)c(Cl)cc13)CCCC2,470.0,active,267.159,4.002600000000001,1.0,2.0
CHEMBL418643,O=[N+]([O-])c1ccc2nc3c(c(NCc4ccccc4)c2c1)CCCC3,1600.0,intermediate,333.3910000000002,4.633900000000003,1.0,4.0
CHEMBL277665,C[C@]12CC[C@H](O)[C@@](C)(CO)C1C[C@H](O)[C@@]1(C)Oc3cc(-c4ccccc4)oc(=O)c3C(=O)C21,99000.0,inactive,454.5190000000002,2.797200000000001,3.0,7.0
CHEMBL64465,Cc1ccc2c(NCc3ccccc3)c3c(nc2c1)CCCC3,750.0,active,302.4210000000002,5.034120000000004,1.0,2.0
CHEMBL61506,O=[N+]([O-])c1ccc2c(NCc3ccccc3)c3c(nc2c1)CCCC3,4800.0,intermediate,333.3910000000002,4.633900000000003,1.0,4.0
CHEMBL357551,CN(C)c1ccc(CC(=O)NCCCCCCCCNC23CC4CC(CC(C4)C2)C3)cc1,100000.0,inactive,439.6880000000002,5.310300000000005,2.0,3.0
CHEMBL153934,CN(C)c1ccc(CC(=O)NCCCCCCCCCCNC23CC4CC(CC(C4)C2)C3)cc1,100000.0,inactive,467.7420000000003,6.090500000000007,2.0,3.0
CHEMBL157336,CN(C)c1ccc(CC(=O)NCCCCCCCCCCCCNC23CC4CC(CC(C4)C2)C3)cc1,100000.0,inactive,495.7960000000004,6.870700000000008,2.0,3.0
CHEMBL139571,CC(C)c1ccc(NC(=O)N2CCC[C@H]2C(=O)N2CC[C@H]3[C@H]2[C@H](C)C(=O)N3C(=O)[C@@H]2[C@H](C)[C@@H]2C)cc1,100000.0,inactive,494.63600000000025,3.6827000000000023,1.0,4.0
CHEMBL344656,CC(C)c1ccc(NC(=O)N2CCC[C@H]2C(=O)N2CC[C@H]3[C@H]2[C@H](C)C(=O)N3c2nc3ccccc3s2)cc1,100000.0,inactive,531.6820000000002,5.068400000000005,1.0,5.0
CHEMBL332760,CC(C)c1ccc(NC(=O)Oc2ccc3c(c2)[C@]2(C)CCN(C)[C@@H]2N3C)cc1.O=C(O)C(O)C(O)C(=O)O,760.0,active,529.5900000000003,2.6674,5.0,8.0
CHEMBL348216,C#CC(C)OC[n+]1ccn(C)c1/C=N/O.[Cl-],11900.0,inactive,243.694,-2.8794999999999975,1.0,3.0
CHEMBL150156,C#CCCCC[n+]1cn(C)c(/C=N/O)n1.[Cl-],62500.0,inactive,242.71000000000004,-2.6767999999999974,1.0,3.0
CHEMBL333580,CC(C)c1ccc(NC(=O)Oc2ccc3c(c2)[C@]2(C)CCN(C)O[C@@H]2N3C)cc1,10000.0,inactive,395.50300000000016,4.721600000000004,1.0,5.0
CHEMBL146319,CC#CC(C)OC[n+]1ccn(C)c1/C=N/O.[Cl-],144000.0,inactive,257.721,-2.489399999999997,1.0,3.0
CHEMBL659,COc1ccc2c3c1O[C@H]1C[C@@H](O)C=C[C@@]31CCN(C)C2,800.0,active,287.35900000000004,1.8503,1.0,4.0
CHEMBL147465,C#CCCOC[n+]1ccn(C)c1C.[Cl-],27000.0,inactive,214.69599999999997,-2.3775799999999974,0.0,1.0
CHEMBL357987,CC#CC(C)(C)OC[n+]1ccn(C)c1/C=N/O.[Cl-],175000.0,inactive,271.74800000000005,-2.099299999999997,1.0,3.0
CHEMBL151507,C#CCCCC[n+]1ccn(C)c1/C=N/O.[Cl-],8500.0,intermediate,241.722,-2.071799999999997,1.0,2.0
CHEMBL338975,CNC(=O)Oc1ccc2c(c1)[C@]1(C)CCN(C)[C@@H]1N2C.O=C(O)c1ccccc1O,28.0,active,413.4740000000001,2.8643000000000014,3.0,6.0
CHEMBL150212,C#CCCOC[n+]1ccc(/C=N/O)cc1.[Cl-],96500.0,inactive,240.69000000000003,-2.2163999999999975,1.0,3.0
CHEMBL148832,C#CCOC[n+]1ccn(C)c1/C=N/O.[Cl-],21800.0,inactive,229.667,-3.267999999999998,1.0,3.0
CHEMBL355986,C#CCCOC[n+]1ccn(C(C)(C)C)c1/C=N/O.[Cl-],339000.0,inactive,285.775,-1.6598999999999964,1.0,3.0
CHEMBL356000,C#CC1CCCCC1OC[n+]1ccn(C)c1/C=N/O.[Cl-],20300.0,inactive,297.78600000000006,-1.7091999999999967,1.0,3.0
CHEMBL423397,C#CCCCC[n+]1ccn(COC)c1/C=N/O.[Cl-],185000.0,inactive,271.748,-2.0048999999999966,1.0,3.0
CHEMBL149026,C#CCCOC[n+]1ccn(C)c1/C=N/O.[Cl-],14500.0,inactive,243.694,-2.8778999999999977,1.0,3.0
CHEMBL636,CCN(C)C(=O)Oc1cccc([C@H](C)N(C)C)c1,4150.0,intermediate,250.34199999999998,2.7597000000000014,0.0,3.0
CHEMBL357981,C#CC(C)C(C)OC[n+]1ccn(C)c1/C=N/O.[Cl-],12700.0,inactive,271.74800000000005,-2.2433999999999967,1.0,3.0
CHEMBL347749,CC#CCCOC[n+]1ccn(C)c1/C=N/O.[Cl-],76800.0,inactive,257.721,-2.4877999999999973,1.0,3.0
CHEMBL346399,C#CCCCOC[n+]1ccn(C)c1/C=N/O.[Cl-],27900.0,inactive,257.721,-2.4877999999999973,1.0,3.0
CHEMBL124054,Cc1ccccc1NC(=O)Oc1ccc2c(c1)[C@]1(C)CCN(C)O[C@@H]1N2C,175.0,active,367.4490000000001,3.906620000000003,1.0,5.0
CHEMBL557400,CC(C)c1ccc(NC(=O)Oc2ccc3c(c2)[C@]2(C)CC[N@@+](C)([O-])[C@@H]2N3C)cc1.Cl,10000.0,inactive,431.9640000000001,5.224400000000006,1.0,4.0
CHEMBL359312,C#CCC(C)OC[n+]1ccn(C)c1/C=N/O.[Cl-],8720.0,intermediate,257.721,-2.489399999999997,1.0,3.0
CHEMBL123248,CNC(=O)Oc1ccc2c(c1)[C@]1(C)CCN(C)O[C@@H]1N2C,150.0,active,291.35099999999994,1.7055,1.0,5.0
CHEMBL556186,Cc1ccccc1NC(=O)Oc1ccc2c(c1)[C@]1(C)CC[N@@+](C)([O-])[C@@H]1N2C.Cl,180.0,active,403.91000000000014,4.409420000000005,1.0,4.0
CHEMBL147517,C#CC(C)(C)OC[n+]1ccn(C)c1/C=N/O.[Cl-],24200.0,inactive,257.721,-2.489399999999997,1.0,3.0
CHEMBL538109,CCc1ccccc1NC(=O)Oc1ccc2c(c1)[C@]1(C)CC[N@@+](C)([O-])[C@@H]1N2C.Cl,125.0,active,417.9370000000002,4.6634000000000055,1.0,4.0
CHEMBL120279,Cc1ccccc1NC(=O)Oc1ccc2c(c1)[C@]1(C)CCN(C)[C@@H]1N2C.O=C(O)C(O)C(O)C(=O)O,10.0,active,501.53600000000023,1.85242,5.0,8.0
CHEMBL538852,CNC(=O)Oc1ccc2c(c1)[C@]1(C)CC[N@@+](C)([O-])[C@@H]1N2C.Cl,100.0,active,327.81199999999995,2.208300000000001,1.0,4.0
CHEMBL344736,C#CC(CC)OC[n+]1ccn(C)c1/C=N/O.[Cl-],7810.0,intermediate,257.721,-2.489399999999997,1.0,3.0
CHEMBL149017,C#CCCCC[n+]1ccccc1/C=N/O.[Cl-],61500.0,inactive,238.71800000000002,-1.4102999999999977,1.0,2.0
CHEMBL149542,C#CCC(CCC)OC[n+]1ccn(C)c1/C=N/O.[Cl-],5210.0,intermediate,285.77500000000003,-1.7091999999999967,1.0,3.0
CHEMBL123249,CN1CC[C@@]2(C)c3cc(OC(=O)Nc4ccccc4)ccc3N(C)[C@@H]12.O=C(O)C(O)C(O)C(=O)O,24.0,active,487.5090000000002,1.5439999999999996,5.0,8.0
CHEMBL122834,CCc1ccccc1NC(=O)Oc1ccc2c(c1)[C@]1(C)CCN(C)[C@@H]1N2C.O=C(O)C(O)C(O)C(=O)O,10.0,active,515.5630000000003,2.1063999999999994,5.0,8.0
CHEMBL121810,CCc1ccccc1NC(=O)Oc1ccc2c(c1)[C@]1(C)CCN(C)O[C@@H]1N2C,65.0,active,381.47600000000017,4.160600000000003,1.0,5.0
CHEMBL149084,C#CCCCC[n+]1ccn(C(C)(C)C)c1/C=N/O.[Cl-],76600.0,inactive,283.803,-0.853799999999997,1.0,2.0
CHEMBL145928,C#CC(CCC)OC[n+]1ccn(C)c1/C=N/O.[Cl-],8270.0,intermediate,271.74800000000005,-2.099299999999997,1.0,3.0
CHEMBL150164,C#CCCCC[n+]1ccc(/C=N/O)cc1.[Cl-],305000.0,inactive,238.71800000000002,-1.4102999999999977,1.0,2.0
CHEMBL147025,C#CC1(OC[n+]2ccn(C)c2/C=N/O)CCCC1.[Cl-],24200.0,inactive,283.75899999999996,-1.9551999999999972,1.0,3.0
CHEMBL123831,CN1CC[C@@]2(C)c3cc(OC(=O)Nc4ccccc4)ccc3N(C)[C@H]2O1,130.0,active,353.4220000000001,3.598200000000002,1.0,5.0
CHEMBL538853,CN1c2ccc(OC(=O)Nc3ccccc3)cc2[C@]2(C)CC[N@@+](C)([O-])[C@H]12.Cl,200.0,active,389.8830000000001,4.1010000000000035,1.0,4.0
CHEMBL96246,C(=C\C1CCN(Cc2ccccc2)CC1)\c1noc2ccccc12,210.0,active,318.42,4.753200000000004,0.0,3.0
CHEMBL93241,c1ccc(CN2CCC(CCCc3noc4ccccc34)CC2)cc1,900.0,active,334.4630000000001,5.062700000000005,0.0,3.0
CHEMBL328715,c1ccc(CN2CCC(CCNc3noc4ccccc34)CC2)cc1,810.0,active,335.45100000000014,4.542000000000003,1.0,4.0
CHEMBL2448609,CCCCCCNC(=O)Oc1ccc2c(c1)[C@]1(C)CCN(CCC)C1C2.Cc1ccc(C(=O)OC(C(=O)O)C(OC(=O)c2ccc(C)cc2)C(=O)O)cc1.O,62.0,active,762.8970000000005,6.052340000000008,3.0,9.0
CHEMBL34222,CCCCCCNC(=O)Oc1ccc2c(c1)[C@]1(C)CCN(CC)C1C2,20.0,active,344.4990000000002,4.263300000000004,1.0,3.0
CHEMBL416586,CCCCCCCNC(=O)Oc1ccc2c(c1)[C@]1(C)CCN(CC)C1C2,36.0,active,358.52600000000024,4.653400000000004,1.0,3.0
CHEMBL32964,CCCNC(=O)Oc1ccc2c(c1)[C@]1(C)CCN(CC)C1C2,154.0,active,302.41800000000006,3.0930000000000017,1.0,3.0
CHEMBL288549,CCCCCCCNC(=O)Oc1ccc2c(c1)[C@]1(C)CCN(Cc3ccccc3)C1C2,506.0,active,420.59700000000026,5.833700000000006,1.0,3.0
CHEMBL34002,CCN1CC[C@@]2(C)c3cc(OC(=O)NC(C)(C)C)ccc3CC12,12487.0,inactive,316.44500000000005,3.4815000000000023,1.0,3.0
CHEMBL33098,CCCCCCCNC(=O)Oc1ccc2c(c1)[C@@H]1CCN(CCC)C1C2,629.0,active,358.52600000000024,4.869400000000004,1.0,3.0
CHEMBL284938,CCCCCCNC(=O)Oc1ccc2c(c1)[C@]1(C)CCN(C)C1C2,77.0,active,330.47200000000015,3.8732000000000033,1.0,3.0
CHEMBL32966,CCCCCCCNC(=O)Oc1ccc2c(c1)[C@]1(C)CCN(C)C1C2,114.0,active,344.4990000000002,4.263300000000003,1.0,3.0
CHEMBL33173,CCN1CC[C@@]2(C)c3cc(OC(=O)N[C@@H](C)c4ccccc4)ccc3CC12,1330.0,intermediate,364.4890000000001,4.444200000000004,1.0,3.0
CHEMBL287691,CCN1CC[C@H]2c3cc(OC(=O)NC)ccc3CC21,253.0,active,260.337,2.1387,1.0,3.0
CHEMBL32543,CCCCCCNC(=O)Oc1ccc2c(c1)[C@@H]1CCN(CCC)C1C2,518.0,active,344.4990000000002,4.479300000000004,1.0,3.0
CHEMBL286690,CCN1CC[C@@]2(C)c3cc(OC(=O)NCc4ccccc4)ccc3CC12,69.0,active,350.46200000000005,3.883200000000003,1.0,3.0
CHEMBL33727,CCCCNC(=O)Oc1ccc2c(c1)[C@@H]1CCN(CC)C1C2,1076.0,intermediate,302.41800000000006,3.309000000000002,1.0,3.0
CHEMBL32453,CCCCCCCNC(=O)Oc1ccc2c(c1)[C@@H]1CCN(CC)C1C2,381.0,active,344.4990000000002,4.479300000000004,1.0,3.0
CHEMBL62373,CCCN1CCCC(c2cccc(OC(=O)NC(C)C)c2)C1,10000.0,inactive,304.4340000000001,3.772800000000003,1.0,3.0
CHEMBL33161,CCN1CC[C@@]2(C)c3cc(OC(=O)Nc4ccccc4)ccc3CC12,176.0,active,336.43500000000006,4.205500000000003,1.0,3.0
CHEMBL32452,CCCCNC(=O)Oc1ccc2c(c1)[C@]1(C)CCN(CC)C1C2,90.0,active,316.44500000000005,3.483100000000002,1.0,3.0
CHEMBL33642,CCCCCCCNC(=O)Oc1ccc2c(c1)[C@]1(C)CCN(CCC)C1C2,93.0,active,372.5530000000003,5.043500000000004,1.0,3.0
CHEMBL284369,CCCCCCNC(=O)Oc1ccc2c(c1)[C@@H]1CCN(CC)C1C2,208.0,active,330.47200000000015,4.0892000000000035,1.0,3.0
CHEMBL284519,CCN1CC[C@@]2(C)c3cc(OC(=O)NC)ccc3CC12,38.0,active,274.36400000000003,2.3128,1.0,3.0
CHEMBL32653,CCCNC(=O)Oc1ccc2c(c1)[C@@H]1CCN(CC)C1C2,2192.0,intermediate,288.391,2.9189000000000016,1.0,3.0
CHEMBL1127,Nc1c2c(nc3ccccc13)CC(O)CC2,623.0,active,214.26799999999994,1.6665999999999999,2.0,3.0
CHEMBL318026,Nc1c2c(nc3ccccc13)CCC(O)C2,1610.0,intermediate,214.26799999999994,1.6665999999999999,2.0,3.0
CHEMBL319451,Nc1c2c(nc3ccccc13)C(O)CCC2,521.0,active,214.26799999999994,2.1867,2.0,3.0
CHEMBL324975,COc1ccccc1CN1CCCCCCCCN(Cc2ccccc2OC)C(=O)CCCCCNCc2ccc(cc2)CNCCCCCC1=O,1412.54,intermediate,713.0199999999999,8.415600000000007,2.0,6.0
CHEMBL325505,CCCCCCCCCN(Cc1ccccc1OC)C(=O)CCCCCN(C)Cc1ccc(-c2ccc(CN(C)CCCCCC(=O)NCc3ccccc3OC)cc2)cc1,104712.85,inactive,833.2149999999999,11.450999999999992,1.0,6.0
CHEMBL326308,CCCCCCCCCN(Cc1ccccc1OC)C(=O)CCCCCNCc1ccc(-c2ccc(-c3ccc(CNCCCCCC(=O)NCc4ccccc4OC)cc3)cc2)cc1,15848.93,inactive,881.2589999999999,12.433599999999988,3.0,6.0
CHEMBL327100,COc1ccccc1CN1CCCCCCCCN(Cc2ccccc2OC)C(=O)CCCCCNCc2ccc(cc2)-c2ccc(cc2)CNCCCCCC1=O,3388.44,intermediate,789.1179999999998,10.0826,2.0,6.0
CHEMBL323655,COc1ccccc1CN(CCCCCCCCN(Cc1ccccc1OC)C(=O)CCCCCN)C(=O)CCCCCN,33113.11,inactive,610.8839999999999,6.440000000000006,2.0,6.0
CHEMBL110045,COc1ccccc1CN1CCCCCC(=O)N(C)CCCCCCCCN(C)C(=O)CCCCCN(Cc2ccccc2OC)Cc2ccc(cc2)-c2ccc(cc2)C1,53703.18,inactive,817.1720000000001,10.766999999999996,0.0,6.0
CHEMBL325740,COc1ccccc1CN1CCCCCCCCN(Cc2ccccc2OC)C(=O)CCCCCNCc2cccc(c2)Cc2cccc(c2)CNCCCCCC1=O,6165.95,intermediate,803.1449999999998,10.0064,2.0,6.0
CHEMBL357843,CC(OC[n+]1ccn(C)c1/C=N/O)C1CCCCC1.[Cl-],26000.0,inactive,301.818,-0.9323999999999979,1.0,3.0
CHEMBL346605,Cc1ccc(F)cc1,4900.0,intermediate,110.131,2.1341200000000002,0.0,0.0
CHEMBL338492,CC(=O)Oc1ccc(C)c([N+](C)(C)C)c1,5333.35,intermediate,208.28099999999998,2.11702,0.0,2.0
CHEMBL288316,CC(C)OC[n+]1ccn(C)c1/C=N/O.[Cl-],49000.0,inactive,233.699,-2.4927999999999964,1.0,3.0
CHEMBL45005,Cc1ccccc1C,4900.0,intermediate,106.16799999999999,2.30344,0.0,0.0
CHEMBL31561,Cc1ccc(C)cc1,4900.0,intermediate,106.16799999999999,2.30344,0.0,0.0
CHEMBL138072,CCC(=O)Oc1cc([N+](C)(C)C)ccc1C,3767.04,intermediate,222.308,2.5071200000000005,0.0,2.0
CHEMBL136870,COc1ccc(C)c([N+](C)(C)C)c1,345143.74,inactive,180.271,2.2003199999999996,0.0,1.0
CHEMBL139330,CC(=O)Oc1cc([N+](C)(C)C)ccc1C,659.17,active,208.281,2.11702,0.0,2.0
CHEMBL289890,COC[n+]1ccn(C)c1/C=N/O.[Cl-],134000.0,inactive,205.645,-3.271399999999997,1.0,3.0
CHEMBL538352,Cn1cc[n+](COC[n+]2ccccc2/C=N/O)c1/C=N/O.[Cl-].[Cl-],38000.0,inactive,362.217,-6.1439,2.0,5.0
CHEMBL152826,COc1cc2c(c(OC)c1)C(=O)C(C)C2,380.0,active,206.24099999999999,2.0787,0.0,3.0
CHEMBL286727,Cc1cccc(C)c1,4900.0,intermediate,106.16799999999999,2.30344,0.0,0.0
CHEMBL140403,C=CCCC[N+](C)(C)C,1129795.91,inactive,128.23899999999998,1.6588,0.0,0.0
CHEMBL347023,COc1ccc2c(c1)C(=O)C(C)C2,380.0,active,176.21499999999997,2.0701,0.0,2.0
CHEMBL139908,CCCC(=O)SCC[N+](C)(C)C,125892.54,inactive,190.332,1.7525,0.0,2.0
CHEMBL153848,COc1cc2c(cc1OC(C)C)CC(C)C2=O,380.0,active,234.29499999999996,2.8573000000000013,0.0,3.0
CHEMBL147213,CC(CC(C)(C)C)OC[n+]1ccn(C)c1/C=N/O.[Cl-],32500.0,inactive,289.807,-1.0764999999999962,1.0,3.0
CHEMBL358323,COC[n+]1c(/C=N/O)n(C)c2ccccc21.[Cl-],198000.0,inactive,255.70499999999998,-2.118199999999997,1.0,3.0
CHEMBL136145,C[N+](C)(C)CCS,439541.62,inactive,120.241,0.6224000000000001,1.0,1.0
CHEMBL273904,COc1ccc(C)cc1OC,4900.0,intermediate,152.19299999999998,2.01222,0.0,2.0
CHEMBL137561,Cc1ccc(O)cc1[N+](C)(C)C,2824.88,intermediate,166.244,1.89732,1.0,1.0
CHEMBL138988,COc1cc([N+](C)(C)C)ccc1C,122461.62,inactive,180.27100000000002,2.2003200000000005,0.0,1.0
CHEMBL136526,CNC(=O)Oc1ccc2c(c1)[C@]1(C)CC[N+](C)(C)C1N2C,33.96,active,290.38699999999994,1.9185,1.0,3.0
CHEMBL32768,CCCCCCCCOC[n+]1ccn(C)c1/C=N/O.[Cl-],9500.0,intermediate,303.83400000000006,-0.5406999999999973,1.0,3.0
CHEMBL145971,Cn1cc[n+](COCC2CCCc3ccccc32)c1/C=N/O.[Cl-],56000.0,inactive,335.83500000000004,-0.7810999999999979,1.0,3.0
CHEMBL352247,Cc1cccc2c1CC(C)C2=O,380.0,active,160.21599999999998,2.3699200000000005,0.0,1.0
CHEMBL334938,C[N+]1(C)CCO[C@@](O)(c2ccc(C#N)cc2)C1,11587773.56,inactive,233.291,0.8099799999999999,1.0,3.0
CHEMBL146158,Cn1cc[n+](COC[n+]2ccn(C)c2/C=N/O)c1/C=N/O,7800.0,intermediate,294.31500000000005,-0.8133999999999968,2.0,5.0
CHEMBL345698,Cc1cccc(F)c1,4900.0,intermediate,110.131,2.1341200000000002,0.0,0.0
CHEMBL341956,C[N+](C)(C)CCCl,2387811.28,inactive,122.619,0.9314,0.0,0.0
CHEMBL58521,Cc1ccc(N)cc1,4900.0,intermediate,107.156,1.5772199999999998,1.0,1.0
CHEMBL156710,COc1cc(C)cc(OC)c1OC,4900.0,intermediate,182.21899999999997,2.0208199999999996,0.0,3.0
CHEMBL337142,C[N+](C)(C)CCCCI,470977.33,inactive,242.124,1.9078000000000002,0.0,0.0
CHEMBL136294,CCC(=O)Oc1cccc([N+](C)(C)C)c1,5970.35,intermediate,208.28099999999998,2.1986999999999997,0.0,2.0
CHEMBL34000,Cn1cc[n+](COCCCc2ccccc2)c1/C=N/O.[Cl-],21200.0,inactive,309.797,-1.2683999999999973,1.0,3.0
CHEMBL347667,COc1cc2c(cc1O)C(=O)C(C)C2,380.0,active,192.21399999999997,1.7757,1.0,3.0
CHEMBL154155,COc1ccc(C)cc1,4900.0,intermediate,122.16699999999997,2.0036199999999997,0.0,1.0
CHEMBL135086,C=CCC[N+](C)(C)C,847227.41,inactive,114.21199999999997,1.2687,0.0,0.0
CHEMBL422695,CC1Cc2cc3c(cc2C1=O)OCO3,380.0,active,190.19799999999995,1.7901999999999996,0.0,3.0
CHEMBL155191,CC1Cc2ccccc2C1=O,380.0,active,146.18899999999996,2.0615,0.0,1.0
CHEMBL352215,Cc1ccccc1F,4900.0,intermediate,110.131,2.1341200000000002,0.0,0.0
CHEMBL342370,CC(=O)Nc1ccc([C@@]2(O)C[N+](C)(C)CCO2)cc1,2070141.35,inactive,265.3329999999999,0.8966999999999996,2.0,3.0
CHEMBL136229,CCCCCC[N+](C)(C)C,816582.37,inactive,144.28199999999998,2.2729,0.0,0.0
CHEMBL137226,CC(=O)Nc1cccc([N+](C)(C)C)c1,1000000.0,inactive,193.26999999999995,1.8417,1.0,1.0
CHEMBL136669,CCC(=O)Oc1ccc(C)c([N+](C)(C)C)c1,69023.98,inactive,222.30799999999996,2.5071200000000005,0.0,2.0
CHEMBL539108,O/N=C\c1cccc[n+]1COCCOC[n+]1ccccc1/C=N/O.[Cl-].[Cl-],339600.0,inactive,403.26599999999996,-5.465799999999996,2.0,6.0
CHEMBL422338,COc1cccc2c1CC(C)C2=O,380.0,active,176.21499999999997,2.0701,0.0,2.0
CHEMBL350916,COc1ccc2c(c1OC)C(=O)C(C)C2,380.0,active,206.24099999999996,2.0787,0.0,3.0
CHEMBL125278,NC(=O)O,67000.0,inactive,61.040000000000006,-0.37690000000000007,2.0,1.0
CHEMBL136916,CC(=O)CCC[N+](C)(C)C,84722.74,inactive,144.238,1.0618,0.0,1.0
CHEMBL344196,C[N+](C)(C)CCCCCBr,534564.36,inactive,209.15099999999998,2.2578000000000005,0.0,0.0
CHEMBL136719,CC(=O)Oc1cccc([N+](C)(C)C)c1C,40831.94,inactive,208.28099999999995,2.11702,0.0,2.0
CHEMBL136670,CCC(=O)Oc1cccc([N+](C)(C)C)c1C,753355.56,inactive,222.30799999999996,2.5071200000000005,0.0,2.0
CHEMBL416772,CCCCOC[n+]1ccn(C)c1/C=N/O.[Cl-],27500.0,inactive,247.726,-2.101099999999996,1.0,3.0
CHEMBL156487,COc1cc2c(cc1O)CC(C)C2=O,380.0,active,192.21399999999997,1.7757,1.0,3.0
CHEMBL342903,C[C@@]1(O)C[N+](C)(C)CCO1,1729816.36,inactive,146.20999999999998,-0.19850000000000012,1.0,2.0
CHEMBL134914,CCOCC[N+](C)(C)C,1158777.36,inactive,132.227,0.7291000000000001,0.0,1.0
CHEMBL342902,CCCC(=O)OCC[N+](C)(C)C,229086.77,inactive,174.26399999999998,1.0359,0.0,2.0
CHEMBL335108,COc1cccc([N+](C)(C)C)c1C,238781.13,inactive,180.271,2.2003199999999996,0.0,1.0
CHEMBL359412,Cn1cc[n+](COCC2CCCCC2)c1/C=N/O.[Cl-],42000.0,inactive,287.79099999999994,-1.3208999999999964,1.0,3.0
CHEMBL423419,COc1ccc(OC)c2c1CC(C)C2=O,380.0,active,206.24099999999996,2.0787,0.0,3.0
CHEMBL9113,Cc1ccccc1,4900.0,intermediate,92.14099999999999,1.99502,0.0,0.0
CHEMBL155320,Cc1ccc([N+](=O)[O-])cc1,4900.0,intermediate,137.138,1.90322,0.0,2.0
CHEMBL33332,Cn1cc[n+](COCc2cccc3ccccc23)c1/C=N/O.[Cl-],3800.0,intermediate,331.803,-0.5477999999999994,1.0,3.0
CHEMBL155499,CC1Cc2ccc(F)cc2C1=O,380.0,active,164.17899999999997,2.2005999999999997,0.0,1.0
CHEMBL16645,Cc1ccc(O)cc1,4900.0,intermediate,108.13999999999999,1.7006199999999998,1.0,1.0
CHEMBL920,C[N+](C)(C)CCO,3013006.02,inactive,104.17299999999999,-0.3150999999999999,1.0,1.0
CHEMBL136568,CCSCC[N+](C)(C)C,1510080.15,inactive,148.29500000000002,1.4457,0.0,1.0
CHEMBL344924,C[N+](C)(C)CCCCBr,597035.29,inactive,195.124,1.8677,0.0,0.0
CHEMBL343319,Cc1c(O)cccc1[N+](C)(C)C,141253.75,inactive,166.24399999999997,1.89732,1.0,1.0
CHEMBL298312,Cc1cccc(O)c1,4900.0,intermediate,108.13999999999999,1.7006199999999998,1.0,1.0
CHEMBL423352,CC(C)(C)[C@@]1(O)C[N+](C)(C)CCO1,3706807.22,inactive,188.29099999999994,0.8276999999999999,1.0,2.0
CHEMBL32585,CC(OC[n+]1ccn(C)c1/C=N/O)C(C)(C)C.[Cl-],11500.0,inactive,275.78,-1.4665999999999964,1.0,3.0
CHEMBL149427,Cn1c(/C=N/O)[n+](C)c2ccccc21.[Cl-],123000.0,inactive,225.679,-2.1850999999999985,1.0,2.0
CHEMBL135503,C=CC[N+](C)(C)C,2917427.01,inactive,100.18499999999999,0.8785999999999999,0.0,0.0
CHEMBL137560,Cc1ccc([N+](C)(C)C)cc1O,3111.72,intermediate,166.24400000000003,1.8973200000000001,1.0,1.0
CHEMBL147968,CCCCCCOC[n+]1ccn(C)c1/C=N/O.[Cl-],25000.0,inactive,275.78000000000003,-1.3208999999999964,1.0,3.0
CHEMBL284692,Cn1cc[n+](COCc2ccccc2)c1/C=N/O.[Cl-],56000.0,inactive,281.74300000000005,-1.7009999999999972,1.0,3.0
CHEMBL440185,COc1cc2c(c(OC)c1OC)C(=O)C(C)C2,380.0,active,236.26699999999997,2.0873,0.0,4.0
CHEMBL345031,C[N+]1(C)CCO[C@H](O)C1,1761976.05,inactive,132.18299999999996,-0.5886000000000002,1.0,2.0
CHEMBL609719,C[N+]1(C)CCO[C@@](O)(c2ccc([N+](=O)[O-])cc2)C1.[Cl-],5116818.36,inactive,288.731,-2.149499999999997,1.0,4.0
CHEMBL136148,COc1cccc([N+](C)(C)C)c1,597035.29,inactive,166.244,1.8919,0.0,1.0
CHEMBL33101,Cn1cc[n+](COCC(C)(C)C)c1/C=N/O.[Cl-],8400.0,intermediate,261.75300000000004,-1.8550999999999958,1.0,3.0
CHEMBL154848,COc1cc2c(cc1OC)C(=O)C(C)C2,380.0,active,206.24099999999996,2.0787,0.0,3.0
CHEMBL335439,C[N+]1(C)CCO[C@@](O)(c2ccc(Cl)cc2)C1,8128305.16,inactive,242.726,1.5917,1.0,2.0
CHEMBL344864,C[N+]1(C)CCO[C@@](O)(C(F)(F)F)C1,3828247.43,inactive,200.17999999999995,0.3438999999999998,1.0,2.0
CHEMBL343344,CC(=O)Oc1cccc([N+](C)(C)C)c1,3013.01,intermediate,194.25399999999996,1.8086,0.0,2.0
CHEMBL422459,C[N+](C)(C)c1cccc(O)c1,972.75,active,152.21699999999998,1.5889,1.0,1.0
CHEMBL147793,Cc1n(C)cc[n+]1COC(C)C(C)(C)C.[Cl-],33000.0,inactive,246.78199999999998,-0.9662799999999969,0.0,1.0
CHEMBL349791,COc1cccc(C)c1,4900.0,intermediate,122.16699999999997,2.0036199999999997,0.0,1.0
CHEMBL139259,C[N+]1(C)CCO[C@@](O)(c2ccc(N)cc2)C1,690239.8,inactive,223.296,0.5204999999999996,2.0,3.0
CHEMBL158242,CCOc1cc2c(cc1OCC)C(=O)C(C)C2,380.0,active,234.29499999999993,2.858900000000001,0.0,3.0
CHEMBL157327,Cc1ccc2c(c1)C(=O)C(C)C2,380.0,active,160.21599999999998,2.3699200000000005,0.0,1.0
CHEMBL114059,Cc1cccc([N+](=O)[O-])c1,4900.0,intermediate,137.138,1.90322,0.0,2.0
CHEMBL139684,C[N+](C)(C)CCCBr,87902.25,inactive,181.09699999999998,1.4776,0.0,0.0
CHEMBL609718,C[N+](C)(C)c1cccc([N+](=O)[O-])c1.[Cl-],628058.36,inactive,216.66799999999995,-1.2044999999999992,0.0,2.0
CHEMBL1626784,C[N+](C)(C)c1cccc(N)c1,191866.87,inactive,151.23299999999995,1.4655,1.0,1.0
CHEMBL149230,CCC(OC[n+]1ccn(C)c1/C=N/O)C(C)(C)C.[Cl-],24000.0,inactive,289.807,-1.0764999999999967,1.0,3.0
CHEMBL155371,COc1ccc2c(c1OC)CC(C)C2=O,380.0,active,206.24099999999996,2.0787,0.0,3.0
CHEMBL1128,CC[N+](C)(C)c1cccc(O)c1.[Cl-],200.0,active,201.69699999999997,-1.0169999999999997,1.0,1.0
CHEMBL309131,O/N=C/c1nc(-c2cccc3ccccc23)no1,1000000.0,inactive,239.234,2.6979000000000006,1.0,5.0
CHEMBL102637,CCSC(=O)OCC[N+](C)(C)C.[Cl-],10000000.0,inactive,227.75699999999998,-1.413699999999997,0.0,3.0
CHEMBL103959,CCc1ccc(SC(=O)OCC[N+](C)(C)C)cc1.[Cl-],500000.0,inactive,303.8549999999999,0.1879000000000004,0.0,3.0
CHEMBL435763,O/N=C/c1nc(-c2ccccc2)no1,1000000.0,inactive,189.174,1.5446999999999997,1.0,5.0
CHEMBL54577,CC(C)c1ccc(NC(=O)Oc2ccc3c(c2)[C@]2(C)CCN(CCc4ccccc4)C2N3C)cc1,30000.0,inactive,469.62900000000025,6.402900000000008,1.0,4.0
CHEMBL322628,CC(C)CCSC(=O)OCC[N+](C)(C)C.[Cl-],50000.0,inactive,269.83799999999997,-0.38749999999999796,0.0,3.0
CHEMBL54420,CC(C)c1ccc(NC(=O)Oc2ccc3c(c2)[C@]2(C)CCNC2N3C)cc1,324.0,active,365.4770000000001,4.4478000000000035,2.0,4.0
CHEMBL300143,Cc1ccccc1NC(=O)Oc1ccc2c(c1)[C@]1(C)CCN(C)C1N2C,10.3,active,351.4500000000001,3.9750200000000033,1.0,4.0
CHEMBL102077,CCCCCCSC(=O)OCC[N+](C)(C)C.[Cl-],80000.0,inactive,283.86499999999995,0.14670000000000138,0.0,3.0
CHEMBL293720,CC(C)c1ccc(NC(=O)Oc2ccc3c(c2)[C@]2(C)CCN(C)C2N3Cc2ccccc2)cc1,13000.0,inactive,455.6020000000002,6.3604000000000065,1.0,4.0
CHEMBL304820,O/N=C/c1nc(-c2cccs2)no1,360000.0,inactive,195.203,1.6061999999999996,1.0,6.0
CHEMBL102078,CCCCSC(=O)OCC[N+](C)(C)C.[Cl-],500000.0,inactive,255.81099999999995,-0.633499999999998,0.0,3.0
CHEMBL318749,C[N+](C)(C)CCOC(=O)Sc1ccccc1.[Cl-],1000000.0,inactive,275.80100000000004,-0.37449999999999894,0.0,3.0
CHEMBL103153,CCc1ccccc1SC(=O)OCC[N+](C)(C)C.[Cl-],50000.0,inactive,303.8549999999999,0.1879000000000004,0.0,3.0
CHEMBL311849,C[n+]1c(/C=N/O)cccc1CCO[n+]1ccc(C(N)=O)cc1.[Cl-].[Cl-],1000000.0,inactive,373.24,-6.6151000000000035,2.0,4.0
CHEMBL69059,CCN(CC)CC/N=C(\NO)c1nc(-c2ccccc2)no1,260000.0,inactive,303.36600000000004,1.8037999999999998,2.0,6.0
CHEMBL54470,CC(C)c1ccc(NC(=O)Oc2ccc3c(c2)[C@]2(C)CCNC2N3)cc1,110.0,active,351.45000000000005,4.423500000000002,3.0,4.0
CHEMBL19557,CCN(CC)CCS/C(=N\O)c1nc(C)no1,90000.0,inactive,258.34700000000004,1.58882,1.0,7.0
CHEMBL101482,CCC(C)CSC(=O)OCC[N+](C)(C)C.[Cl-],1000000.0,inactive,269.83799999999997,-0.38749999999999796,0.0,3.0
CHEMBL71740,CCCCCCCCc1noc(/C(=N/O)SCCN(CC)CC)n1,1000.0,active,356.5360000000002,4.183400000000003,1.0,7.0
CHEMBL2079593,Cc1noc(/C=N\O)n1,1000000.0,inactive,127.103,0.18612,1.0,5.0
CHEMBL278826,Cc1noc(/C=N/O)n1,1000000.0,inactive,127.103,0.18612,1.0,5.0
CHEMBL417915,CC(C)c1ccc(NC(=O)Oc2ccc3c(c2)[C@]2(C)CCN(C)C2N3C)cc1,758.0,active,379.50400000000013,4.7900000000000045,1.0,4.0
CHEMBL70182,O/N=C/c1nc(Cc2ccccc2)no1,1000000.0,inactive,203.20100000000002,1.4685,1.0,5.0
CHEMBL20339,CCN(CC)CCS/C(=N\O)c1nc(-c2ccccc2)no1,6000.0,intermediate,320.41800000000006,2.947400000000001,1.0,7.0
CHEMBL68953,CC(C)(C)c1noc(/C=N/O)n1,1000000.0,inactive,169.184,1.1752,1.0,5.0
CHEMBL55315,Cc1ccccc1NC(=O)Oc1ccc2c(c1)[C@]1(C)CCN(C)C1N2,40.0,active,337.42300000000006,3.950720000000003,2.0,4.0
CHEMBL292695,Cc1ccccc1NC(=O)Oc1ccc2c(c1)[C@]1(C)CCN(Cc3ccccc3)C1N2Cc1ccccc1,1760.0,intermediate,503.64600000000024,7.115820000000008,1.0,4.0
CHEMBL103890,CCC(C)(C)SC(=O)OCC[N+](C)(C)C.[Cl-],40000.0,inactive,269.83799999999997,-0.2449999999999981,0.0,3.0
CHEMBL53623,Cc1ccccc1NC(=O)Oc1ccc2c(c1)[C@]1(C)CCNC1N2C,17.0,active,337.42300000000006,3.6328200000000024,2.0,4.0
CHEMBL54864,Cc1ccccc1NC(=O)Oc1ccc2c(c1)[C@]1(C)CCNC1N2,285.0,active,323.396,3.6085200000000013,3.0,4.0
CHEMBL102226,CCCCCCCSC(=O)OCC[N+](C)(C)C.[Cl-],50000.0,inactive,297.89199999999994,0.536800000000001,0.0,3.0
CHEMBL300808,CC(C)c1ccc(NC(=O)Oc2ccc3c(c2)[C@]2(C)CCN(Cc4ccccc4)C2N3Cc2ccccc2)cc1,30000.0,inactive,531.7000000000003,7.930800000000009,1.0,4.0
CHEMBL54014,Cc1ccccc1NC(=O)Oc1ccc2c(c1)[C@]1(C)CCN(C)C1N2Cc1ccccc1,100.0,active,427.5480000000002,5.545420000000005,1.0,4.0
CHEMBL294208,CC(C)c1ccc(NC(=O)Oc2ccc3c(c2)[C@]2(C)CCN(C)C2N3)cc1,2020.0,intermediate,365.4770000000001,4.765700000000004,2.0,4.0
CHEMBL103873,CCCCCSC(=O)OCC[N+](C)(C)C.[Cl-],800.0,active,269.83799999999997,-0.24339999999999828,0.0,3.0
CHEMBL65891,CCN(CC)CCS/C(=N\O)c1nc(C(C)(C)C)no1,390000.0,inactive,300.42800000000005,2.5779000000000005,1.0,7.0
CHEMBL71994,CCN(CC)CCS/C(=N\O)c1nc(Cc2ccccc2)no1,30000.0,inactive,334.44500000000005,2.8712000000000018,1.0,7.0
CHEMBL54956,Cc1ccccc1NC(=O)Oc1ccc2c(c1)[C@]1(C)CCN(CCc3ccccc3)C1N2C,550.0,active,441.5750000000002,5.587920000000006,1.0,4.0
CHEMBL67397,O/N=C/c1nc(-c2ccncc2)no1,1000000.0,inactive,190.162,0.9396999999999998,1.0,6.0
CHEMBL104891,CCCSC(=O)OCC[N+](C)(C)C.[Cl-],5000000.0,inactive,241.78399999999996,-1.0235999999999974,0.0,3.0
CHEMBL71982,CCCCCCCCc1noc(/C=N/O)n1,1000000.0,inactive,225.292,2.7807000000000004,1.0,5.0
CHEMBL640,CCN(CC)CCNC(=O)c1ccc(N)cc1,1000.0,active,235.33100000000002,1.3403999999999996,2.0,3.0
CHEMBL163362,c1ccc2c(c1)CN1CCCCC1=N2,3660.0,intermediate,186.25799999999995,2.716100000000001,0.0,2.0
CHEMBL165726,Clc1ccc2c(c1)CN1CCCCCC1=N2,500.0,active,234.7299999999999,3.7596000000000025,0.0,2.0
CHEMBL341658,CCC1=CC2Cc3nc4cc(F)ccc4c(N)c3C(C1)C2,2.11,active,282.3620000000001,4.342200000000003,1.0,2.0
CHEMBL208599,CCC1=CC2Cc3nc4cc(Cl)ccc4c(N)c3[C@@H](C1)C2,0.75,active,298.8170000000001,4.856500000000003,1.0,2.0
CHEMBL539072,CC1=CC2CC(C1)Cc1nc3ccccc3c(N)c12.Cl,436.0,active,286.806,4.2348000000000035,1.0,2.0
CHEMBL349977,Clc1cccc2c1N=C1CCCCCN1C2,1500.0,intermediate,234.7299999999999,3.7596000000000025,0.0,2.0
CHEMBL357207,CCC1=CC2Cc3nc4cc(Cl)cc(Cl)c4c(N)c3C(C1)C2,1.39,active,333.26200000000017,5.509900000000004,1.0,2.0
CHEMBL1677,Cl.Nc1c2c(nc3ccccc13)CCCC2,205.0,active,234.72999999999996,3.1176000000000013,1.0,2.0
CHEMBL166194,N=c1c2ccc(Cl)cc2nc2n1CCCCC2,1260.0,intermediate,247.72899999999993,2.895570000000001,1.0,2.0
CHEMBL541344,CC1=CC2Cc3nc4ccccc4c(N)c3C(C1)C2.Cl,51.6,active,286.806,4.2348000000000035,1.0,2.0
CHEMBL165292,O=c1c2ccc(Cl)cc2nc2n1CCCCC2,100000.0,inactive,248.71299999999994,2.776300000000001,0.0,2.0
CHEMBL162734,c1ccc2c(c1)CN1CCCCCCC1=N2,9200.0,intermediate,214.31199999999993,3.4963000000000024,0.0,2.0
CHEMBL140476,CC1=CC2Cc3nc4cc(Cl)ccc4c(N)c3C(C1)C2,0.78,active,284.7900000000001,4.466400000000003,1.0,2.0
CHEMBL142491,CCC1=CC2Cc3nc4cccc(F)c4c(N)c3C(C1)C2,29.5,active,282.3620000000001,4.342200000000003,1.0,2.0
CHEMBL142816,CCC1=CC2Cc3nc4ccc(Cl)cc4c(N)c3C(C1)C2,425.0,active,298.8170000000001,4.856500000000003,1.0,2.0
CHEMBL143290,CC1=CC2Cc3nc4cc(F)cc(F)c4c(N)c3C(C1)C2,2.2,active,286.32500000000005,4.091200000000002,1.0,2.0
CHEMBL161880,Clc1cccc2c1CN1CCCCCC1=N2,1700.0,intermediate,234.7299999999999,3.7596000000000025,0.0,2.0
CHEMBL539051,CCC1=CC2Cc3nc4ccccc4c(N)c3C(C1)C2.Cl,37.8,active,300.833,4.624900000000004,1.0,2.0
CHEMBL355821,c1ccc2c(c1)CN1CCCC1=N2,3720.0,intermediate,172.23099999999997,2.3260000000000005,0.0,2.0
CHEMBL109869,CC1=CC2Cc3nc4cccc(F)c4c(N)c3C(C1)C2,35.4,active,268.33500000000004,3.9521000000000024,1.0,2.0
CHEMBL143094,CCC1=CC2Cc3nc4cc(C)cc(C)c4c(N)c3C(C1)C2,4.96,active,292.42600000000004,4.819940000000003,1.0,2.0
CHEMBL4524111,CC1=C[C@@H]2Cc3nc4cc(F)ccc4c(N)c3[C@H](C1)C2,4.58,active,268.33500000000004,3.9521000000000024,1.0,2.0
CHEMBL542497,CCC1=CC2CC(C1)Cc1nc3ccccc3c(N)c12.Cl,76.9,active,300.833,4.624900000000004,1.0,2.0
CHEMBL445130,Clc1ccc2c(c1)N=C1CCCCCN1C2,158.0,active,234.7299999999999,3.7596000000000025,0.0,2.0
CHEMBL166359,c1ccc2c(c1)CN1CCCCCCCC1=N2,13510.0,inactive,228.3389999999999,3.8864000000000027,0.0,2.0
CHEMBL350496,S=c1c2ccc(Cl)cc2nc2n1CCCCC2,100000.0,inactive,264.78099999999995,4.145590000000002,0.0,2.0
CHEMBL139819,CCC1=CC2Cc3nc4cccc(Cl)c4c(N)c3C(C1)C2,11.7,active,298.8170000000001,4.856500000000003,1.0,2.0
CHEMBL335355,CCC1=CC2Cc3nc4cc(F)cc(F)c4c(N)c3C(C1)C2,1.76,active,300.3520000000001,4.481300000000003,1.0,2.0
CHEMBL165304,c1ccc2c(c1)CN1CCCCCC1=N2,3760.0,intermediate,200.28499999999994,3.106200000000001,0.0,2.0
CHEMBL557181,Cl.O=C(CCC1CCN(Cc2ccccc2)CC1)c1ccc2c(c1)OCCO2,30.0,active,401.93400000000025,4.754700000000004,0.0,4.0
CHEMBL87014,Cc1cc(C(=O)CCC2CC[N+](C)(Cc3ccccc3)CC2)nn1-c1ccccc1,22.0,active,402.5620000000001,5.200420000000006,0.0,2.0
CHEMBL107254,CN(C)Cc1ccc(CSCCNc2cc(Nc3ccc(F)cc3)c([N+](=O)[O-])cc2[N+](=O)[O-])o1,680.0,active,489.5290000000002,5.385600000000005,2.0,9.0
CHEMBL313231,C[N+]1(Cc2ccccc2)CCC(CCC(=O)c2ccc3c(c2)OCO3)CC1,240.0,active,366.4810000000001,4.435000000000004,0.0,3.0
CHEMBL537908,Cl.O=C(CCC1CCN(Cc2ccccc2)CC1)c1ccc2[nH]c(-c3ccccc3)nc2c1,33.0,active,460.0210000000002,6.526800000000007,1.0,3.0
CHEMBL106418,CCCCCNc1cc(NCCSCc2ccc(CN(C)C)o2)c([N+](=O)[O-])cc1[N+](=O)[O-],1200.0,intermediate,465.57600000000025,5.105000000000004,2.0,9.0
CHEMBL106932,CC(C)=NNc1cc(NCCSCc2ccc(CN(C)C)o2)c([N+](=O)[O-])cc1[N+](=O)[O-],440.0,active,450.52100000000024,4.3106000000000035,2.0,10.0
CHEMBL421601,CN(C)Cc1ccc(CSCCNc2cccc(F)c2C#N)o1,2100.0,intermediate,333.4320000000001,3.697280000000003,1.0,5.0
CHEMBL104355,CN(C)Cc1ccc(CSCCNc2ccc(F)cc2[N+](=O)[O-])o1,650.0,active,353.4190000000001,3.7338000000000022,1.0,6.0
CHEMBL87823,COc1ccc2cc(C(=O)CCC3CC[N+](C)(Cc4ccccc4)CC3)ccc2c1,50.0,active,402.5580000000001,5.868100000000006,0.0,2.0
CHEMBL107673,CN(C)Cc1ccc(CSCCNc2cc(NCc3cccnc3)c([N+](=O)[O-])cc2[N+](=O)[O-])o1,310.0,active,486.55400000000026,4.510000000000003,2.0,10.0
CHEMBL87344,C[N+]1(Cc2ccccc2)CCC(CCC(=O)c2ccc3c(c2)CCO3)CC1,17.0,active,364.5090000000001,4.641200000000004,0.0,2.0
CHEMBL86835,C[N@+]1(Cc2ccccc2)CC[C@H](CCC(=O)c2ccc3c(c2)CCO3)CC1,66.0,active,364.5090000000001,4.641200000000004,0.0,2.0
CHEMBL75121,COc1cc2cc(-c3ccc(CN(C)Cc4ccccc4)cc3)c(=O)oc2cc1OC,44.5,active,415.48900000000015,5.109200000000005,0.0,5.0
CHEMBL104681,CN(C)Cc1ccc(CSCCNc2cc(F)c([N+](=O)[O-])cc2[N+](=O)[O-])o1,120.0,active,398.4160000000001,3.642000000000002,1.0,8.0
CHEMBL107892,CN(C)Cc1ccc(CSCCNc2cc(N)c([N+](=O)[O-])cc2[N+](=O)[O-])o1,83.0,active,395.44100000000014,3.0851000000000006,2.0,9.0
CHEMBL432376,COc1cc2cc(C(=O)CCC3CC[N+](C)(Cc4ccccc4)CC3)n(C)c2cc1OC,120.0,active,435.58800000000014,5.215200000000006,0.0,3.0
CHEMBL321605,CN(C)Cc1ccc(CSCCNc2cc(NN)c([N+](=O)[O-])cc2[N+](=O)[O-])o1,76.0,active,410.4560000000002,2.7885,3.0,10.0
CHEMBL106782,CCCNc1cc(NCCSCc2ccc(CN(C)C)o2)c([N+](=O)[O-])cc1[N+](=O)[O-],260.0,active,437.52200000000016,4.324800000000003,2.0,9.0
CHEMBL104334,CN(C)Cc1ccc(CSCCNc2cc(Nc3ncccc3[N+](=O)[O-])c([N+](=O)[O-])cc2[N+](=O)[O-])o1,650.0,active,517.5240000000002,4.549700000000003,2.0,12.0
CHEMBL320291,CNc1cc(NCCSCc2ccc(CN(C)C)o2)c([N+](=O)[O-])cc1[N+](=O)[O-],160.0,active,409.4680000000002,3.5446000000000026,2.0,9.0
CHEMBL315385,C[N+]1(Cc2ccccc2)CCC(CCC(=O)c2ccc3c(c2)NCCCC3)CC1,500.0,active,391.5790000000002,5.454500000000005,1.0,2.0
CHEMBL542543,Cc1nc2ccc(C(=O)CCC3CCN(Cc4ccccc4)CC3)cc2s1.Cl,6.8,active,415.002,5.901620000000006,0.0,4.0
CHEMBL85404,COc1ccc2c3c1OC1C[C@@H](O)C=C[C@@]31CC[N+](C)(C)C2,500.0,active,302.39400000000006,1.9949000000000001,1.0,3.0
CHEMBL106082,CN(C)Cc1ccc(CSCCNc2cc(Nc3ccccc3C#N)c([N+](=O)[O-])cc2[N+](=O)[O-])o1,630.0,active,496.54900000000026,5.118180000000005,2.0,10.0
CHEMBL245079,CC1=C[C@H]2Cc3[nH]c(=O)ccc3[C@]3(C1)NCCC[C@H]23,30.0,active,256.349,2.0921000000000003,2.0,2.0
CHEMBL555075,CCn1c(C)nc2cc(C(=O)CCC3CCN(Cc4ccccc4)CC3)ccc21.Cl,4.3,active,426.0040000000001,5.661520000000007,0.0,3.0
CHEMBL106348,CN(C)CCNc1cc(NCCSCc2ccc(CN(C)C)o2)c([N+](=O)[O-])cc1[N+](=O)[O-],520.0,active,466.56400000000025,3.4764000000000026,2.0,10.0
CHEMBL552832,Cl.O=C(CCC1CCN(Cc2ccccc2)CC1)c1ccccc1,305.0,active,343.8980000000001,4.983500000000005,0.0,2.0
CHEMBL318517,CN(C)Cc1ccc(CSCCNc2cc(NCCCN3CCOCC3)c([N+](=O)[O-])cc2[N+](=O)[O-])o1,370.0,active,522.6280000000005,3.637100000000003,2.0,11.0
CHEMBL321808,CN(C)Cc1ccc(CSCCNc2nnccc2[N+](=O)[O-])o1,470.0,active,337.4050000000001,2.3847000000000005,1.0,8.0
CHEMBL106936,CN(C)Cc1ccc(CSCCNc2cc(NCc3ccccc3)c([N+](=O)[O-])cc2[N+](=O)[O-])o1,690.0,active,485.56600000000026,5.115000000000005,2.0,9.0
CHEMBL327135,CN(C)Cc1ccc(CSCCNc2cc(Oc3ccc([N+](=O)[O-])cc3)c([N+](=O)[O-])cc2[N+](=O)[O-])o1,270.0,active,517.5200000000002,5.203400000000005,1.0,11.0
CHEMBL75013,O=C(CCC1CCN(Cc2ccccc2)CC1)c1ccc2c(c1)NCCCC2,500.0,active,376.5440000000002,5.309900000000005,1.0,3.0
CHEMBL314989,COc1cc2c(cc1OC)C(=O)C(CC1CC[N+](C)(Cc3ccccc3)CC1)C2,25.0,active,394.5350000000002,4.5057000000000045,0.0,3.0
CHEMBL106344,CN(C)Cc1ccc(CSCCNc2cc(NCc3ccccn3)c([N+](=O)[O-])cc2[N+](=O)[O-])o1,1300.0,intermediate,486.55400000000026,4.510000000000003,2.0,10.0
CHEMBL542297,Cc1nc2cc(C(=O)CCC3CCN(Cc4ccccc4)CC3)ccc2[nH]1.Cl,12.0,active,397.95,5.168220000000006,1.0,3.0
CHEMBL87273,COc1cc2cc(C(=O)CCC3CC[N+](C)(Cc4ccccc4)CC3)sc2cc1OC,8.0,active,438.6130000000001,5.938200000000007,0.0,4.0
CHEMBL86031,C[N+]1(Cc2ccccc2)CCC(CCC(=O)c2ccc3c(c2)OCCO3)CC1,100.0,active,380.50800000000015,4.4775000000000045,0.0,3.0
CHEMBL316973,CN(C)Cc1ccc(CSCCNc2ccc([N+](=O)[O-])cc2[N+](=O)[O-])o1,200.0,active,380.4260000000001,3.502900000000002,1.0,8.0
CHEMBL313582,C[N+]1(Cc2ccccc2)CCC(CCC(=O)c2ccc3c(c2)CCCCO3)CC1,139.0,active,392.5630000000002,5.4214000000000055,0.0,2.0
CHEMBL108163,CN(C)Cc1ccc(CSCCNc2cc(Nc3ccccc3)c([N+](=O)[O-])cc2[N+](=O)[O-])o1,640.0,active,471.5390000000002,5.246500000000005,2.0,9.0
CHEMBL611808,CC1=CC2Cc3nc(O)ccc3C3(C1)C2CCCN3C,100000.0,inactive,270.376,2.8466000000000014,1.0,3.0
CHEMBL148882,CC(c1cccc(OC(=O)N(C)C)c1)N(C)C,30.0,active,236.31499999999997,2.369600000000001,0.0,3.0
CHEMBL544636,C#CCNC1CCc2ccc(OC(=O)N(C)CC)cc21.Cl,47000.0,inactive,308.8089999999999,2.7690000000000015,1.0,3.0
CHEMBL544637,CNC1CCc2ccc(OC(=O)N(C)C)cc21.Cl,1070.0,intermediate,270.75999999999993,2.375500000000001,1.0,3.0
CHEMBL151369,CCN(C)C(=O)Oc1cccc(CCNC)c1,20700.0,inactive,236.31499999999997,1.8989999999999998,1.0,3.0
CHEMBL545103,C#CCNC1CCc2c(OC(=O)N(C)CC)cccc21.Cl,2150.0,intermediate,308.809,2.7690000000000015,1.0,3.0
CHEMBL553498,C#CCNC1CCc2ccc(OC(=O)NCC)cc21.Cl,13700.0,inactive,294.782,2.4268000000000014,2.0,3.0
CHEMBL545104,CCNC1CCc2ccc(OC(=O)N(C)C)cc21.Cl,24500.0,inactive,284.787,2.7656000000000014,1.0,3.0
CHEMBL544635,C#CCNC1CCc2cccc(OC(=O)N(C)CC)c21.Cl,525000.0,inactive,308.809,2.7690000000000015,1.0,3.0
CHEMBL554452,CN(C)C(=O)Oc1cccc2c1CCC2N.Cl,9.0,active,256.73299999999995,2.1148000000000002,1.0,3.0
CHEMBL555506,C#CCN(C)C1CCc2ccc(OC(=O)N(C)C)cc21.Cl,12900.0,inactive,308.809,2.721100000000001,0.0,3.0
CHEMBL1788255,C#CCN(C)[C@H](C)Cc1cccc(OC(=O)N(C)CCCCCC)c1,2000.0,intermediate,344.4990000000002,4.193500000000004,0.0,3.0
CHEMBL555919,C#CCNC1CCc2cccc(OC(=O)N(C)C)c21.Cl,2500.0,intermediate,294.782,2.378900000000001,1.0,3.0
CHEMBL553599,C#CCNC1CCc2ccc(OC(=O)N(C)Cc3ccccc3)cc21.Cl,1780.0,intermediate,370.87999999999994,3.949300000000004,1.0,3.0
CHEMBL1788254,C#CCN(C)[C@H](C)Cc1cccc(OC(=O)N(C)C2CCCCC2)c1,7900.0,intermediate,342.4830000000002,3.9459000000000035,0.0,3.0
CHEMBL544395,CN(C(=O)Oc1ccc2c(c1)C(N)CC2)C1CCCCC1.Cl,3960.0,intermediate,324.85200000000003,3.8177000000000034,1.0,3.0
CHEMBL545333,CCN(C)C(=O)Oc1ccc2c(c1)C(NC)CC2.Cl,38600.0,inactive,284.787,2.7656000000000014,1.0,3.0
CHEMBL1788299,C#CCN[C@@H]1CCc2ccc(OC(=O)N(C)CC)cc21.Cl,31800.0,inactive,308.8089999999999,2.7690000000000015,1.0,3.0
CHEMBL151236,CCN(C)C(=O)Oc1cccc(CCN)c1,35500.0,inactive,222.28799999999995,1.6382999999999999,1.0,3.0
CHEMBL343673,C#CCN(C)C(C)Cc1cccc(OC(=O)N(C)CCC)c1,33100.0,inactive,302.41800000000006,3.023200000000002,0.0,3.0
CHEMBL545801,C#CCNC1CCc2ccc(OC(=O)N(C)c3ccc(OC)cc3)cc21.Cl,860.0,active,386.8790000000001,3.962300000000004,1.0,4.0
CHEMBL422860,CN(C)C(=O)Oc1ccc2c(c1)C(N)CCC2,1480.0,intermediate,234.29899999999992,2.0831,1.0,3.0
CHEMBL147527,C#CCN(C)C(C)Cc1cccc(OC(=O)N(C)CC)c1,234000.0,inactive,288.391,2.6331000000000007,0.0,3.0
CHEMBL555773,CCCCCCN(C)C(=O)Oc1ccc2c(c1)C(N)CC2.Cl,530.0,active,326.8680000000001,4.065300000000003,1.0,3.0
CHEMBL542018,CCNC(=O)Oc1ccc2c(c1)C(N)CC2.Cl,17700.0,inactive,256.73299999999995,2.1627000000000005,2.0,3.0
CHEMBL151387,CN(C)C(=O)Oc1ccc2c(c1)CC(N)CC2,3240.0,intermediate,234.29899999999992,1.563,1.0,3.0
CHEMBL357492,CCN(C)C(=O)Oc1ccc2c(c1)CC(N)CC2,79600.0,inactive,248.32599999999994,1.9530999999999998,1.0,3.0
CHEMBL545331,C#CCN(C)C1CCc2cccc(OC(=O)N(C)C)c21.Cl,7000.0,intermediate,308.809,2.721100000000001,0.0,3.0
CHEMBL150638,C#CCN(C)CCc1cccc(OC(=O)N(C)C)c1,850.0,active,260.337,1.8545000000000003,0.0,3.0
CHEMBL151923,C#CCNC(C)Cc1cccc(OC(=O)N(C)CC)c1,33900.0,inactive,274.364,2.2909000000000006,1.0,3.0
CHEMBL151922,C#CCNC(C)Cc1cccc(OC(=O)N(C)CCC)c1,19100.0,inactive,288.391,2.681000000000001,1.0,3.0
CHEMBL1788297,C#CCN(C)[C@@H]1CCc2ccc(OC(=O)N(C)CC)cc21.Cl,1200000.0,inactive,322.83599999999996,3.1112000000000024,0.0,3.0
CHEMBL151125,C#CCN(C)C(C)Cc1cccc(OC(=O)N(C)C2CCCCC2)c1,8670.0,intermediate,342.4830000000002,3.9459000000000035,0.0,3.0
CHEMBL542749,CCN(C)C(=O)Oc1cccc2c1C(N)CC2.Cl,10500.0,inactive,270.75999999999993,2.5049000000000006,1.0,3.0
CHEMBL544396,CCN(C)C(=O)Oc1cccc2c1CCC2N.Cl,26.0,active,270.75999999999993,2.5048999999999997,1.0,3.0
CHEMBL1788306,C#CCN[C@@H]1CCc2ccc(OC(=O)N(C)CCCC)cc21.Cl,11600.0,inactive,336.863,3.549200000000003,1.0,3.0
CHEMBL151225,C#CCNC1CCc2ccc(OC(=O)N(C)CC)cc2C1,204000.0,inactive,286.375,2.2172,1.0,3.0
CHEMBL356385,C#CCN(C)C(C)Cc1cccc(OC(=O)N(C)CCCCCC)c1,3060.0,intermediate,344.4990000000002,4.193500000000004,0.0,3.0
CHEMBL148771,C#CCC1CCCc2ccc(OC(=O)N(C)CC)cc21,52400.0,inactive,271.36,3.580300000000002,0.0,2.0
CHEMBL1788298,C#CCN[C@@H]1CCc2ccc(OC(=O)N(C)C)cc21.Cl,1800.0,intermediate,294.782,2.378900000000001,1.0,3.0
CHEMBL347503,C#CCNCCc1cccc(OC(=O)N(C)C)c1,220.0,active,246.30999999999997,1.5123000000000002,1.0,3.0
CHEMBL543218,C#CCNC1CCc2ccc(OC(=O)NCCC)cc21.Cl,2380.0,intermediate,308.8089999999999,2.8169000000000017,2.0,3.0
CHEMBL542016,C#CCN(C)C1CCc2c(OC(=O)N(C)CC)cccc21.Cl,14900.0,inactive,322.83599999999996,3.1112000000000024,0.0,3.0
CHEMBL545566,CCN(C)C(=O)Oc1ccc2c(c1)C(N)CC2.Cl,19000.0,inactive,270.75999999999993,2.5049000000000006,1.0,3.0
CHEMBL543217,COc1ccc(N(C)C(=O)Oc2ccc3c(c2)C(N)CC3)cc1.Cl,300.0,active,348.8300000000001,3.698200000000002,1.0,4.0
CHEMBL146873,C#CCN(C)C(C)Cc1cccc(OC(=O)N(C)C)c1,1640.0,intermediate,274.364,2.2430000000000003,0.0,3.0
CHEMBL554179,C#CCNC1CCc2c(OC(=O)N(C)C)cccc21.Cl,53.0,active,294.782,2.378900000000001,1.0,3.0
CHEMBL556147,CNC1CCc2cccc(OC(=O)N(C)C)c21.Cl,510.0,active,270.75999999999993,2.375500000000001,1.0,3.0
CHEMBL544398,CN(C)C(=O)Oc1cccc2c1CCC2N(C)C.Cl,13.0,active,284.7869999999999,2.717700000000002,0.0,3.0
CHEMBL555641,CN(C)C(=O)Oc1ccc2c(c1)C(N)CC2.Cl,760.0,active,256.73299999999995,2.1148000000000002,1.0,3.0
CHEMBL538071,CN(C)C(=O)Oc1cccc2c1C(N)CC2.Cl,460.0,active,256.73299999999995,2.1148000000000002,1.0,3.0
CHEMBL541363,C#CCN(C)C1CCc2cccc(OC(=O)N(C)CC)c21.Cl,439000.0,inactive,322.83600000000007,3.1112000000000024,0.0,3.0
CHEMBL540352,CCCNC1CCc2ccc(OC(=O)N(C)CC)cc21.Cl,3600.0,intermediate,312.84099999999995,3.545800000000003,1.0,3.0
CHEMBL2093015,C#CCN[C@H]1CCc2ccc(OC(=O)N(C)C)cc21.Cl,2250.0,intermediate,294.782,2.378900000000001,1.0,3.0
CHEMBL347527,CNCCc1cccc(OC(=O)N(C)C)c1,280.0,active,222.28799999999995,1.5089000000000001,1.0,3.0
CHEMBL542265,CCCN(C)C(=O)Oc1ccc2c(c1)C(N)CC2.Cl,7300.0,intermediate,284.787,2.895000000000001,1.0,3.0
CHEMBL543220,CCCNC(=O)Oc1ccc2c(c1)C(N)CC2.Cl,1480.0,intermediate,270.75999999999993,2.552800000000001,2.0,3.0
CHEMBL2093014,C#CCN[C@H]1CCc2ccc(OC(=O)N(C)CC)cc21.Cl,34900.0,inactive,308.8089999999999,2.7690000000000015,1.0,3.0
CHEMBL556161,C#CCNC1CCc2c(Cl)cc(OC(=O)N(C)CCC)cc21.Cl,43900.0,inactive,357.2810000000001,3.812500000000003,1.0,3.0
CHEMBL151368,CN(C)CCc1cccc(OC(=O)N(C)C)c1,160.0,active,236.31499999999997,1.8511000000000002,0.0,3.0
CHEMBL2093013,C#CCN[C@@H]1CCc2ccc(OC(=O)N(C)CCC)cc21.Cl,10800.0,inactive,322.83599999999996,3.1591000000000027,1.0,3.0
CHEMBL541885,C#CCNC1CCc2ccc(OC(=O)N(C)CCCC)cc21.Cl,11300.0,inactive,336.863,3.549200000000003,1.0,3.0
CHEMBL147524,CN(C)C(=O)Oc1cccc(CCN)c1,230.0,active,208.26099999999994,1.2482000000000002,1.0,3.0
CHEMBL147031,C#CCNC(C)Cc1cccc(OC(=O)N(C)CCCC)c1,12200.0,inactive,302.41800000000006,3.0711000000000013,1.0,3.0
CHEMBL544166,C#CCN(C)C1CCc2cccc(OC(=O)N(C)CCC)c21.Cl,1000000.0,inactive,336.8630000000001,3.5013000000000027,0.0,3.0
CHEMBL359288,C#CCC1CCCc2ccc(OC(=O)N(C)C)cc21,3940.0,intermediate,257.333,3.1902000000000017,0.0,2.0
CHEMBL357953,C#CC(C)NCCc1cccc(OC(=O)N(C)CC)c1,13900.0,inactive,274.364,2.2909000000000006,1.0,3.0
CHEMBL539571,C#CCNC1CCc2ccc(OC(=O)N(CC)CCCC)cc21.Cl,72400.0,inactive,350.89000000000004,3.9393000000000034,1.0,3.0
CHEMBL450931,C#CCNCCc1cccc(OC(=O)N(C)CCC)c1,15400.0,inactive,274.364,2.2925000000000004,1.0,3.0
CHEMBL358026,C#CCNC(C)Cc1cccc(OC(=O)N(C)C)c1,540.0,active,260.337,1.9008,1.0,3.0
CHEMBL2093017,C#CCN(C)[C@@H](C)Cc1cccc(OC(=O)N(C)C2CCCCC2)c1,6300.0,intermediate,342.4830000000002,3.9459000000000035,0.0,3.0
CHEMBL148879,C#CCNC(C)Cc1cccc(OC(=O)N(C)C2CCCCC2)c1,3600.0,intermediate,328.4560000000002,3.6037000000000026,1.0,3.0
CHEMBL151194,CCCN(C)C(=O)Oc1cccc(CCN)c1,7800.0,intermediate,236.31499999999997,2.0284,1.0,3.0
CHEMBL543216,C#CCNC1CCc2ccc(OC(=O)N(C)c3ccccc3)cc21.Cl,550.0,active,356.853,3.9537000000000035,1.0,3.0
CHEMBL151388,CCN(C)C(=O)Oc1ccc2c(c1)C(N)CCC2,6220.0,intermediate,248.32599999999994,2.4732000000000003,1.0,3.0
CHEMBL554056,C#CCNC1CCc2ccc(OC(=O)N(CC)C3CCCCC3)cc21.Cl,17900.0,inactive,376.92800000000017,4.471900000000005,1.0,3.0
CHEMBL544165,C#CCNC1CCc2c(Cl)cc(OC(=O)N(C)CC)cc21.Cl,25500.0,inactive,343.2540000000001,3.4224000000000028,1.0,3.0
CHEMBL542981,C#CCNC1CCc2cccc(OC(=O)N(C)CCC)c21.Cl,45800.0,inactive,322.83600000000007,3.1591000000000027,1.0,3.0
CHEMBL554453,C#CCNC1CCc2ccc(OC(=O)N(C)C)cc21.Cl,2900.0,intermediate,294.782,2.378900000000001,1.0,3.0
CHEMBL2093019,C#CCN[C@H]1CCc2ccc(OC(=O)N(C)CCCC)cc21.Cl,9300.0,intermediate,336.863,3.549200000000003,1.0,3.0
CHEMBL545798,C#CCN(C)C1CCc2ccc(OC(=O)N(C)CCC)cc21.Cl,1000000.0,inactive,336.863,3.5013000000000027,0.0,3.0
CHEMBL1788296,CCN(C)C(=O)Oc1ccc2c(c1)[C@H](N)CC2.Cl,6140.0,intermediate,270.75999999999993,2.5049000000000006,1.0,3.0
CHEMBL541620,C#CCNC1CCc2ccc(OC(=S)N(C)CC)cc21.Cl,500000.0,inactive,324.877,2.9339000000000017,1.0,3.0
CHEMBL554055,C#CCN(C)C1CCc2ccc(OC(=O)N(C)CC)cc21.Cl,1300000.0,inactive,322.83599999999996,3.1112000000000024,0.0,3.0
CHEMBL555592,C#CCNC1CCc2ccc(OC(=O)N(C)CCC)cc21.Cl,14600.0,inactive,322.83599999999996,3.1591000000000027,1.0,3.0
CHEMBL556028,C#CCNC1CCc2ccc(OC(=O)N(C)CCCCCC)cc21.Cl,15700.0,inactive,364.9170000000001,4.329400000000005,1.0,3.0
CHEMBL147033,C#CCNC1CCc2ccc(OC(=O)N(C)C)cc2C1,4100.0,intermediate,272.348,1.8271000000000002,1.0,3.0
CHEMBL151861,C#CC(C)NCCc1cccc(OC(=O)N(C)C)c1,170.0,active,260.337,1.9008,1.0,3.0
CHEMBL545797,C#CCN(CC)C1CCc2ccc(OC(=O)N(C)C)cc21.Cl,17900.0,inactive,322.83599999999996,3.1112000000000024,0.0,3.0
CHEMBL148760,C#CC(C)NC1CCc2ccc(SC(=O)N(C)C)cc21,1800.0,intermediate,288.41600000000005,3.0589000000000013,1.0,3.0
CHEMBL543215,C#CCNC1CCc2ccc(OC(=O)N(C)C3CCCCC3)cc21.Cl,41200.0,inactive,362.9010000000001,4.081800000000005,1.0,3.0
CHEMBL1788300,C#CCN[C@H]1CCc2ccc(OC(=O)N(C)CCC)cc21.Cl,8500.0,intermediate,322.83599999999996,3.1591000000000027,1.0,3.0
CHEMBL545334,C#CCNC1CCc2ccc(OC(=S)N(C)C)cc21.Cl,500000.0,inactive,310.84999999999997,2.5438000000000014,1.0,3.0
CHEMBL542266,CN(C)C(=O)Oc1ccc2c(c1)C(N(C)C)CC2.Cl,2150.0,intermediate,284.7869999999999,2.717700000000002,0.0,3.0
CHEMBL151883,C#CCNCCc1cccc(OC(=O)N(C)CC)c1,30200.0,inactive,260.33699999999993,1.9024,1.0,3.0
CHEMBL151559,C#CCN(C)CCc1cccc(OC(=O)N(C)CC)c1,16600.0,inactive,274.364,2.2446,0.0,3.0
CHEMBL2093018,C#CCN(C)[C@@H](C)Cc1cccc(OC(=O)N(C)CCCCCC)c1,3400.0,intermediate,344.4990000000002,4.193500000000004,0.0,3.0
CHEMBL2368067,C/C=C(\C)C(=O)N[C@H]1CC[C@@]2(C)C(=CC[C@H]3[C@@H]4CC[C@H]([C@H](C)N(C)C)[C@@]4(C)CC[C@@H]32)[C@H]1O,30199.52,inactive,442.6880000000002,4.937300000000006,2.0,3.0
CHEMBL267649,CN(C)Cc1ccc(CSCc2ccccc2CSCc2ccc(CN(C)C)o2)o1,9000.0,intermediate,444.6660000000003,5.862600000000007,0.0,6.0
CHEMBL13426,CN(C)Cc1ccc(CSCCCCCCCSCc2ccc(CN(C)C)o2)o1,610.0,active,438.70300000000015,6.112900000000007,0.0,6.0
CHEMBL418714,CN(C)Cc1ccc(CSCCCCCCCCSCc2ccc(CN(C)C)o2)o1,470.0,active,452.7300000000002,6.503000000000008,0.0,6.0
CHEMBL60380,CCCCNC(=O)Oc1ccc2c(c1)C1CCN(CC)C2C1,206.0,active,302.41800000000006,3.829100000000003,1.0,3.0
CHEMBL136933,C[C@@H]([C@H]1CC[C@H]2[C@@H]3CC[C@H]4C[C@@H](NC(=O)c5ccccc5)CC[C@]4(C)[C@H]3CC[C@]12C)N(C)C,28840.32,inactive,450.71100000000035,6.394000000000007,1.0,2.0
CHEMBL139630,CC(=O)O[C@@H]1C2CC[C@H]3C4CC=C([C@H](C)N(C)C)[C@@]4(C)CC[C@@H]3[C@@]2(C)CC[C@@H]1NC(=O)C=C(C)C,5248.07,intermediate,484.72500000000036,5.508100000000005,1.0,4.0
CHEMBL136611,CN[C@@H](C)C1=CC[C@H]2[C@@H]3CC=C4C[C@@H](OC)CC[C@]4(C)[C@H]3CC[C@]12C,83176.38,inactive,343.5550000000001,5.108400000000005,1.0,2.0
CHEMBL343780,C/C=C(\C)C(=O)N[C@H]1CC[C@@]2(C)C(=CC[C@H]3[C@@H]4CC[C@H]([C@H](C)N(C)C)[C@@]4(C)CC[C@@H]32)C1=O,7079.46,intermediate,440.67200000000025,5.1455000000000055,1.0,3.0
CHEMBL64633,CCCCCCNC(=O)Oc1ccc2c(c1)C1(C)CCN(CC)C2C1,133.0,active,344.4990000000002,4.783400000000004,1.0,3.0
CHEMBL12473,CN(C)Cc1ccc(CSCc2cccc(CSCc3ccc(CN(C)C)o3)c2)o1,1500.0,intermediate,444.6660000000002,5.862600000000007,0.0,6.0
CHEMBL12941,CN(C)Cc1ccc(CSCCNC(=O)CSCc2ccc(CN(C)C)o2)o1,2500.0,intermediate,425.6200000000002,3.2786000000000017,1.0,7.0
CHEMBL12781,CN(C)Cc1ccc(CSCc2ccc(-c3ccc(CSCc4ccc(CN(C)C)o4)cc3)cc2)o1,180.0,active,520.7640000000002,7.529600000000008,0.0,6.0
CHEMBL60379,CCN1CCC2CC1c1ccc(OC(=O)NC)cc12,171.0,active,260.337,2.6588000000000003,1.0,3.0
CHEMBL268499,CN(C)Cc1ccc(CSCCCCCCSCc2ccc(CN(C)C)o2)o1,740.0,active,424.67600000000016,5.7228000000000065,0.0,6.0
CHEMBL13206,CN(C)Cc1ccc(CSCCN/C=C(/NCCSCc2ccc(CN(C)C)o2)[N+](=O)[O-])o1,74.0,active,497.6870000000003,3.417200000000003,2.0,10.0
CHEMBL418712,CN(C)Cc1ccc(CSCCCCCCCCCSCc2ccc(CN(C)C)o2)o1,460.0,active,466.75700000000023,6.893100000000008,0.0,6.0
CHEMBL413039,CC(=O)O[C@H]1[C@@H](NC(=O)c2ccccc2)[C@@H](O)C[C@]2(C)[C@H]3CC[C@]4(C)[C@@H]([C@H](C)N(C)C)CC[C@H]4[C@@H]3CC[C@@H]12,229086.77,inactive,524.7460000000005,4.906400000000005,2.0,5.0
CHEMBL64529,CCCCCCCNC(=O)Oc1ccc2c(c1)C1CCN(C)C2C1,143.0,active,330.47200000000015,4.609300000000004,1.0,3.0
CHEMBL136135,C/C=C(\C)C(=O)NC1=CC[C@@]2(C)[C@@H](CC[C@H]3C4CC[C@H]([C@H](C)N(C)C)[C@@]4(C)CC[C@@H]32)C1=O,13803.84,inactive,440.67200000000025,5.350600000000006,1.0,3.0
CHEMBL13522,CN(C)Cc1ccc(CSCc2ccc(CN(C)C)o2)o1,44000.0,inactive,308.44700000000006,3.4292000000000025,0.0,5.0
CHEMBL13214,CN(C)Cc1ccc(CSCCNC(=O)NCCSCc2ccc(CN(C)C)o2)o1,48000.0,inactive,454.66200000000026,3.4616000000000025,2.0,7.0
CHEMBL12937,CN(C)Cc1ccc(CSCCCCSCc2ccc(CN(C)C)o2)o1,210.0,active,396.6220000000001,4.942600000000005,0.0,6.0
CHEMBL139424,C/C=C(\C)C(=O)N[C@@H]1C=C2CC[C@H]3[C@@H]4CC[C@H]([C@H](C)N(C)C)[C@@]4(C)CC[C@@H]3[C@@]2(C)C[C@@H]1O,15848.93,inactive,442.6880000000003,4.937300000000006,2.0,3.0
CHEMBL343054,C/C=C(\C)C(=O)N[C@@H]1[C@H](OC(C)=O)[C@@H]2CC[C@H]3C4=CC[C@H]([C@H](C)N(C)C)[C@@]4(C)CC[C@@H]3[C@@]2(C)C[C@@H]1O,61659.5,inactive,500.72400000000033,4.478900000000005,2.0,5.0
CHEMBL292421,CCCCCCCNC(=O)Oc1ccc2c(c1)C1CCN(CC)C2C1,169.0,active,344.4990000000002,4.999400000000005,1.0,3.0
CHEMBL343365,C[C@@H]([C@H]1CC[C@H]2[C@@H]3CC[C@H]4C[C@@H](NC(=O)c5ccccc5)[C@@H](O)C[C@]4(C)[C@H]3CC[C@]12C)N(C)C,77624.71,inactive,466.7100000000003,5.364800000000005,2.0,3.0
CHEMBL335133,C[C@@H]([C@H]1CC[C@H]2[C@@H]3CC[C@H]4C(=O)C(NC(=O)c5ccccc5)=CC[C@]4(C)[C@H]3CC[C@]12C)N(C)C,5248.07,intermediate,462.6780000000003,5.698200000000006,1.0,3.0
CHEMBL12858,CN(C)Cc1ccc(CSCCNC(=NC#N)NCCSCc2ccc(CN(C)C)o2)o1,290.0,active,478.6880000000003,3.1786800000000017,2.0,8.0
CHEMBL424100,C/C(=C\C(=O)N(C)[C@H]1CC[C@@]2(C)[C@@H](CC[C@@H]3[C@@H]2CC[C@]2(C)C([C@H](C)N(C)C)=CC[C@@H]32)C1)C(C)C,6165.95,intermediate,468.7700000000003,6.944800000000009,0.0,2.0
CHEMBL13166,CN(C)Cc1ccc(CSCCCCCSCc2ccc(CN(C)C)o2)o1,900.0,active,410.64900000000017,5.332700000000005,0.0,6.0
CHEMBL13122,CN(C)Cc1ccc(CSCCNc2cc(NCCSCc3ccc(CN(C)C)o3)c([N+](=O)[O-])cc2[N+](=O)[O-])o1,28.0,active,592.7440000000004,5.502800000000005,2.0,12.0
CHEMBL137721,CN[C@H]1CC[C@@]2(C)[C@@H](CC[C@@H]3[C@@H]2CC[C@]2(C)C([C@H](C)N(C)C)=CC[C@@H]32)C1,20417.38,inactive,358.61400000000015,5.103500000000006,1.0,2.0
CHEMBL139685,CN[C@H]1CC[C@@]2(C)C(CC[C@H]3[C@@H]4CC[C@H]([C@H](C)N(C)C)[C@@]4(C)CC[C@@H]32)C1,6165.95,intermediate,360.6300000000002,5.183400000000005,1.0,2.0
CHEMBL342245,C/C=C(\C)C(=O)N[C@H]1C(OC(C)=O)C[C@@]2(C)C(CC[C@H]3C4CC=C([C@H](C)N(C)C)[C@@]4(C)CC[C@@H]32)[C@H]1OC(C)=O,50118.72,inactive,542.7610000000003,5.049700000000005,1.0,6.0
CHEMBL275537,CN(C)Cc1ccc(CSCCCSCc2ccc(CN(C)C)o2)o1,330.0,active,382.5950000000001,4.552500000000005,0.0,6.0
CHEMBL409854,C[C@@H]([C@H]1CC[C@H]2[C@@H]3CC[C@H]4C[C@@H](N(C)C(=O)/C=C/c5ccccc5)CC[C@]4(C)[C@H]3CC[C@]12C)N(C)C,19498.45,inactive,490.77600000000035,7.135800000000009,0.0,2.0
CHEMBL12547,CN(C)Cc1ccc(CSCCCCCCCCCCSCc2ccc(CN(C)C)o2)o1,1300.0,intermediate,480.7840000000003,7.28320000000001,0.0,6.0
CHEMBL344593,C/C(=C\C(=O)N(C)[C@H]1CC[C@@]2(C)[C@@H](CC[C@@H]3[C@@H]2CC[C@]2(C)[C@@H]([C@H](C)N(C)C)CC[C@@H]32)C1)C(C)C,6456.54,intermediate,470.78600000000034,7.024700000000009,0.0,2.0
CHEMBL337494,C/C=C(\C)C(=O)N[C@@H]1[C@H](O)C2CC[C@H]3C4=CC[C@H]([C@H](C)N(C)C)[C@@]4(C)CC[C@@H]3[C@@]2(C)C[C@@H]1O,33113.11,inactive,458.6870000000003,3.9081000000000032,3.0,4.0
CHEMBL13308,CN(C)Cc1ccc(CSCCSCc2ccc(CN(C)C)o2)o1,500.0,active,368.5680000000001,4.162400000000003,0.0,6.0
CHEMBL344384,C[C@@H]([C@H]1CC[C@H]2[C@@H]3CC=C4C[C@@H](N(C)C)CC[C@]4(C)[C@H]3CC[C@]12C)N(C)C,39810.72,inactive,372.64100000000013,5.445700000000007,0.0,2.0
CHEMBL136251,C/C=C(\C)C(=O)N[C@@H]1C=C2CC[C@H]3C4=CC[C@H]([C@H](C)N(C)C)[C@@]4(C)CC[C@@H]3[C@@]2(C)CC1,7762.47,intermediate,424.6730000000003,5.886600000000007,1.0,2.0
CHEMBL136765,CC(=O)N(C)[C@@H](C)[C@H]1CC[C@H]2[C@@H]3CC=C4C[C@@H](N(C)C)CC[C@]4(C)[C@H]3CC[C@]12C,19952.62,inactive,400.6510000000003,5.362400000000005,0.0,2.0
CHEMBL140241,CO[C@H]1CC[C@@]2(C)C(=CC[C@@H]3[C@@H]2CC[C@]2(C)C([C@H](C)N(C)C=O)=CC[C@@H]32)C1,48977.88,inactive,371.5650000000001,4.977200000000005,0.0,2.0
CHEMBL137039,C/C=C(\C)C(=O)N[C@H]1CC[C@@]2(C)C(=CC[C@H]3C4=CC[C@H]([C@H](C)N(C)C)[C@@]4(C)CC[C@@H]32)C1=O,5754.4,intermediate,438.65600000000023,5.065600000000005,1.0,3.0
CHEMBL422098,CC(=O)N[C@H]1CC[C@@]2(C)[C@@H](CC[C@@H]3[C@@H]2CC[C@]2(C)[C@@H]([C@H](C)N(C)C)CC[C@@H]32)C1,69183.1,inactive,388.64000000000016,5.100100000000006,1.0,2.0
CHEMBL434042,CC(=O)N(C)[C@H]1CC[C@@]2(C)[C@@H](CC[C@@H]3[C@@H]2CC[C@]2(C)[C@@H]([C@H](C)N(C)C)CC[C@@H]32)C1,70794.58,inactive,402.6670000000002,5.442300000000006,0.0,2.0
CHEMBL136052,CC(=O)N(C)[C@@H](C)[C@H]1CC[C@H]2[C@@H]3CC[C@H]4C[C@@H](N(C)C)CC[C@]4(C)[C@H]3CC[C@]12C,50118.72,inactive,402.66700000000026,5.442300000000006,0.0,2.0
CHEMBL413549,CCCCCCNC(=O)Oc1ccc2c(c1)C1CCN(CC)C2C1,125.0,active,330.47200000000015,4.609300000000004,1.0,3.0
CHEMBL12472,CN(C)Cc1ccc(CSCc2ccc(CSCc3ccc(CN(C)C)o3)cc2)o1,260.0,active,444.6660000000002,5.862600000000007,0.0,6.0
CHEMBL421920,C/C=C(\C)C(=O)N[C@@H]1[C@H](OC(C)=O)[C@@H]2CC[C@@H]3[C@H](CC[C@]4(C)[C@@H]([C@H](C)N(C)C)CC[C@@H]34)[C@@]2(C)C[C@@H]1O,181970.09,inactive,502.74000000000035,4.558800000000005,2.0,5.0
CHEMBL136317,C[C@H](NC=O)[C@H]1CC[C@H]2[C@@H]3CC[C@H]4C[C@@H](N(C)C)CC[C@]4(C)[C@H]3CC[C@]12C,6456.54,intermediate,374.6130000000002,4.710000000000004,1.0,2.0
CHEMBL302168,CCCCCCCNC(=O)Oc1ccc2c(c1)C1(C)CCN(CC)C2C1,159.0,active,358.52600000000024,5.173500000000005,1.0,3.0
CHEMBL1202417,CN(C)Cc1ccc(CSCC/N=C/NCCSCc2ccc(CN(C)C)o2)o1.Cl,3000.0,intermediate,475.1240000000002,4.202100000000004,1.0,7.0
CHEMBL61274,CCCCCCNC(=O)Oc1ccc2c(c1)C1CCN(C)C2C1,72.0,active,316.4450000000001,4.219200000000003,1.0,3.0
CHEMBL136686,CO[C@@H]1CC2=CC[C@@H]3[C@H](CC[C@]4(C)C([C@H](C)N(C)C)=CC[C@@H]34)[C@@]2(C)C[C@@H]1O,251188.64,inactive,373.58100000000013,4.421400000000005,1.0,3.0
CHEMBL342394,CO[C@H]1CC[C@@]2(C)C(=CC[C@H]3[C@@H]4CC[C@H]([C@H](C)N(C)C)[C@@]4(C)CC[C@@H]32)C1,42657.95,inactive,359.5980000000002,5.530500000000006,0.0,2.0
CHEMBL338755,CN(CCCNc1c2c(nc3ccccc13)CCCC2)CCCNc1c2c(nc3ccccc13)CCCC2,0.3,active,507.72600000000045,6.776600000000006,2.0,5.0
CHEMBL362444,CNC(=O)Oc1ccc2c(c1)[C@]1(C)CCOC1N2C,27.0,active,262.30899999999997,1.8587,1.0,4.0
CHEMBL367795,CCNC(=O)Oc1ccc2c(c1)[C@]1(C)CCOC1N2C,82.0,active,276.33599999999996,2.2488,1.0,4.0
CHEMBL362049,Cc1ccccc1NC(=O)Oc1ccc2c(c1)[C@]1(C)CCOC1N2C,13.0,active,338.4070000000001,4.059820000000003,1.0,4.0
CHEMBL178132,CC(C)c1ccc(NC(=O)Oc2ccc3c(c2)[C@]2(C)CCOC2N3C)cc1,3860.0,intermediate,366.4610000000001,4.874800000000004,1.0,4.0
CHEMBL361409,CCNC(=O)Oc1ccc2c(c1)[C@]1(C)CCN(C)C1N2C,94.0,active,289.37899999999996,2.1640000000000006,1.0,4.0
CHEMBL369554,CCNC(=O)Oc1ccc2c(c1)C1(C)CCOC1O2,360.0,active,263.29299999999995,2.1914,1.0,4.0
CHEMBL178770,Cc1ccccc1NC(=O)Oc1ccc2c(c1)C1(C)CCOC1O2,23.0,active,325.3640000000001,4.0024200000000025,1.0,4.0
CHEMBL179320,CC(C)c1ccc(NC(=O)Oc2ccc3c(c2)C2(C)CCOC2O3)cc1,2650.0,intermediate,353.4180000000001,4.817400000000005,1.0,4.0
CHEMBL362704,CCNC(=O)Oc1ccc2c(c1)C1(C)COC(C1)O2,830.0,active,263.29299999999995,2.1914,1.0,4.0
CHEMBL178294,Cc1ccccc1NC(=O)Oc1ccc2c(c1)C1(C)COC(C1)O2,56.0,active,325.3640000000001,4.002420000000003,1.0,4.0
CHEMBL178792,CC(C)c1ccc(NC(=O)Oc2ccc3c(c2)C2(C)COC(C2)O3)cc1,4300.0,intermediate,353.4180000000001,4.817400000000005,1.0,4.0
CHEMBL539624,CCc1ccccc1NC(=O)Oc1ccc2c(c1)[C@]1(C)CC[N+](C)([O-])[C@@H]1N2C.Cl,125.0,active,417.9370000000002,4.6634000000000055,1.0,4.0
CHEMBL345124,CC[N+](C)(CC)CCC[n+]1c(-c2ccccc2)c2cc(N)ccc2c2ccc(N)cc21.[I-].[I-],32300.0,inactive,668.4050000000002,-1.0035999999999945,2.0,2.0
CHEMBL179455,Nc1ccc2c(c1)c(-c1ccccc1)[n+](CCCNCCCNCCCNc1c3c(nc4ccccc14)CCCC3)c1cc(N)ccc21,1.55,active,638.884,7.000500000000006,5.0,6.0
CHEMBL361165,COc1ccccc1CN(C)CCCN(C)CCCNCCC[n+]1c(-c2ccccc2)c2cc(N)ccc2c2ccc(N)cc21,952.0,active,605.851,5.944200000000005,3.0,6.0
CHEMBL535812,CCC1=CC2Cc3nc4ccccc4c(NCCCCCCCCNc4c5c(nc6ccccc46)CCCC5)c3C(C1)C2.Cl.Cl,0.82,active,645.7630000000003,10.756099999999988,2.0,4.0
CHEMBL359719,COc1ccc(-c2cc3c(c(=O)o2)C[C@@]2(O)[C@@]4(C)CCC(=O)OC(C)(C)[C@@]4(O)CC[C@@]2(C)O3)cc1,2500.0,intermediate,484.54500000000036,3.3869000000000025,2.0,8.0
CHEMBL183507,COc1ccc(-c2cc3c(c(=O)o2)C[C@@]2(O)[C@@]4(C)C(=O)[C@@]5(OC)C(=O)O[C@]4(CC[C@@]2(C)O3)C5(C)C)cc1,230.0,active,510.5390000000004,2.829900000000001,1.0,9.0
CHEMBL424984,COc1ccc(-c2cc3c(c(=O)o2)C[C@@]2(O)[C@@]4(C)C=CC(=O)C(C)(C)[C@@]4(O)CC[C@@]2(C)O3)cc1,90.0,active,466.53000000000026,3.4364000000000026,2.0,7.0
CHEMBL183813,COc1ccc(-c2cc3c(c(=O)o2)C[C@@]2(O)[C@@]4(C)CCC(=O)C(C)(C)[C@@]4(O)CC[C@@]2(C)O3)cc1,60.0,active,468.54600000000033,3.6604000000000028,2.0,7.0
CHEMBL367571,COC1=CC(=O)[C@]2(C)[C@]3(O)Cc4c(cc(-c5cc(OC)c(OC)c(OC)c5)oc4=O)O[C@]3(C)CC[C@]2(O)C1(C)C,420.0,active,556.6080000000004,3.4277000000000024,2.0,10.0
CHEMBL1161674,NC1=C2CCCCC2=NC2CCCCC12,363.08,active,204.31699999999998,2.7866000000000017,1.0,2.0
CHEMBL1161714,Nc1c2c(nc3cccc(F)c13)C1CC(C2)C1,28.84,active,228.26999999999992,3.0058000000000016,1.0,2.0
CHEMBL1161715,Nc1c2c(nc3ccc(O)cc13)CCCC2,162.18,active,214.26799999999994,2.4014000000000006,2.0,3.0
CHEMBL143812,CCC1=CC2Cc3nc4cc(Cl)ccc4c(N)c3C(C1)C2,0.3236,active,298.8170000000001,4.856500000000003,1.0,2.0
CHEMBL1161719,C=C1c2ccccc2N=C2CCCCCN12,3715.35,intermediate,212.2959999999999,3.576900000000002,0.0,2.0
CHEMBL1161720,C=C1c2cccc(Cl)c2N=C2CCCCCN12,1513.56,intermediate,246.74099999999993,4.230300000000003,0.0,2.0
CHEMBL1161717,C=C1c2ccc(Cl)cc2N=C2CCCCCN12,158.49,active,246.74099999999993,4.230300000000003,0.0,2.0
CHEMBL1161718,C=C1c2cc(Cl)ccc2N=C2CCCCCN12,501.19,active,246.74099999999993,4.230300000000003,0.0,2.0
CHEMBL1161716,C=C1c2c(Cl)cccc2N=C2CCCCCN12,1698.24,intermediate,246.7409999999999,4.230300000000003,0.0,2.0
CHEMBL188823,COc1cc2onc(CCC3CCN(Cc4ccccc4)CC3)c2cc1C,5.8,active,364.48900000000015,4.989620000000005,0.0,4.0
CHEMBL426441,CN1C(=O)Cc2cc3onc(CCC4CCN(Cc5ccccc5)CC4)c3cc21,0.48,active,389.4990000000001,4.191500000000004,0.0,4.0
CHEMBL185799,COc1cc2c(cc1OC)C(=O)C(C1CC[N+](C)(Cc3ccccc3)CC1)=C2,250.0,active,378.49200000000013,4.340300000000004,0.0,3.0
CHEMBL186144,COc1cc2cc(C(=O)C3CCC[N+](C)(Cc4ccccc4)CC3)sc2cc1OC,8.0,active,424.5860000000001,5.548100000000006,0.0,4.0
CHEMBL361869,COc1cc2cc(C(=O)C3CC[N+](C)(Cc4ccccc4)CCC3O)sc2cc1OC,43.0,active,440.58500000000015,4.518900000000005,1.0,5.0
CHEMBL189283,COc1cc2cc(C(=O)CC3CCC(O)C[N+](C)(Cc4ccccc4)CC3)sc2cc1OC,380.0,active,468.63900000000024,5.2991000000000055,1.0,5.0
CHEMBL362711,COc1cc2cc(C(=O)CC3CCCC[N+](C)(Cc4ccccc4)CC3)sc2cc1OC,110.0,active,452.64000000000016,6.328300000000008,0.0,4.0
CHEMBL185976,COc1cc2cc(C(=O)C3CC[N+](C)(Cc4ccccc4)CCC3OC)sc2cc1OC,120.0,active,454.6120000000002,5.173000000000005,0.0,5.0
CHEMBL188325,COc1cc2cc(C(=O)C3=CC[N+](C)(Cc4ccccc4)CC3)sc2cc1OC,520.0,active,408.5430000000002,5.078100000000006,0.0,4.0
CHEMBL187812,COc1cc2cc(C3CC[N+](C)(Cc4ccccc4)CC3O)sc2cc1OC,19580.0,inactive,398.5480000000001,4.413500000000004,1.0,4.0
CHEMBL191729,COc1cc2cc(C3=CC[N+](C)(Cc4ccccc4)CC3)sc2cc1OC,2670.0,intermediate,380.5330000000002,5.352400000000006,0.0,3.0
CHEMBL364125,COCC[N+]1(C)CCCC(C(=O)c2cc3cc(OC)c(OC)cc3s2)CC1,53.0,active,392.54100000000017,3.9943000000000035,0.0,5.0
CHEMBL610243,COc1cc2cc(C(=O)C3CCC[N+](C)(Cc4ccc([N+](=O)[O-])o4)CC3)sc2cc1OC.[I-],32.0,active,586.4480000000002,2.0533,0.0,7.0
CHEMBL372491,COc1cc2cc(C(=O)C3CCC[N+](C)(CC4CCCCO4)CC3)sc2cc1OC,28.0,active,432.6060000000003,4.917000000000005,0.0,5.0
CHEMBL364585,COc1cc2cc(C(=O)C3CCC[N+](C)(CC(=O)OC(C)(C)C)CC3)sc2cc1OC,79.0,active,448.60500000000025,4.689600000000005,0.0,6.0
CHEMBL188917,COc1cc2cc(C(=O)C3CCC[N+](C)(CCOc4ccccc4)CC3)sc2cc1OC,390.0,active,454.61200000000014,5.426900000000006,0.0,5.0
CHEMBL188338,COc1cc2cc(C(=O)C3CCC[N+](C)(CC#N)CC3)sc2cc1OC,1000.0,active,373.4980000000001,3.8714800000000036,0.0,5.0
CHEMBL366114,COc1cc2c(cc1OC)SC(C(=O)CCc1cc[n+](C)cc1)C2,900.0,active,344.456,2.7470000000000008,0.0,4.0
CHEMBL188753,CC[n+]1ccc(CCC(=O)C2Cc3cc(OC)c(OC)cc3S2)cc1,280.0,active,358.48300000000006,3.2299000000000024,0.0,4.0
CHEMBL189122,C=CC[n+]1ccc(CCC(=O)C2Cc3cc(OC)c(OC)cc3S2)cc1,6.27,active,370.4940000000001,3.3960000000000026,0.0,4.0
CHEMBL189517,COc1cc2c(cc1OC)SC(C(=O)CCc1cc[n+](CC3CC3)cc1)C2,110.0,active,384.52100000000013,3.6200000000000028,0.0,4.0
CHEMBL365904,COc1cc2c(cc1OC)SC(C(=O)CCc1cc[n+](CC3CCC3)cc1)C2,40.0,active,398.5480000000002,4.010100000000003,0.0,4.0
CHEMBL186264,CCOCC[n+]1ccc(CCC(=O)C2Cc3cc(OC)c(OC)cc3S2)cc1,7.0,active,402.5360000000001,3.246500000000001,0.0,5.0
CHEMBL187818,COc1cc2c(cc1OC)SC(C(=O)CCc1cc[n+](Cc3ccc(F)cc3)cc1)C2,2.6,active,438.5440000000001,4.397400000000004,0.0,4.0
CHEMBL188011,COC(=O)c1ccc(C[n+]2ccc(CCC(=O)C3Cc4cc(OC)c(OC)cc4S3)cc2)cc1,1000.0,active,478.5900000000002,4.044900000000003,0.0,6.0
CHEMBL362752,COc1cc2c(cc1OC)SC(C(=O)CCc1cc[n+](Cc3ccsc3)cc1)C2,6.0,active,426.5830000000001,4.319800000000003,0.0,5.0
CHEMBL610242,COc1cc2c(cc1OC)SC(C(=O)CCc1cc[n+](Cc3coc([N+](=O)[O-])c3)cc1)C2.[I-],4.5,active,582.4160000000002,0.7634999999999998,0.0,7.0
CHEMBL362350,C=[N+]1N=C(CCC2CCN(Cc3ccccc3)CC2)c2ccccc21,340.0,active,332.47100000000006,4.4413000000000045,0.0,2.0
CHEMBL359570,O=C1Cc2cc3c(CCC4CCN(Cc5ccccc5)CC4)noc3cc2N1,0.33,active,375.47200000000015,4.167200000000003,1.0,4.0
CHEMBL187603,COc1cc2c(cc1OC)SC(C(=O)CC(O)C1CC[N+](C)(Cc3ccccc3)CC1)C2,190.0,active,456.6280000000003,4.097500000000004,1.0,5.0
CHEMBL360832,COc1cc2c(cc1OC)SC(C(=O)CC1(O)CC[N+](C)(Cc3ccccc3)CC1)C2,90.0,active,442.6010000000003,3.8515000000000033,1.0,5.0
CHEMBL186090,COc1cc2c(cc1OC)SC(C(=O)CC1C=CC[N+](C)(Cc3ccccc3)CC1)C2,750.0,active,438.6130000000003,4.902700000000005,0.0,4.0
CHEMBL187591,COc1cc2c(cc1OC)SC(CC1CC[N+](C)(Cc3ccccc3)CC1)C2,30000.0,inactive,398.5920000000002,5.167500000000005,0.0,3.0
CHEMBL188714,COC(=O)C[N+]1(C)CCC(CCC(=O)C2Cc3cc(OC)c(OC)cc3S2)CC1,54.0,active,422.56700000000023,3.099500000000001,0.0,6.0
CHEMBL187330,CCC[n+]1ccc(CCC(=O)C2Cc3cc(OC)c(OC)cc3S2)cc1,2570.0,intermediate,372.51000000000005,3.6200000000000028,0.0,4.0
CHEMBL189774,COCC[n+]1ccc(CCC(=O)C2Cc3cc(OC)c(OC)cc3S2)cc1,30.0,active,388.50900000000007,2.8564000000000007,0.0,5.0
CHEMBL186042,COc1cc2c(cc1OC)SC(C(=O)CCc1cc[n+](Cc3ccccc3)cc1)C2,4.6,active,420.5540000000001,4.258300000000004,0.0,4.0
CHEMBL363455,O=C(CCc1cc[n+](Cc2ccccc2)cc1)c1ccc2c(c1)OCO2,240.0,active,346.4060000000002,3.566600000000003,0.0,3.0
CHEMBL188274,CNC(=O)Oc1cccc(C(C)N(C)C)c1.Cl,100.0,active,258.74899999999997,2.4492000000000007,1.0,3.0
CHEMBL189906,CNC(=O)Oc1cccc2c1OCC1CCN(C)C21,30.0,active,262.3089999999999,1.79,1.0,4.0
CHEMBL189907,CNC(=O)Oc1cccc2c1CCC1CCN(C)C21,17.3,active,260.33699999999993,2.3438000000000008,1.0,3.0
CHEMBL190322,CNC(=O)Oc1cccc2c1SCC1CCN(C)C21,8.11,active,278.37699999999995,2.503300000000001,1.0,4.0
CHEMBL371787,CC(NC(=O)Oc1cccc2c1OCC1CCN(C)C21)c1ccccc1,1870.0,intermediate,352.434,3.921400000000003,1.0,4.0
CHEMBL187870,CCCCCCCNC(=O)Oc1cccc2c1OCC1CCN(C)C21,20.3,active,346.4710000000002,4.130600000000003,1.0,4.0
CHEMBL187385,CCNC(=O)Oc1cccc2c1OCC1CCN(C)C21,420.0,active,276.33599999999996,2.1801000000000004,1.0,4.0
CHEMBL363557,CCNC(=O)Oc1cccc2c1CCC1CCN(C)C21,393.0,active,274.3639999999999,2.733900000000001,1.0,3.0
CHEMBL189957,CNC(=O)Oc1cccc(CN(C)CCCCCCCOc2ccc3c(=O)c4ccccc4oc3c2)c1,320.0,active,502.6110000000002,6.125700000000006,1.0,6.0
CHEMBL191416,CNC(=O)Oc1cccc(CN(C)CCCOc2ccc3c(c2)O/C(=C\c2cc(OC)c(OC)c(OC)c2)C3=O)c1,2990.0,intermediate,562.6190000000003,4.947700000000005,1.0,9.0
CHEMBL190060,CNC(=O)Oc1cccc(CN(C)CCCOc2ccc3c(c2)O/C(=C\c2cccc4ccccc24)C3=O)c1,6860.0,intermediate,522.6010000000002,6.075100000000006,1.0,6.0
CHEMBL191386,CNC(=O)Oc1cccc(CN(C)CCCOc2ccc3c(c2)O/C(=C\c2ccc4ccccc4c2)C3=O)c1,3410.0,intermediate,522.6010000000002,6.075100000000006,1.0,6.0
CHEMBL190528,CNC(=O)Oc1cccc(CN(C)CCCCCCCOc2ccc3c(c2)O/C(=C\c2cc(OC)c(OC)c(OC)c2)C3=O)c1,520.0,active,618.7270000000002,6.508100000000008,1.0,9.0
CHEMBL364545,CNC(=O)Oc1cccc(CN(C)CCCCCCCOc2ccc3c(c2)O/C(=C\c2cccc4ccccc24)C3=O)c1,2760.0,intermediate,578.7090000000002,7.635500000000008,1.0,6.0
CHEMBL365678,CCC(=O)Oc1cccc(CN(C)CCCCCCCOc2ccc3c(c2)O/C(=C\c2ccc4ccccc4c2)C3=O)c1,2090.0,intermediate,577.7210000000002,8.232700000000008,0.0,6.0
CHEMBL191314,CNC(=O)Oc1cccc(CN(C)CCCCCCCOc2ccc3c(c2)O/C(=C\c2c4ccccc4cc4ccccc24)C3=O)c1,79100.0,inactive,628.7690000000002,8.788700000000004,1.0,6.0
CHEMBL370961,CNC(=O)Oc1cccc(CN(C)CCCCCCCOc2ccc3c(c2)O/C(=C\c2ccccc2)C3=O)c1,1950.0,intermediate,528.6490000000002,6.482300000000007,1.0,6.0
CHEMBL372710,CNC(=O)Oc1cccc(CN(C)CCCCCCCOc2ccc3c(c2)O/C(=C\c2ccc(Cl)c(Cl)c2)C3=O)c1,8000.0,intermediate,597.5390000000002,7.7891000000000075,1.0,6.0
CHEMBL364678,CNC(=O)Oc1cccc(CN(C)CCCCCCCOc2ccc3c(c2)O/C(=C\c2cc(Cl)cc(Cl)c2)C3=O)c1,44600.0,inactive,597.5390000000002,7.7891000000000075,1.0,6.0
CHEMBL191461,CNC(=O)Oc1cccc(CN(C)CCCCCCCOc2ccc3c(c2)C/C(=C\c2cc(OC)c(OC)c(OC)c2)C3=O)c1,1800.0,intermediate,616.7550000000002,6.714300000000009,1.0,8.0
CHEMBL363588,CNC(=O)Oc1cccc(CN(C)CCCCCCCOc2ccc3c(c2)OC/C(=C\c2cc(OC)c(OC)c(OC)c2)C3=O)c1,9810.0,intermediate,632.7540000000002,6.550600000000007,1.0,9.0
CHEMBL365136,CNC(=O)Oc1cccc(CN(C)CCCCCCCOc2ccc3c(c2)CC/C(=C\c2cc(OC)c(OC)c(OC)c2)C3=O)c1,4940.0,intermediate,630.7820000000003,7.104400000000009,1.0,8.0
CHEMBL371798,CN(CCCCCCCOc1ccc2c(c1)O/C(=C\c1cccc3ccccc13)C2=O)Cc1cccc(O)c1,49600000.0,inactive,521.6570000000003,7.6229000000000084,1.0,5.0
CHEMBL189797,CNC(=O)Oc1cccc(CN(C)CCCCCCCOc2ccc3c(c2)OCC3=O)c1,1610000.0,inactive,440.5400000000002,4.441200000000004,1.0,6.0
CHEMBL372071,CCN(CC)CCCN1CC(=O)N(C2CC2)CC1=O,20000.0,inactive,267.37299999999993,0.5515000000000005,0.0,3.0
CHEMBL192953,CCN(CC)CCN1CC(=O)N(CCc2ccccc2)CC1=O,20000.0,inactive,317.43300000000005,1.2417,0.0,3.0
CHEMBL372279,CC(C)N(CCN1CC(=O)N(CCc2ccc(Cl)cc2Cl)CC1=O)C(C)C,20000.0,inactive,414.37700000000024,3.3255000000000026,0.0,3.0
CHEMBL191315,COc1ccc(CCN2CC(=O)N(CCc3ccccn3)CC2=O)cc1OC,20000.0,inactive,383.44800000000015,1.5548,0.0,5.0
CHEMBL191930,O=C1CN(CCN2CCCC2)C(=O)CN1CCCn1ccnc1,20000.0,inactive,319.40899999999993,0.03980000000000117,0.0,4.0
CHEMBL434948,CC1CCCCN1CCCN1CC(=O)N(CCc2ccc(F)cc2)CC1=O,20000.0,inactive,375.48800000000006,2.3034999999999997,0.0,3.0
CHEMBL190152,O=C1CN(CCN2CCOCC2)C(=O)CN1CCC(c1ccccc1)c1ccccc1,20000.0,inactive,421.54100000000005,2.2116000000000007,0.0,4.0
CHEMBL372262,CCOC(=O)c1c(C)c(N2CCN(C)CC2)nc2ccccc12,10000.0,inactive,313.40099999999995,2.4717200000000004,0.0,5.0
CHEMBL191084,Cc1c(N2CCN(C)CC2)nc2ccccc2c1C(=O)N(C)Cc1ccccc1,10000.0,inactive,388.51500000000016,3.5672200000000025,0.0,4.0
CHEMBL32823,c1ccc2c(NCCCCCCCNc3c4c(nc5ccccc35)CCCC4)c3c(nc2c1)CCCC3,0.59,active,492.7110000000004,8.015100000000007,2.0,4.0
CHEMBL195418,Cc1c(Cl)nc2ccccc2c1C(=O)NCCCCCCCNc1c2c(nc3ccccc13)CCCC2,3.0,active,515.1010000000005,7.416020000000006,2.0,4.0
CHEMBL195241,Cc1c(N2CCN(C)CC2)nc2ccccc2c1C(=O)NCCCCCCCNc1c2c(nc3ccccc13)CCCC2,4.1,active,578.8050000000002,6.5144200000000065,2.0,6.0
CHEMBL192682,O=C(CCCCC1CCSS1)NCCNc1c2c(nc3ccccc13)CCCC2,97.0,active,429.6550000000003,5.355800000000004,2.0,5.0
CHEMBL195179,O=C(CCCCC1CCSS1)NCCCNc1c2c(nc3ccccc13)CCCC2,6.96,active,443.6820000000003,5.745900000000005,2.0,5.0
CHEMBL424833,O=C(CCCCC1CCSS1)NCCCCNc1c2c(nc3ccccc13)CCCC2,35.2,active,457.70900000000034,6.1360000000000054,2.0,5.0
CHEMBL425739,O=C(CCCCC1CCSS1)NCCCCCNc1c2c(nc3ccccc13)CCCC2,38.4,active,471.7360000000004,6.526100000000007,2.0,5.0
CHEMBL278963,O=C(CCCCC1CCSS1)NCCCCCCNc1c2c(nc3ccccc13)CCCC2,30.1,active,485.76300000000043,6.916200000000007,2.0,5.0
CHEMBL195067,O=C(CCCCC1CCSS1)NCCCCCCCNc1c2c(nc3ccccc13)CCCC2,32.7,active,499.7900000000005,7.306300000000007,2.0,5.0
CHEMBL194823,O=C(CCCCC1CCSS1)NCCCNc1c2c(nc3cc(Cl)ccc13)CCCC2,0.253,active,478.12700000000035,6.3993000000000055,2.0,5.0
CHEMBL363391,Nc1c2c(nc3cc(Cl)ccc13)CC(CNC(=O)CCCCC1CCSS1)CC2,1090.0,intermediate,450.0730000000004,5.405600000000005,2.0,5.0
CHEMBL191758,NCCCNc1c2c(nc3cc(Cl)ccc13)CCCC2,21.5,active,289.8100000000001,3.527700000000002,2.0,3.0
CHEMBL33864,O=C(O)CCCCC1CCSS1,1000000.0,inactive,206.332,2.7851000000000017,1.0,3.0
CHEMBL555666,CC1=CC2Cc3nc4cc(Cl)ccc4c(NCCCCCCNc4c5c(nc6ccccc46)CCCC5)c3C(C1)C2.Cl.Cl,0.5,active,638.1270000000004,10.23919999999999,2.0,4.0
CHEMBL557155,CC1=CC2Cc3nc4cc(Cl)ccc4c(NCCCCCCCNc4c5c(nc6ccccc46)CCCC5)c3C(C1)C2.Cl.Cl,0.34,active,652.1540000000003,10.629299999999988,2.0,4.0
CHEMBL534932,CC1=CC2Cc3nc4cc(Cl)ccc4c(NCCCCCCCCNc4c5c(nc6ccccc46)CCCC5)c3C(C1)C2.Cl.Cl,0.33,active,666.1810000000003,11.019399999999985,2.0,4.0
CHEMBL2113368,CC1=C[C@@H]2Cc3nc4cc(Cl)ccc4c(NCCCN(C)CCCCNc4c5c(nc6ccccc46)CCCC5)c3[C@H](C1)C2.Cl.Cl.Cl,0.32,active,717.6570000000002,10.20269999999999,2.0,5.0
CHEMBL555214,CC1=CC2Cc3nc4cc(Cl)ccc4c(NCCCCCCNc4c5c(nc6cc(Cl)ccc46)CCCC5)c3C(C1)C2.Cl.Cl,0.45,active,672.5720000000001,10.892599999999986,2.0,4.0
CHEMBL538573,CC1=CC2Cc3nc4cc(Cl)ccc4c(NCCCCCCCNc4c5c(nc6cc(Cl)ccc46)CCCC5)c3C(C1)C2.Cl.Cl,0.33,active,686.599,11.282699999999982,2.0,4.0
CHEMBL539599,CC1=CC2Cc3nc4cc(Cl)ccc4c(NCCCCCCCCNc4c5c(nc6cc(Cl)ccc46)CCCC5)c3C(C1)C2.Cl.Cl,0.4,active,700.626,11.672799999999981,2.0,4.0
CHEMBL2113367,CC1=C[C@@H]2Cc3nc4cc(Cl)ccc4c(NCCCN(C)CCCCNc4c5c(nc6cc(Cl)ccc46)CCCC5)c3[C@H](C1)C2.Cl.Cl.Cl,0.29,active,752.102,10.856099999999984,2.0,5.0
CHEMBL536047,CC1=CC2Cc3nc4cc(Cl)ccc4c(N)c3C(C1)C2.Cl,0.78,active,321.25100000000003,4.888200000000003,1.0,2.0
CHEMBL371276,COc1cc2ccnc3c2c(c1OC)COC3=O,19600.0,inactive,245.23399999999995,1.9223999999999999,0.0,5.0
CHEMBL196401,C=CCC1(O)OCc2c(OC)c(OC)cc3ccnc1c23,174000.0,inactive,287.315,2.5034,1.0,5.0
CHEMBL196116,C=CCC1(OC)OCc2c(OC)c(OC)cc3ccnc1c23,100000.0,inactive,301.342,3.1575000000000015,0.0,5.0
CHEMBL371006,COc1cc2ccnc3c2c(c1OC)COC3(CC(O)CO)OC,96000.0,inactive,335.35600000000005,1.3246999999999995,2.0,7.0
CHEMBL196177,COc1cc2ccnc3c2c(c1OC)COC3(CCCO)OC,137000.0,inactive,319.357,2.3539000000000003,1.0,6.0
CHEMBL196699,COc1cc2ccnc3c2c(c1OC)COC3(O)CC(O)CO,109000.0,inactive,321.32900000000006,0.6705999999999996,3.0,7.0
CHEMBL371651,COc1cc2ccnc3c2c(c1OC)C(Br)OC3=O,46000.0,inactive,324.13000000000005,2.815900000000001,0.0,5.0
CHEMBL370561,COc1cc2cc[n+](C)c3c2c(c1OC)C(Br)OC3=O,105000.0,inactive,339.165,2.2454,0.0,4.0
CHEMBL1385,COc1ccc2c3c1O[C@H]1C[C@@H](O)C=C[C@@]31CCNC2,1070.0,intermediate,273.332,1.5081,2.0,4.0
CHEMBL194372,CN[C@@H](CCOc1ccc([N+](=O)[O-])cc1)c1ccc(OC(=O)N(C)C)cc1,101.0,active,373.40900000000016,3.384800000000002,1.0,6.0
CHEMBL197696,CN(C)C(=O)Oc1ccc2c(c1)C=CCN(C)[C@@H]2CCOc1ccc([N+](=O)[O-])cc1,14.0,active,411.4580000000002,4.124000000000003,0.0,6.0
CHEMBL199670,O=C(CCCCCCNc1c2c(nc3ccccc13)CCCC2)NCCc1c[nH]c2ccccc12,0.5,active,468.6450000000003,6.316200000000006,3.0,3.0
CHEMBL370807,O=C(CCCCCNc1c2c(nc3ccccc13)CCCC2)NCCc1c[nH]c2ccc(O)cc12,0.45,active,470.6170000000003,5.631700000000005,4.0,4.0
CHEMBL372202,COc1ccc2[nH]cc(CCNC(=O)CCCCCCNc3c4c(nc5cc(Cl)cc(Cl)c35)CCCC4)c2c1,0.04,active,567.561,7.631600000000007,3.0,4.0
CHEMBL382260,COc1ccc2[nH]cc(CCNC(=O)CCCCCCNc3c4c(nc5ccccc35)CCCC4)c2c1,0.65,active,498.67100000000033,6.324800000000006,3.0,4.0
CHEMBL199585,O=C(CCCCCCNc1c2c(nc3cc(Cl)cc(Cl)c13)CCCC2)NCCc1c[nH]c2ccccc12,0.008,active,537.5350000000004,7.623000000000007,3.0,3.0
CHEMBL202661,O=C(CCCCCNc1c2c(nc3cccc(Cl)c13)CCCC2)NCCc1c[nH]c2ccccc12,0.87,active,489.0630000000004,6.579500000000006,3.0,3.0
CHEMBL381499,O=C(CCCCCCNc1c2c(nc3cc(Cl)ccc13)CCCC2)NCCc1c[nH]c2ccccc12,0.1,active,503.0900000000004,6.969600000000005,3.0,3.0
CHEMBL204895,CCNC(=O)Oc1ccc2c(c1)[C@]1(C)CCO[C@@H]1O2,100.0,active,263.29299999999995,2.1914,1.0,4.0
CHEMBL382207,CC(C)c1ccc(NC(=O)Oc2ccc3c(c2)[C@]2(C)CCO[C@@H]2N3C)cc1,3860.0,intermediate,366.4610000000001,4.874800000000004,1.0,4.0
CHEMBL205335,Cc1ccccc1NC(=O)Oc1ccc2c(c1)[C@@]1(C)CCO[C@H]1N2C,142.0,active,338.4070000000001,4.059820000000003,1.0,4.0
CHEMBL205895,Cc1ccccc1NC(=O)Oc1ccc2c(c1)[C@]1(C)CCO[C@@H]1N2C,13.0,active,338.4070000000001,4.059820000000003,1.0,4.0
CHEMBL381926,CCNC(=O)Oc1ccc2c(c1)[C@]1(C)CCO[C@@H]1N2C,82.0,active,276.33599999999996,2.2488,1.0,4.0
CHEMBL205940,CNC(=O)Oc1ccc2c(c1)[C@@]1(C)CCO[C@H]1N2C,56.0,active,262.30899999999997,1.8587,1.0,4.0
CHEMBL205231,CNC(=O)Oc1ccc2c(c1)[C@]1(C)CCO[C@@H]1N2C,27.0,active,262.30899999999997,1.8587,1.0,4.0
CHEMBL381782,Cc1ccccc1NC(=O)Oc1ccc2c(c1)[C@@]1(C)CCN(C)[C@H]1N2C,5510.0,intermediate,351.4500000000001,3.9750200000000033,1.0,4.0
CHEMBL205340,CCNC(=O)Oc1ccc2c(c1)[C@]1(C)CCN(C)[C@@H]1N2C,94.0,active,289.37899999999996,2.1640000000000006,1.0,4.0
CHEMBL382351,CNC(=O)Oc1ccc2c(c1)[C@@]1(C)CCN(C)[C@H]1N2C,9890.0,intermediate,275.352,1.7739,1.0,4.0
CHEMBL205321,CC(C)c1ccc(NC(=O)Oc2ccc3c(c2)[C@]2(C)CO[C@@H](C2)O3)cc1,3430.0,intermediate,353.4180000000001,4.817400000000005,1.0,4.0
CHEMBL207777,Cc1ccccc1NC(=O)Oc1ccc2c(c1)[C@]1(C)CO[C@@H](C1)O2,97.0,active,325.3640000000001,4.002420000000003,1.0,4.0
CHEMBL378404,Cc1ccccc1NC(=O)Oc1ccc2c(c1)[C@@]1(C)CO[C@H](C1)O2,38.0,active,325.3640000000001,4.002420000000003,1.0,4.0
CHEMBL205967,CCNC(=O)Oc1ccc2c(c1)[C@]1(C)CO[C@@H](C1)O2,2420.0,intermediate,263.29299999999995,2.1914,1.0,4.0
CHEMBL380830,CCNC(=O)Oc1ccc2c(c1)[C@@]1(C)CO[C@H](C1)O2,610.0,active,263.29299999999995,2.1914,1.0,4.0
CHEMBL206237,CC(C)c1ccc(NC(=O)Oc2ccc3c(c2)[C@@]2(C)CCO[C@H]2O3)cc1,6700.0,intermediate,353.4180000000001,4.817400000000005,1.0,4.0
CHEMBL206093,Cc1ccccc1NC(=O)Oc1ccc2c(c1)[C@@]1(C)CCO[C@H]1O2,36.0,active,325.3640000000001,4.0024200000000025,1.0,4.0
CHEMBL426674,Cc1ccccc1NC(=O)Oc1ccc2c(c1)[C@]1(C)CCO[C@@H]1O2,20.0,active,325.3640000000001,4.0024200000000025,1.0,4.0
CHEMBL377283,CCNC(=O)Oc1ccc2c(c1)[C@@]1(C)CCO[C@H]1O2,486.0,active,263.29299999999995,2.1914,1.0,4.0
CHEMBL494887,CC(C)NP(=O)(NC(C)C)OP(=O)(NC(C)C)NC(C)C,340000.0,inactive,342.3610000000001,3.2112000000000007,4.0,3.0
CHEMBL464538,C=CC[N+](C)(C)c1ccc(CCC(=O)CCc2ccc([N+](C)(C)CC=C)cc2)cc1.[Br-].[Br-],18.0,active,566.422,-0.6650999999999943,0.0,1.0
CHEMBL383242,COc1ccc(CC2=[N+](C)CCc3cc(OC)c(OC)cc32)cc1OC,5500.0,intermediate,356.4420000000001,2.951200000000001,0.0,4.0
CHEMBL19224,COc1ccc(Cc2nccc3cc(OC)c(OC)cc23)cc1OC,24330.0,inactive,339.3910000000001,3.860000000000003,0.0,5.0
CHEMBL207931,COc1ccc(C(O)c2nccc3cc(OC)c(OC)cc23)cc1OC,10730.0,inactive,355.3900000000001,3.350900000000002,1.0,6.0
CHEMBL208132,COc1cc2ccnc(C(O)c3ccccc3OC)c2cc1OC,6940.0,intermediate,325.3640000000001,3.3423000000000016,1.0,5.0
CHEMBL211383,CCC[C@@H](CC1(C(=O)NC2(CO)Cc3ccccc3C2)CCCC1)C(=O)O,3000.0,intermediate,373.4930000000003,3.0839000000000008,3.0,3.0
CHEMBL211500,CCC[C@@H](CC1(C(=O)Nc2nnc(CC)s2)CCCC1)C(=O)O,3000.0,intermediate,339.4610000000001,3.490400000000002,2.0,5.0
CHEMBL211450,CCC[C@@H](CC1(C(=O)Nc2nnc(C)s2)CCCC1)C(=O)O,5000.0,intermediate,325.4340000000001,3.2364200000000016,2.0,5.0
CHEMBL212526,CCC[C@H](CC1(C(=O)NC2(CO)Cc3ccccc3C2)CCCC1)C(=O)O,3000.0,intermediate,373.4930000000003,3.0839000000000008,3.0,3.0
CHEMBL378763,CCC[C@H](CC1(C(=O)Nc2nnc(CC)s2)CCCC1)C(=O)O,3000.0,intermediate,339.4610000000001,3.490400000000002,2.0,5.0
CHEMBL378762,CCC[C@H](CC1(C(=O)Nc2nnc(C)s2)CCCC1)C(=O)O,3000.0,intermediate,325.4340000000001,3.2364200000000016,2.0,5.0
CHEMBL379950,CCCC(CC1(c2nnc(Cc3ccccc3)o2)CCCC1)C(=O)O,3000.0,intermediate,342.4390000000002,4.363200000000003,1.0,4.0
CHEMBL212374,CCCC(CC1(c2nnc(-c3ccc(=O)n(Cc4ccccc4)c3)o2)CCCC1)C(=O)O,3000.0,intermediate,435.5240000000003,4.6494000000000035,1.0,5.0
CHEMBL213281,CCc1nnc(NC(=O)C2(CC(CCC(C)C)C(=O)O)CCCC2)s1,3000.0,intermediate,367.51500000000016,4.126500000000003,2.0,5.0
CHEMBL379065,CCc1nnc(NC(=O)C2(CC(CCc3ccccc3)C(=O)O)CCCC2)s1,3000.0,intermediate,401.5320000000002,4.323100000000004,2.0,5.0
CHEMBL212001,CCc1nnc(NC(=O)C2(CCC(=O)O)CCCC2)s1,3000.0,intermediate,297.37999999999994,2.4642,2.0,5.0
CHEMBL212220,CCCCC(CC1(C(=O)Nc2nnc(CC)s2)CCCC1)C(=O)O,3000.0,intermediate,353.48800000000017,3.8805000000000023,2.0,5.0
CHEMBL439508,CCCC(CC1(C(=O)N[C@H]2CC[C@@H](C(N)=O)CC2)CCCC1)C(=O)O,3000.0,intermediate,352.47500000000014,2.5980999999999996,3.0,3.0
CHEMBL213861,CCCC(CC1(C(=O)N[C@@H]2CC[C@H](C(N)=O)C2)CCCC1)C(=O)O,3000.0,intermediate,338.4480000000001,2.2079999999999993,3.0,3.0
CHEMBL377041,CCCC(CC1(C(=O)N[C@@H]2CCN(Cc3ccccc3)C2)CCCC1)C(=O)O,3000.0,intermediate,386.53600000000023,3.8285000000000027,2.0,3.0
CHEMBL212105,CCCC(CC1(C(=O)NC2CCCC(C(=O)N(C)C)C2)CCCC1)C(=O)O,3000.0,intermediate,380.5290000000002,3.2010000000000014,2.0,3.0
CHEMBL213240,CCCC(CC1(C(=O)N[C@H]2CC[C@@H](C(=O)N(C)C)CC2)CCCC1)C(=O)O,3000.0,intermediate,380.5290000000003,3.2010000000000014,2.0,3.0
CHEMBL211529,CCCC(CC1(C(=O)N[C@@H]2CCCC[C@@H]2CCC)CCCC1)C(=O)O,3000.0,intermediate,351.5310000000001,4.912900000000004,2.0,2.0
CHEMBL213404,CCCC(CC1(C(=O)N[C@@H]2CCCC[C@@H]2Cc2ccccc2)CCCC1)C(=O)O,3000.0,intermediate,399.57500000000016,5.355500000000005,2.0,2.0
CHEMBL377618,CCCC(CC1(C(=O)NCc2nnc(C)s2)CCCC1)C(=O)O,3000.0,intermediate,339.4610000000001,2.9141200000000005,2.0,5.0
CHEMBL212377,CCCC(CC1(C(=O)Nc2nnc(CC3CC3)s2)CCCC1)C(=O)O,3000.0,intermediate,365.4990000000002,3.8805000000000023,2.0,5.0
CHEMBL379935,CCCC(CC1(C(=O)Nc2nnc(Cc3ccccc3)s2)CCCC1)C(=O)O,3000.0,intermediate,401.5320000000002,4.518800000000003,2.0,5.0
CHEMBL213964,CCCC(CC1(C(=O)Nc2nnc(CC(C)C)s2)CCCC1)C(=O)O,3000.0,intermediate,367.5150000000002,4.126500000000003,2.0,5.0
CHEMBL379563,CCCC(CC1(C(=O)Nc2nnc(-c3ccccc3)s2)CCCC1)C(=O)O,3000.0,intermediate,387.5050000000002,4.595000000000002,2.0,5.0
CHEMBL214160,CCCC(CC1(C(=O)Nc2nncs2)CCCC1)C(=O)O,3000.0,intermediate,311.40700000000004,2.928000000000001,2.0,5.0
CHEMBL213944,CCCC(CC1(C(=O)Nc2ccc(=O)n(Cc3ccccc3)c2)CCCC1)C(=O)O,3000.0,intermediate,410.51400000000024,4.286500000000003,2.0,3.0
CHEMBL212771,CCCC(CC1(C(=O)Nc2cc(Cc3ccccc3)ccn2)CCCC1)C(=O)O,3000.0,intermediate,394.5150000000002,5.062300000000003,2.0,3.0
CHEMBL211652,CCCCc1ccnc(NC(=O)C2(CC(CCC)C(=O)O)CCCC2)c1,3000.0,intermediate,360.49800000000016,4.814100000000004,2.0,3.0
CHEMBL211596,CCCC(CC1(C(=O)Nc2ccccn2)CCCC1)C(=O)O,3000.0,intermediate,304.39000000000004,3.4715000000000016,2.0,3.0
CHEMBL211943,CCCC(CC1(C(=O)Nc2ccc(OC)nn2)CCCC1)C(=O)O,3000.0,intermediate,335.40400000000017,2.8751000000000007,2.0,5.0
CHEMBL211897,CCCNc1ccnc(NC(=O)C2(CC(CCC)C(=O)O)CCCC2)n1,3000.0,intermediate,362.47400000000016,3.6884000000000023,3.0,5.0
CHEMBL208888,CCCC(CC1(C(=O)Nc2cn(CC)nn2)CCCC1)C(=O)O,3000.0,intermediate,322.4090000000001,2.687900000000001,2.0,4.0
CHEMBL377431,CCCC(CC1(C(=O)N[C@H](CO)Cc2ccccc2)CCCC1)C(=O)O,3000.0,intermediate,361.4820000000002,3.1576000000000013,3.0,3.0
CHEMBL212572,CCCC(CC1(C(=O)Nc2nnc(CC)s2)CCCC1)C(=O)O,3000.0,intermediate,339.4610000000001,3.490400000000002,2.0,5.0
CHEMBL376425,CCCC(CC1(C(=O)NC2Cc3ccccc3C2)CCCC1)C(=O)O,3000.0,intermediate,343.46700000000016,3.721400000000002,2.0,2.0
CHEMBL377037,CCCC(CC1(C(=O)NC2(CO)Cc3ccccc3C2)CCCC1)C(=O)O,3000.0,intermediate,373.4930000000003,3.0839000000000008,3.0,3.0
CHEMBL378050,CCCC(CC1(C(=O)N[C@H](C)c2ccccc2)CCCC1)C(=O)O,3000.0,intermediate,331.4560000000002,4.3152000000000035,2.0,2.0
CHEMBL212065,CCCC(CC1(C(=O)NC2(CO)CCCC2)CCCC1)C(=O)O,3000.0,intermediate,325.449,2.8591000000000006,3.0,3.0
CHEMBL209493,CCCC(CC1(C(=O)Nc2nnc(C)s2)CCCC1)C(=O)O,3000.0,intermediate,325.4340000000001,3.2364200000000016,2.0,5.0
CHEMBL386053,CCCC(CC1(C(=O)NCc2ccc3c(c2)OCO3)CCCC1)C(=O)O,3000.0,intermediate,361.4380000000002,3.4829000000000017,2.0,4.0
CHEMBL211471,CN(C)C(=O)Oc1cccc([N+](C)(C)C)c1.COS(=O)(=O)[O-],42.1,active,334.394,1.0367000000000002,0.0,6.0
CHEMBL209392,N#Cc1ccccc1-c1ccc(CN2CCN(C(c3ccc(F)cc3)c3ccc(F)cc3)CC2)cc1,73.6,active,479.5740000000001,6.410680000000006,0.0,3.0
CHEMBL209924,COc1cc(Br)c(CN2CCN(C(c3ccc(F)cc3)c3ccc(F)cc3)CC2)cc1OC,1012.9,intermediate,517.4140000000002,5.651700000000005,0.0,4.0
CHEMBL212162,Cc1cc2c(cc1CN1CCN(C(c3ccc(F)cc3)c3ccc(F)cc3)CC1)OCO2,1341.7,intermediate,436.50200000000024,4.909120000000004,0.0,4.0
CHEMBL212111,CC1=C(CCN2CCN(C(c3ccc(F)cc3)c3ccc(F)cc3)CC2)C(=O)C2CCCCC2=N1,1072.8,intermediate,477.5990000000004,5.549800000000006,0.0,4.0
CHEMBL209863,Cc1nc2ccccn2c(=O)c1CCN1CCN(C(c2ccc(F)cc2)c2ccc(F)cc2)CC1,3203.7,intermediate,474.5550000000001,4.230820000000004,0.0,4.0
CHEMBL427232,Fc1ccc(C(c2ccc(F)cc2)N2CCN(CCN3CCCC3)CC2)cc1,21.0,active,385.50200000000024,3.7676000000000025,0.0,3.0
CHEMBL211520,Fc1ccc(C(c2ccc(F)cc2)N2CCN(CCN3CCCCC3)CC2)cc1,126.3,active,399.5290000000003,4.157700000000004,0.0,3.0
CHEMBL380050,Fc1ccc(C(c2ccc(F)cc2)N2CCN(CCN3CCOCC3)CC2)cc1,284.2,active,401.50100000000026,3.0040000000000013,0.0,4.0
CHEMBL384563,CC1=CC2Cc3nc4cc(Cl)ccc4c(N)c3C(C1)C2NC=O,98.0,active,327.81500000000005,3.1909,2.0,3.0
CHEMBL415799,CC1=CC2Cc3nc4cc(Cl)ccc4c(N)c3C(C1)C2N,225.0,active,299.80500000000006,3.4036,2.0,3.0
CHEMBL386541,CC1=CC2Cc3nc4cc(Cl)ccc4c(N)c3C(C1)C2NS(C)(=O)=O,40.5,active,377.8970000000001,2.9941000000000004,2.0,4.0
CHEMBL219262,COc1cc(C(=O)NNc2c3c(nc4ccccc24)CCCC3)cc(OC)c1OC,386.0,active,407.4700000000003,3.8963000000000028,2.0,6.0
CHEMBL219264,COc1cc(CCC(=O)NCCCCCC(=O)NNc2c3c(nc4ccccc24)CCCC3)cc(OC)c1OC,8.39,active,548.6840000000003,4.891900000000004,3.0,7.0
CHEMBL219316,COc1cc(CCC(=O)NCCCCC(=O)NNc2c3c(nc4ccccc24)CCCC3)cc(OC)c1OC,59.0,active,534.6570000000004,4.501800000000004,3.0,7.0
CHEMBL384886,COc1cc(CCC(=O)NCCCC(=O)NNc2c3c(nc4ccccc24)CCCC3)cc(OC)c1OC,72.1,active,520.6300000000003,4.1117000000000035,3.0,7.0
CHEMBL220141,COc1cc(CCC(=O)NCCC(=O)NNc2c3c(nc4ccccc24)CCCC3)cc(OC)c1OC,135.0,active,506.6030000000004,3.7216000000000022,3.0,7.0
CHEMBL445846,COc1cc(CCC(=O)NCC(=O)NNc2c3c(nc4ccccc24)CCCC3)cc(OC)c1OC,40.7,active,492.57600000000036,3.331500000000002,3.0,7.0
CHEMBL219911,COc1cc(CCC(=O)NNc2c3c(nc4ccccc24)CCCC3)cc(OC)c1OC,365.0,active,435.52400000000034,4.215300000000004,2.0,6.0
CHEMBL374981,COc1cc(C(=O)NCCCCCCCCC(=O)NNc2c3c(cc4ccccc24)CCCC3)cc(OC)c1OC,5.08,active,561.7230000000002,6.3482000000000065,3.0,6.0
CHEMBL216159,COc1cc(C(=O)NCCCCCCCC(=O)NNc2c3c(nc4ccccc24)CCCC3)cc(OC)c1OC,5.24,active,548.6840000000003,5.353100000000005,3.0,7.0
CHEMBL219569,COc1cc(C(=O)NCCCCCCC(=O)NNc2c3c(nc4ccccc24)CCCC3)cc(OC)c1OC,5.65,active,534.6570000000004,4.9630000000000045,3.0,7.0
CHEMBL434378,COc1cc(C(=O)NCCCCCC(=O)NNc2c3c(nc4ccccc24)CCCC3)cc(OC)c1OC,18.2,active,520.6300000000003,4.572900000000004,3.0,7.0
CHEMBL219550,COc1cc(C(=O)NCCCCC(=O)NNc2c3c(nc4ccccc24)CCCC3)cc(OC)c1OC,17.0,active,506.6030000000004,4.182800000000004,3.0,7.0
CHEMBL219063,COc1cc(C(=O)NCCCC(=O)NNc2c3c(nc4ccccc24)CCCC3)cc(OC)c1OC,241.0,active,492.57600000000036,3.7927000000000026,3.0,7.0
CHEMBL266045,COc1cc(C(=O)NCCC(=O)NNc2c3c(nc4ccccc24)CCCC3)cc(OC)c1OC,89.2,active,478.5490000000004,3.4026000000000014,3.0,7.0
CHEMBL385269,COc1cc(C(=O)NCC(=O)NNc2c3c(nc4ccccc24)CCCC3)cc(OC)c1OC,51.6,active,464.5220000000004,3.012500000000001,3.0,7.0
CHEMBL374184,CCOC(=O)C1=C(C)Nc2nc3c(c(N)c2C1c1ccc(OC)cc1)CCCC3,105.0,active,393.48700000000025,3.945700000000003,2.0,6.0
CHEMBL218940,CCOC(=O)C1=C(C)Nc2nc3c(c(N)c2C1c1cccc(OC)c1)CCCC3,58.0,active,393.48700000000025,3.945700000000003,2.0,6.0
CHEMBL436302,CCOC(=O)C1=C(C)Nc2nc3c(c(N)c2C1c1ccccc1OC)CCCC3,234.0,active,393.48700000000025,3.945700000000003,2.0,6.0
CHEMBL219406,CCOC(=O)C1=C(C)Nc2nc3c(c(N)c2C1c1ccc(C)cc1)CCCC3,169.0,active,377.4880000000002,4.2455200000000035,2.0,5.0
CHEMBL219405,CCOC(=O)C1=C(C)Nc2nc3c(c(N)c2C1c1ccc([N+](=O)[O-])cc1)CCCC3,309.0,active,408.45800000000025,3.8453000000000026,2.0,7.0
CHEMBL220294,CCOC(=O)C1=C(C)Nc2nc3c(c(N)c2C1c1cccc([N+](=O)[O-])c1)CCCC3,191.0,active,408.45800000000025,3.8453000000000026,2.0,7.0
CHEMBL219400,CCOC(=O)C1=C(C)Nc2nc3c(c(N)c2C1c1ccccc1[N+](=O)[O-])CCCC3,338.0,active,408.45800000000025,3.8453000000000026,2.0,7.0
CHEMBL219172,CCOC(=O)C1=C(C)Nc2nc3c(c(N)c2C1c1ccc(F)cc1)CCCC3,193.0,active,381.4510000000002,4.076200000000003,2.0,5.0
CHEMBL218939,CCOC(=O)C1=C(C)Nc2nc3c(c(N)c2C1c1ccccc1)CCCC3,122.0,active,363.4610000000002,3.9371000000000027,2.0,5.0
CHEMBL266084,COc1ccc2[nH]c3c(c2c1)CCNC3,10000.0,inactive,202.25699999999998,1.8222,2.0,2.0
CHEMBL221811,COc1ccc2[nH]c3c(c2c1)CCNC3C,10000.0,inactive,216.284,2.3832000000000004,2.0,2.0
CHEMBL80619,COc1ccc2[nH]c3cnccc3c2c1,10000.0,inactive,198.225,2.7247000000000003,1.0,2.0
CHEMBL221794,COc1ccc2c(c1)c1ccncc1n2C,10000.0,inactive,212.252,2.7351,0.0,2.0
CHEMBL278193,COc1ccc2[nH]c3c(C)nccc3c2c1,10000.0,inactive,212.252,3.033120000000001,1.0,2.0
CHEMBL376011,Oc1ccc2[nH]c3cnccc3c2c1,10000.0,inactive,184.198,2.4217000000000004,2.0,2.0
CHEMBL373674,Cn1c2ccc(O)cc2c2ccncc21,10000.0,inactive,198.225,2.4321,1.0,2.0
CHEMBL376012,Cc1nccc2c1[nH]c1ccc(O)cc12,10000.0,inactive,198.225,2.7301200000000003,2.0,2.0
CHEMBL220849,Cc1nccc2c3cc(O)ccc3n(C)c12,10000.0,inactive,212.25199999999998,2.740520000000001,1.0,2.0
CHEMBL220959,COc1ccc2c(c1)c1cc[n+](C)c(C)c1n2C,10000.0,inactive,241.314,2.47302,0.0,1.0
CHEMBL441868,Cc1c2c(cc[n+]1C)c1cc(O)ccc1n2C,1900.0,intermediate,227.287,2.17002,1.0,1.0
CHEMBL375862,Cc1c2[nH]c3ccc(O)cc3c2cc[n+]1C,1000.0,active,213.26,2.1596199999999994,2.0,1.0
CHEMBL373651,Cn1c2ccc(O)cc2c2cc[n+](C)cc21,1800.0,intermediate,213.26,1.8615999999999995,1.0,1.0
CHEMBL220905,C[n+]1ccc2c(c1)[nH]c1ccc(O)cc12,4200.0,intermediate,199.233,1.8511999999999997,2.0,1.0
CHEMBL374729,COc1ccc2[nH]c3c(C)[n+](C)ccc3c2c1,800.0,active,227.287,2.4626200000000003,1.0,1.0
CHEMBL385778,COc1ccc2c(c1)c1cc[n+](C)cc1n2C,1300.0,intermediate,227.287,2.1646,0.0,1.0
CHEMBL376434,COc1ccc2[nH]c3c[n+](C)ccc3c2c1,2200.0,intermediate,213.26,2.1542000000000003,1.0,1.0
CHEMBL375077,COc1ccc2c(c1)c1ccnc(C)c1n2C,11800.0,inactive,226.279,3.043520000000001,0.0,2.0
CHEMBL71851,COc1cc2ccc(=O)oc2cc1O,168600.0,inactive,192.17,1.5071999999999997,1.0,4.0
CHEMBL500996,COc1ccccc1CNCCCCCCNCCCCCCCCNCCCCCCNCc1ccccc1OC.Cl.Cl.Cl.Cl,5370.32,intermediate,728.7620000000005,8.911000000000001,4.0,6.0
CHEMBL611732,CCN(CCCCCCNc1ccc(CCc2ccc(NCCCCCCN(CC)Cc3ccccc3OC)cc2)cc1)Cc1ccccc1OC,30902.95,inactive,707.0600000000003,10.477799999999995,2.0,6.0
CHEMBL222037,CCN(CCCCCCNc1ccc(Cc2ccc(NCCCCCCN(CC)Cc3ccccc3OC)cc2)cc1)Cc1ccccc1OC,1071.52,intermediate,693.0330000000004,10.283399999999997,2.0,6.0
CHEMBL222044,CCN(CCCCCCNc1ccc(-c2ccc(NCCCCCCN(CC)Cc3ccccc3OC)cc2)cc1)Cc1ccccc1OC,2630.27,intermediate,679.0060000000004,10.359599999999995,2.0,6.0
CHEMBL222043,CC[N+](C)(CCCCCC(=O)Nc1ccc(CCc2ccc(NC(=O)CCCCC[N+](C)(CC)Cc3ccccc3OC)cc2)cc1)Cc1ccccc1OC.[I-].[I-],120.23,active,1018.9040000000003,3.828200000000007,2.0,4.0
CHEMBL221992,CC[N+](C)(CCCCCC(=O)N1CCC(CCCC2CCN(C(=O)CCCCC[N+](C)(CC)Cc3ccccc3OC)CC2)CC1)Cc1ccccc1OC.[I-].[I-],5.754,active,1016.9730000000001,3.1133000000000095,0.0,4.0
CHEMBL19949,CC[N+](C)(CCCCCC(=O)N1CCC(CCC2CCN(C(=O)CCCCC[N+](C)(CC)Cc3ccccc3OC)CC2)CC1)Cc1ccccc1OC.[I-].[I-],5.754,active,1002.946,2.7232000000000083,0.0,4.0
CHEMBL222875,CCN(CCCCCC(=O)Nc1ccc(CCc2ccc(NC(=O)CCCCCN(CC)Cc3ccccc3OC)cc2)cc1)Cc1ccccc1OC.O=C(O)C(=O)O,169.82,active,825.0600000000004,8.68660000000001,4.0,8.0
CHEMBL222818,CCN(CCCCCC(=O)Nc1ccc(Cc2ccc(NC(=O)CCCCCN(CC)Cc3ccccc3OC)cc2)cc1)Cc1ccccc1OC.O=C(O)C(=O)O,63.1,active,811.0330000000005,8.492200000000008,4.0,8.0
CHEMBL222340,CCN(CCCCCC(=O)Nc1ccc(-c2ccc(NC(=O)CCCCCN(CC)Cc3ccccc3OC)cc2)cc1)Cc1ccccc1OC.O=C(O)C(=O)O,36.31,active,797.0060000000004,8.56840000000001,4.0,8.0
CHEMBL222378,CCN(CCCCCC(=O)N1CCC(CCCC2CCN(C(=O)CCCCCN(CC)Cc3ccccc3OC)CC2)CC1)Cc1ccccc1OC.O=C(O)C(=O)O,6.607,active,823.1290000000001,7.971700000000009,2.0,8.0
CHEMBL387394,CCN(CCCCCC(=O)N1CCC(CCC2CCN(C(=O)CCCCCN(CC)Cc3ccccc3OC)CC2)CC1)Cc1ccccc1OC.O=C(O)C(=O)O,7.413,active,809.1020000000001,7.581600000000009,2.0,8.0
CHEMBL222946,CCN(CCCCCC(=O)N1CCC(CC2CCN(C(=O)CCCCCN(CC)Cc3ccccc3OC)CC2)CC1)Cc1ccccc1OC.O=C(O)C(=O)O,3.311,active,795.075,7.1915000000000076,2.0,8.0
CHEMBL222904,CCN(CCCCCC(=O)N1CCC(C2CCN(C(=O)CCCCCN(CC)Cc3ccccc3OC)CC2)CC1)Cc1ccccc1OC.O=C(O)C(=O)O,3.311,active,781.0480000000001,6.801400000000006,2.0,8.0
CHEMBL385130,CCN(CCCCCC(=O)N(C)CCCCCCCCN(C)C(=O)CCCCCN(CC)Cc1ccccc1OC)Cc1ccccc1OC.O=C(O)C(=O)O,18.62,active,785.0800000000004,7.581600000000009,2.0,8.0
CHEMBL222856,COc1ccccc1CN(C)CCCCCC(=O)N(C)CCCCCCCCN(C)C(=O)CCCCCN(C)Cc1ccccc1OC.O=C(O)C(=O)O,169.82,active,757.0260000000004,6.801400000000007,2.0,8.0
CHEMBL225567,O=C(CCc1c[nH]c2ccccc12)NCCCCCCNc1c2c(nc3cc(Cl)ccc13)CCCC2,0.07,active,503.0900000000003,6.969600000000006,3.0,3.0
CHEMBL225198,O=C(CCc1c[nH]c2ccccc12)NCCCCCCCNc1c2c(nc3cc(Cl)ccc13)CCCC2,0.02,active,517.1170000000003,7.359700000000006,3.0,3.0
CHEMBL223443,O=C(Cc1c[nH]c2ccccc12)NCCCCCCCNc1c2c(nc3cc(Cl)ccc13)CCCC2,0.12,active,503.0900000000003,6.969600000000006,3.0,3.0
CHEMBL225326,O=C(Cc1c[nH]c2ccc(Br)cc12)NCCCCCCCNc1c2c(nc3cc(Cl)ccc13)CCCC2,0.23,active,581.9860000000001,7.732100000000006,3.0,3.0
CHEMBL225021,O=C(CCCc1c[nH]c2ccccc12)NCCCCCNc1c2c(nc3cc(Cl)ccc13)CCCC2,0.13,active,503.0900000000003,6.969600000000006,3.0,3.0
CHEMBL225610,CN(CCCOc1ccc2c(=O)c3ccccc3oc2c1)Cc1ccccc1,2680.0,intermediate,373.4520000000001,4.847100000000005,0.0,4.0
CHEMBL224553,CCN(CCCCCCCOc1ccc2c(=O)c3ccccc3oc2c1)Cc1ccccc1OC,3150.0,intermediate,473.6130000000002,6.806200000000008,0.0,5.0
CHEMBL387849,COc1ccc(CN(C)CCCCCCCOc2ccc3c(=O)c4ccccc4oc3c2)c(OC)c1OC,155000.0,inactive,519.6380000000003,6.433300000000008,0.0,7.0
CHEMBL225615,COc1ccc(OC)c(CN(C)CCCCCCCOc2ccc3c(=O)c4ccccc4oc3c2)c1,127000.0,inactive,489.6120000000002,6.424700000000007,0.0,6.0
CHEMBL389668,COc1cccc(CN(C)CCCCCCCOc2ccc3c(=O)c4ccccc4oc3c2)c1OC,138000.0,inactive,489.6120000000002,6.424700000000008,0.0,6.0
CHEMBL224811,CN(CCCCCCCOc1ccc2c(=O)c3ccccc3oc2c1)Cc1ccccc1[N+](=O)[O-],413000.0,inactive,474.55700000000024,6.315700000000006,0.0,6.0
CHEMBL225638,Cc1ccccc1CN(C)CCCCCCCOc1ccc2c(=O)c3ccccc3oc2c1,565000.0,inactive,443.5870000000001,6.715920000000007,0.0,4.0
CHEMBL223652,CN(CCCCCCCOc1ccc2c(=O)c3ccccc3oc2c1)Cc1ccc(Cl)cc1,1050000.0,inactive,464.0050000000002,7.060900000000006,0.0,4.0
CHEMBL375976,CN(CCCCCCCOc1ccc2c(=O)c3ccccc3oc2c1)Cc1cccc(Cl)c1,594000.0,inactive,464.0050000000002,7.060900000000006,0.0,4.0
CHEMBL225453,CN(CCCCCCCOc1ccc2c(=O)c3ccccc3oc2c1)Cc1ccccc1Cl,433000.0,inactive,464.0050000000002,7.060900000000006,0.0,4.0
CHEMBL225396,COc1ccc(CN(C)CCCCCCCOc2ccc3c(=O)c4ccccc4oc3c2)cc1,360000.0,inactive,459.5860000000001,6.416100000000007,0.0,5.0
CHEMBL225451,COc1cccc(CN(C)CCCCCCCOc2ccc3c(=O)c4ccccc4oc3c2)c1,40000.0,inactive,459.5860000000001,6.416100000000007,0.0,5.0
CHEMBL376186,COc1ccccc1CN(C)CCCCCCCOc1ccc2c(=O)c3ccccc3oc2c1,2180.0,intermediate,459.5860000000001,6.416100000000007,0.0,5.0
CHEMBL390083,COc1ccccc1CN(C)CCCOc1ccc2c(=O)c3ccccc3oc2c1,3400.0,intermediate,403.4780000000001,4.855700000000005,0.0,5.0
CHEMBL224981,COc1cc2oc3cc(OCCCCCCCN(C)Cc4ccccc4)ccc3c(=O)c2cc1OC,2320.0,intermediate,489.6120000000002,6.424700000000007,0.0,6.0
CHEMBL225366,COc1ccc2c(=O)c3ccc(OCCCCCCCN(C)Cc4ccccc4)cc3oc2c1,7840.0,intermediate,459.5860000000002,6.416100000000007,0.0,5.0
CHEMBL224555,CN(CCCCCCCCCCCCOc1ccc2c(=O)c3ccccc3oc2c1)Cc1ccccc1,908000.0,inactive,499.6950000000002,8.358000000000008,0.0,4.0
CHEMBL224347,CN(CCCCCCCCCCCOc1ccc2c(=O)c3ccccc3oc2c1)Cc1ccccc1,626000.0,inactive,485.66800000000023,7.967900000000009,0.0,4.0
CHEMBL390598,CN(CCCCCCCCCCOc1ccc2c(=O)c3ccccc3oc2c1)Cc1ccccc1,388000.0,inactive,471.6410000000002,7.577800000000009,0.0,4.0
CHEMBL427090,CN(CCCCCCCCCOc1ccc2c(=O)c3ccccc3oc2c1)Cc1ccccc1,152000.0,inactive,457.6140000000002,7.187700000000008,0.0,4.0
CHEMBL224469,CN(CCCCCCCCOc1ccc2c(=O)c3ccccc3oc2c1)Cc1ccccc1,10300.0,inactive,443.58700000000016,6.797600000000007,0.0,4.0
CHEMBL224433,CN(CCCCCCCOc1ccc2c(=O)c3ccccc3oc2c1)Cc1ccccc1,2820.0,intermediate,429.5600000000002,6.407500000000006,0.0,4.0
CHEMBL390737,CN(CCCCCCOc1ccc2c(=O)c3ccccc3oc2c1)Cc1ccccc1,2890.0,intermediate,415.5330000000002,6.017400000000006,0.0,4.0
CHEMBL427249,CN(CCCCCOc1ccc2c(=O)c3ccccc3oc2c1)Cc1ccccc1,7780.0,intermediate,401.5060000000002,5.627300000000005,0.0,4.0
CHEMBL225611,CN(CCCCOc1ccc2c(=O)c3ccccc3oc2c1)Cc1ccccc1,6250.0,intermediate,387.47900000000016,5.237200000000005,0.0,4.0
CHEMBL376327,C[C@H]1C=C2N3CC[C@@H](O)C24[C@H](CC(=O)[C@H]4C[C@H](O)C3)C1,27900.0,inactive,277.36400000000003,0.9328999999999998,2.0,4.0
CHEMBL229334,CC1=C[C@H]2[C@H](O)C(=O)[C@H]3CCCN4CCC[C@H]2[C@]34C1,16700.0,inactive,261.36499999999995,1.7570000000000001,1.0,3.0
CHEMBL396199,COc1cc2cc(-c3ccc(C[N+](C)(C)Cc4ccccc4)cc3)c(=O)oc2cc1OC.[I-],10.5,active,557.4280000000001,2.2577999999999996,0.0,4.0
CHEMBL241830,COc1ccc2c(=O)cc(-c3ccc(CN(C)Cc4ccccc4)cc3)oc2c1,80500.0,inactive,385.463,5.1006000000000045,0.0,4.0
CHEMBL241828,COc1ccc2oc(-c3ccc(CN(C)Cc4ccccc4)cc3)cc(=O)c2c1,18100.0,inactive,385.4630000000001,5.1006000000000045,0.0,4.0
CHEMBL241827,COc1cc2oc(-c3ccc(CN(C)Cc4ccccc4)cc3)cc(=O)c2cc1OC,3100.0,intermediate,415.48900000000015,5.109200000000005,0.0,5.0
CHEMBL245055,COc1cc2oc(-c3cccc(CN(C)Cc4ccccc4)c3)cc(=O)c2cc1OC,2270.0,intermediate,415.48900000000015,5.109200000000004,0.0,5.0
CHEMBL388714,CCN(Cc1ccccc1)Cc1cccc(-c2coc3cc(OC)c(OC)cc3c2=O)c1,1590.0,intermediate,429.5160000000002,5.499300000000006,0.0,5.0
CHEMBL245054,COc1cc2occ(-c3cccc(CN(C)Cc4ccccc4)c3)c(=O)c2cc1OC,2020.0,intermediate,415.48900000000015,5.109200000000005,0.0,5.0
CHEMBL244838,COc1cc2occ(-c3ccc(CN(C)Cc4ccccc4)cc3)c(=O)c2cc1OC,1230.0,intermediate,415.48900000000015,5.109200000000005,0.0,5.0
CHEMBL244624,CN(Cc1ccccc1)Cc1ccc(-c2cc3cc(N)ccc3oc2=O)cc1,281.0,active,370.45200000000006,4.674200000000003,1.0,4.0
CHEMBL244619,CN(Cc1ccccc1)Cc1ccc(-c2cc3cc([N+](=O)[O-])ccc3oc2=O)cc1,148.0,active,400.4340000000001,5.000200000000005,0.0,5.0
CHEMBL396247,COc1cc2cc(-c3ccc(CN(CCO)Cc4ccccc4)cc3)c(=O)oc2cc1OC,49.3,active,445.51500000000016,4.471700000000004,1.0,6.0
CHEMBL244416,CCN(Cc1ccccc1)Cc1ccc(-c2cc3cc(OC)c(OC)cc3oc2=O)cc1,18.3,active,429.5160000000002,5.499300000000006,0.0,5.0
CHEMBL244415,COc1ccc(CN(C)Cc2ccc(-c3cc4cc(OC)c(OC)cc4oc3=O)cc2)cc1,2260.0,intermediate,445.5150000000002,5.117800000000005,0.0,6.0
CHEMBL245047,COc1cccc(CN(C)Cc2ccc(-c3cc4cc(OC)c(OC)cc4oc3=O)cc2)c1,714.0,active,445.5150000000002,5.117800000000005,0.0,6.0
CHEMBL389825,COc1ccccc1CN(C)Cc1ccc(-c2cc3cc(OC)c(OC)cc3oc2=O)cc1,62.1,active,445.5150000000002,5.117800000000005,0.0,6.0
CHEMBL245046,COc1cc2cc(-c3ccc(CN(C)Cc4ccc(C)cc4)cc3)c(=O)oc2cc1OC,310.0,active,429.5160000000002,5.417620000000006,0.0,5.0
CHEMBL427865,COc1cc2cc(-c3ccc(CN(C)Cc4cccc(C)c4)cc3)c(=O)oc2cc1OC,122.0,active,429.5160000000002,5.417620000000006,0.0,5.0
CHEMBL243130,COc1cc2cc(-c3ccc(CN(C)Cc4ccccc4C)cc3)c(=O)oc2cc1OC,366.0,active,429.5160000000002,5.417620000000006,0.0,5.0
CHEMBL242906,COc1cc2cc(-c3ccc(CN(C)Cc4ccc([N+](=O)[O-])cc4)cc3)c(=O)oc2cc1OC,24600.0,inactive,460.4860000000002,5.017400000000005,0.0,7.0
CHEMBL242905,COc1cc2cc(-c3ccc(CN(C)Cc4cccc([N+](=O)[O-])c4)cc3)c(=O)oc2cc1OC,368.0,active,460.4860000000002,5.017400000000005,0.0,7.0
CHEMBL265416,COc1cc2cc(-c3ccc(CN(C)Cc4ccccc4[N+](=O)[O-])cc3)c(=O)oc2cc1OC,987.0,active,460.4860000000002,5.017400000000006,0.0,7.0
CHEMBL243532,COc1ccc2oc(=O)c(-c3ccc(CN(C)Cc4ccccc4)cc3)cc2c1,163.0,active,385.463,5.1006000000000045,0.0,4.0
CHEMBL413794,COc1ccc2oc(=O)c(-c3cccc(CN(C)Cc4ccccc4)c3)cc2c1,303.0,active,385.4630000000001,5.1006000000000045,0.0,4.0
CHEMBL413793,COc1ccc2cc(-c3ccc(CN(C)Cc4ccccc4)cc3)c(=O)oc2c1,892.0,active,385.4630000000001,5.1006000000000045,0.0,4.0
CHEMBL243311,COc1ccc2cc(-c3cccc(CN(C)Cc4ccccc4)c3)c(=O)oc2c1,2290.0,intermediate,385.4630000000001,5.1006000000000045,0.0,4.0
CHEMBL243310,COc1cc2cc(-c3cccc(CN(C)Cc4ccccc4)c3)c(=O)oc2cc1OC,202.0,active,415.48900000000015,5.109200000000005,0.0,5.0
CHEMBL244837,COc1cc2oc3cc(CN(C)Cc4ccccc4)ccc3c(=O)c2cc1OC,30300.0,inactive,389.45100000000014,4.595400000000004,0.0,5.0
CHEMBL557586,COc1ccccc1CN(C)CCCCCC(=O)N(C)CCCCCCCCN(C)C(=O)CCCCCN(C)Cc1ccccc1OC.Cl.Cl,170.0,active,739.9140000000003,8.489400000000005,0.0,6.0
CHEMBL241960,CCN(CCCCCCNC1=CC(=O)C(NCCCCCCN(CC)Cc2ccncc2)=CC1=O)Cc1ccncc1,192.0,active,574.8140000000004,5.040200000000004,2.0,8.0
CHEMBL241974,CCN(CCCCCCNC1=CC(=O)C(NCCCCCCN(CC)Cc2cccnc2)=CC1=O)Cc1cccnc1,133.0,active,574.8140000000004,5.040200000000004,2.0,8.0
CHEMBL244762,CCN(CCCCCCNC1=CC(=O)C(NCCCCCCN(CC)Cc2ccccn2)=CC1=O)Cc1ccccn1,125.0,active,574.8140000000004,5.040200000000004,2.0,8.0
CHEMBL390247,CCN(CCCCCCNC1=CC(=O)C(NCCCCCCN(CC)Cc2cccs2)=CC1=O)Cc1cccs1,60.4,active,584.8960000000004,6.373200000000007,2.0,8.0
CHEMBL276444,CCN(CCCCCCNC1=CC(=O)C(NCCCCCCN(CC)Cc2ccco2)=CC1=O)Cc1ccco1,144.0,active,552.7600000000006,5.436200000000005,2.0,8.0
CHEMBL395815,CCN(CCCCCCNC1=CC(=O)C(NCCCCCCN(CC)Cc2ccccc2[N+](=O)[O-])=CC1=O)Cc1ccccc1[N+](=O)[O-],2310.0,intermediate,662.8320000000003,6.066600000000006,2.0,10.0
CHEMBL243057,CCN(CCCCCCNC1=CC(=O)C(NCCCCCCN(CC)Cc2ccccc2Cl)=CC1=O)Cc1ccccc1Cl,593.0,active,641.7280000000002,7.557000000000008,2.0,6.0
CHEMBL243274,CCN(CCCCCCNC1=CC(=O)C(NCCCCCCN(CC)Cc2ccccc2C)=CC1=O)Cc1ccccc1C,71.9,active,600.8920000000004,6.867040000000007,2.0,6.0
CHEMBL394865,CCN(CCCCCCNC1=CC(=O)C(NCCCCCCN(CC)Cc2cccc(OC)c2)=CC1=O)Cc1cccc(OC)c1,13.8,active,632.8900000000003,6.2674000000000065,2.0,8.0
CHEMBL242661,CCN(CCCCCCNC1=CC(=O)C(NCCCCCCN(CC)Cc2ccc(OC)cc2)=CC1=O)Cc1ccc(OC)cc1,51.1,active,632.8900000000003,6.2674000000000065,2.0,8.0
CHEMBL218443,CCN(CCCCCCNC1=CC(=O)C(NCCCCCCN(CC)Cc2ccccc2)=CC1=O)Cc1ccccc1,73.3,active,572.8380000000005,6.250200000000007,2.0,6.0
CHEMBL242836,COc1ccccc1CN(CCCCCCNC1=CC(=O)C(NCCCCCCN(Cc2ccccc2OC)C(C)C)=CC1=O)C(C)C,12.9,active,660.9440000000002,7.0444000000000075,2.0,8.0
CHEMBL242191,COc1ccccc1CN(C)CCCCCCNC1=CC(=O)C(NCCCCCCN(C)Cc2ccccc2OC)=CC1=O,77.8,active,604.8360000000004,5.487200000000005,2.0,8.0
CHEMBL243044,COc1ccccc1CNCCCCCCNC1=CC(=O)C(NCCCCCCNCc2ccccc2OC)=CC1=O,123.0,active,576.7820000000003,4.802800000000003,4.0,8.0
CHEMBL242190,CCN(Cc1ccccc1OC)C(=O)CCCCCNC1=CC(=O)C(NCCCCCC(=O)N(CC)Cc2ccccc2OC)=CC1=O,11600.0,inactive,660.8560000000003,5.320600000000005,2.0,8.0
CHEMBL394348,CCN(CCCCCCNC1=CC(=O)C(NCCCCCCN(CC)CCc2ccccc2OC)=CC1=O)CCc1ccccc1OC,17.3,active,660.9440000000003,6.3524000000000065,2.0,8.0
CHEMBL243273,CCN(CCCCCCCNC1=CC(=O)C(NCCCCCCCN(CC)Cc2ccccc2OC)=CC1=O)Cc1ccccc1OC,7.79,active,660.9440000000004,7.047600000000008,2.0,8.0
CHEMBL230702,CCN(CCCCCNC1=CC(=O)C(NCCCCCN(CC)Cc2ccccc2OC)=CC1=O)Cc1ccccc1OC,2.36,active,604.8360000000005,5.487200000000004,2.0,8.0
CHEMBL243272,CCN(CCCCNC1=CC(=O)C(NCCCCN(CC)Cc2ccccc2OC)=CC1=O)Cc1ccccc1OC,13.6,active,576.7820000000003,4.707000000000003,2.0,8.0
CHEMBL243271,CCN(CCCNC1=CC(=O)C(NCCCN(CC)Cc2ccccc2OC)=CC1=O)Cc1ccccc1OC,2.25,active,548.7280000000003,3.9268000000000027,2.0,8.0
CHEMBL243270,CCN(CCNC1=CC(=O)C(NCCN(CC)Cc2ccccc2OC)=CC1=O)Cc1ccccc1OC,61.5,active,520.6740000000002,3.146600000000002,2.0,8.0
CHEMBL230434,CCN(CCCCCCNc1ccc(NCCCCCCN(CC)Cc2ccccc2OC)cc1)Cc1ccccc1OC,42.5,active,602.9080000000005,8.692600000000006,2.0,6.0
CHEMBL396050,CCN(CCCCCCNC1=C(c2ccccc2)C(=O)C(NCCCCCCN(CC)Cc2ccccc2OC)=C(c2ccccc2)C1=O)Cc1ccccc1OC,123.0,active,785.0860000000002,9.322200000000002,2.0,8.0
CHEMBL243269,CCN(CCCCCCNC1=C(C)C(=O)C(NCCCCCCN(CC)Cc2ccccc2OC)=C(C)C1=O)Cc1ccccc1OC,9.5,active,660.9440000000004,7.047600000000008,2.0,8.0
CHEMBL243062,CCN(CCCCCCNC1=C(Br)C(=O)C(NCCCCCCN(CC)Cc2ccccc2OC)=C(Br)C1=O)Cc1ccccc1OC,2.66,active,790.6820000000002,7.712600000000009,2.0,8.0
CHEMBL243056,CCN(CCCCCCNC1=C(Cl)C(=O)C(NCCCCCCN(CC)Cc2ccccc2OC)=C(Cl)C1=O)Cc1ccccc1OC,3.05,active,701.7800000000003,7.400400000000009,2.0,8.0
CHEMBL243055,CCN(CCCCCCNC1=C(F)C(=O)C(NCCCCCCN(CC)Cc2ccccc2OC)=C(F)C1=O)Cc1ccccc1OC,5.17,active,668.8700000000003,6.861800000000008,2.0,8.0
CHEMBL242989,COc1ccccc1CNCCCCCC(=O)N1CCC(CCC2CCN(C(=O)CCCCCNCc3ccccc3OC)CC2)CC1,134.9,active,662.9600000000003,6.961400000000008,2.0,6.0
CHEMBL242345,COc1ccccc1CNCCCCCCN1CCC(CCC2CCN(CCCCCCNCc3ccccc3OC)CC2)CC1,1288.25,intermediate,634.9940000000001,7.90820000000001,2.0,6.0
CHEMBL332051,CCCCC1=NC2(CCCC2)C(=O)N1Cc1ccc(-c2ccccc2C#N)cc1,82.5,active,385.5110000000001,5.4689800000000055,0.0,3.0
CHEMBL392324,CCCCC1=NC2(CCCC2)C(=O)N1Cc1ccc(Br)cc1,70.0,active,363.299,4.6928000000000045,0.0,2.0
CHEMBL115835,CCCCC1=NC2(CCCC2)C(=O)N1Cc1ccc(-c2ccccc2C(=O)OC(C)(C)C)cc1,268.8,active,460.6180000000002,6.552600000000007,0.0,4.0
CHEMBL325502,CCCCC1=NC2(CCCC2)C(=O)N1Cc1ccc(-c2ccccc2C(=O)OC)cc1,240.6,active,418.53700000000015,5.383900000000005,0.0,4.0
CHEMBL397891,CCCCC1=NC2(CCCC2)C(=O)N1Cc1ccc(-c2ccccc2-n2nnnc2C(c2ccccc2)(c2ccccc2)c2ccccc2)cc1,383.5,active,670.8610000000002,8.955700000000002,0.0,5.0
CHEMBL415675,CCCCC1=NC2(CCCC2)C(=O)N1CC(=O)c1ccc(Cl)cc1,286.4,active,346.85799999999995,4.2664000000000035,0.0,3.0
CHEMBL241011,CCCCC1=NC2(CCCC2)C(=O)N1Cc1cc2c(cc1C)OCO2,231.5,active,342.43900000000014,3.9674200000000033,0.0,4.0
CHEMBL240793,CCCCC1=NC2(CCCC2)C(=O)N1CCN1C(=O)c2ccccc2C1=O,230.8,active,367.44900000000007,3.0263000000000018,0.0,4.0
CHEMBL240792,CCCCC1=NC2(CCCC2)C(=O)N1Cc1ccc([N+](=O)[O-])cc1,135.4,active,329.40000000000003,3.8385000000000025,0.0,4.0
CHEMBL398406,CCCCC1=NC2(CCCC2)C(=O)N1Cc1cc(OC)c(OC)cc1Br,82.5,active,423.3510000000001,4.710000000000004,0.0,4.0
CHEMBL235548,CC[C@H](C)C1=N[C@H]2CC=C3C[C@H]4C(=O)C[C@]5(C)[C@@H]([C@H](C)N(C)C)[C@H](O)C[C@@]5(C)[C@@H]4CC[C@H]3[C@]2(C)CN1,3832.0,intermediate,497.7680000000003,5.0880000000000045,2.0,5.0
CHEMBL238063,CC[C@H](C)C1=N[C@H]2CC[C@]34C[C@]35C(=O)C[C@]3(C)[C@@H]([C@H](C)N(C)C)[C@H](O)C[C@@]3(C)[C@@H]5CC[C@H]4[C@]2(C)CN1,4368.0,intermediate,497.7680000000003,4.921900000000004,2.0,5.0
CHEMBL238062,CC(C)C1=N[C@H]2CC[C@]34C[C@]35C(=O)C[C@]3(C)[C@@H]([C@H](C)N(C)C)[C@H](O)C[C@@]3(C)[C@@H]5CC[C@H]4[C@]2(C)CN1,3108.0,intermediate,483.74100000000027,4.531800000000004,2.0,5.0
CHEMBL237870,CN[C@@H](C)[C@H]1[C@H](O)C[C@@]2(C)[C@@H]3CC[C@@H]4C(=CC[C@@H]5N=C(C(C)C)OC[C@]54C)C[C@H]3C(=O)C[C@]12C,517.0,active,470.6980000000003,4.782700000000004,2.0,5.0
CHEMBL396190,CC(C)C1=N[C@H]2CC=C3C[C@H]4C(=O)C[C@]5(C)[C@@H]([C@H](C)N(C)C)[C@H](OC(=O)C(C)(C)C)C[C@@]5(C)[C@@H]4CC[C@H]3[C@]2(C)CO1,839.0,active,568.8430000000003,6.721900000000009,0.0,6.0
CHEMBL393212,CC[C@H](C)C1=N[C@H]2CC=C3C[C@H]4C(=O)C[C@]5(C)[C@@H]([C@H](C)N(C)C)[C@H](O)C[C@@]5(C)[C@@H]4CC[C@H]3[C@]2(C)CO1,265.0,active,498.75200000000035,5.515000000000006,1.0,5.0
CHEMBL241536,C[C@@H]([C@H]1[C@H](O)C[C@@]2(C)[C@@H]3CC[C@@H]4C(=CC[C@@H]5N=C(C(C)(C)C)OC[C@]54C)C[C@H]3C(=O)C[C@]12C)N(C)C,351.0,active,498.7520000000004,5.515000000000006,1.0,5.0
CHEMBL391918,CC1=N[C@H]2CC=C3C[C@H]4C(=O)C[C@]5(C)[C@@H]([C@H](C)N(C)C)[C@H](O)C[C@@]5(C)[C@@H]4CC[C@H]3[C@]2(C)CO1,5242.0,intermediate,456.67100000000033,4.488800000000004,1.0,5.0
CHEMBL393621,CC(C)C1=N[C@H]2CC=C3CC4C(=O)C[C@]5(C)[C@@H]([C@H](C)N(C)C)[C@H](O)C[C@@]5(C)[C@@H]4CC[C@H]3[C@]2(C)CO1,299.0,active,484.7250000000003,5.124900000000006,1.0,5.0
CHEMBL238994,O=C(Oc1ccc(Oc2ccc(C(F)(F)F)cn2)cc1)N1CCC(O)CC1,50000.0,inactive,382.33800000000014,3.848200000000003,1.0,5.0
CHEMBL238785,CC1CCN(C(=O)Oc2ccc(Oc3ccc(C(F)(F)F)cn3)cc2)CC1,50000.0,inactive,380.3660000000001,5.123400000000004,0.0,4.0
CHEMBL238573,CC1CCCN(C(=O)Oc2ccc(Oc3ccc(C(F)(F)F)cn3)cc2)C1,50000.0,inactive,380.36600000000004,5.123400000000004,0.0,4.0
CHEMBL238572,CC1CCCCN1C(=O)Oc1ccc(Oc2ccc(C(F)(F)F)cn2)cc1,50000.0,inactive,380.36600000000004,5.265900000000004,0.0,4.0
CHEMBL238571,COc1ccc(N(C)C(=O)Oc2ccc(Oc3ccc(C(F)(F)F)cn3)cc2)cc1,50000.0,inactive,418.37100000000004,5.536500000000004,0.0,5.0
CHEMBL241762,COc1ccccc1N(C)C(=O)Oc1ccc(Oc2ccc(C(F)(F)F)cn2)cc1,50000.0,inactive,418.37100000000004,5.536500000000004,0.0,5.0
CHEMBL241761,CN(C(=O)Oc1ccc(Oc2ccc(C(F)(F)F)cn2)cc1)c1ccc(Cl)cc1,50000.0,inactive,422.7900000000001,6.181300000000004,0.0,4.0
CHEMBL392385,CN(C(=O)Oc1ccc(Oc2ccc(C(F)(F)F)cn2)cc1)c1cccc(Cl)c1,50000.0,inactive,422.7900000000001,6.181300000000004,0.0,4.0
CHEMBL241760,CN(C(=O)Oc1ccc(Oc2ccc(C(F)(F)F)cn2)cc1)c1ccccc1Cl,50000.0,inactive,422.7900000000001,6.181300000000004,0.0,4.0
CHEMBL241554,Cc1ccc(N(C)C(=O)Oc2ccc(Oc3ccc(C(F)(F)F)cn3)cc2)cc1,50000.0,inactive,402.372,5.836320000000004,0.0,4.0
CHEMBL241553,Cc1cccc(N(C)C(=O)Oc2ccc(Oc3ccc(C(F)(F)F)cn3)cc2)c1,50000.0,inactive,402.372,5.836320000000004,0.0,4.0
CHEMBL241552,Cc1ccccc1N(C)C(=O)Oc1ccc(Oc2ccc(C(F)(F)F)cn2)cc1,50000.0,inactive,402.372,5.836320000000004,0.0,4.0
CHEMBL393758,O=C(Oc1ccc(Oc2ccc(C(F)(F)F)cn2)cc1)N1CCCc2ccc(C(F)(F)F)cc21,50000.0,inactive,482.38000000000017,6.863100000000005,0.0,4.0
CHEMBL239633,O=C(Oc1ccc(Oc2ccc(C(F)(F)F)cn2)cc1)N1CCc2ccccc2C1,50000.0,inactive,414.38300000000015,5.449800000000004,0.0,4.0
CHEMBL241548,O=C(Oc1ccc(Oc2ccc(C(F)(F)F)cn2)cc1)N1CCCCC1,50000.0,inactive,366.33900000000017,4.877400000000003,0.0,4.0
CHEMBL397168,CC1CN(C(=O)Oc2ccc(Oc3ccc(C(F)(F)F)cn3)cc2)CC(C)O1,50000.0,inactive,396.36500000000007,4.500700000000005,0.0,5.0
CHEMBL237189,O=C(Oc1ccc(Oc2ccc(C(F)(F)F)cn2)cc1)N1CCOCC1,50000.0,inactive,368.31100000000015,3.7237000000000027,0.0,5.0
CHEMBL392100,O=C(Oc1ccc(Oc2ccc(C(F)(F)F)cn2)cc1)N1CCc2ccccc21,50000.0,inactive,400.3560000000001,5.454200000000004,0.0,4.0
CHEMBL392099,O=C(Oc1ccc(Oc2ccc(C(F)(F)F)cn2)cc1)N1Cc2ccccc2C1,50000.0,inactive,400.3560000000001,5.407300000000004,0.0,4.0
CHEMBL238293,O=C(Oc1ccc(Oc2ccc(C(F)(F)F)cn2)cc1)N1CCCC1,50000.0,inactive,352.3120000000001,4.487300000000003,0.0,4.0
CHEMBL393149,CCN(Cc1ccccc1)C(=O)Oc1ccc(Oc2ccc(C(F)(F)F)cn2)cc1,50000.0,inactive,416.399,5.913600000000004,0.0,4.0
CHEMBL235761,CN(Cc1ccccc1)C(=O)Oc1ccc(Oc2ccc(C(F)(F)F)cn2)cc1,50000.0,inactive,402.37199999999996,5.523500000000004,0.0,4.0
CHEMBL438324,CN(C(=O)Oc1ccc(Oc2ccc(C(F)(F)F)cn2)cc1)C1CCCCC1,50000.0,inactive,394.3930000000002,5.656000000000004,0.0,4.0
CHEMBL235759,CN(C(=O)Oc1ccc(Oc2ccc(C(F)(F)F)cn2)cc1)C(C)(C)C,50000.0,inactive,368.3550000000001,5.121800000000004,0.0,4.0
CHEMBL238257,CC(C)N(C)C(=O)Oc1ccc(Oc2ccc(C(F)(F)F)cn2)cc1,50000.0,inactive,354.328,4.731700000000004,0.0,4.0
CHEMBL238256,CN(C(=O)Oc1ccc(Nc2ccc(C(F)(F)F)cn2)cc1)c1ccccc1,50000.0,inactive,387.36100000000005,5.479200000000004,1.0,4.0
CHEMBL238085,CN(C(=O)Oc1ccc(Oc2ccc(C(F)(F)F)cn2)cc1)c1ccccc1,50000.0,inactive,388.345,5.527900000000004,0.0,4.0
CHEMBL235751,CN(C(=O)Oc1ccc(Oc2ccc(Cl)cn2)cc1)c1ccccc1,50000.0,inactive,354.79300000000006,5.162500000000003,0.0,4.0
CHEMBL238067,CN(C(=O)Oc1ccc(Oc2ncc(C(F)(F)F)cc2Cl)cc1)c1ccccc1,50000.0,inactive,422.79,6.181300000000004,0.0,4.0
CHEMBL391356,CN(C(=O)Oc1ccc(Oc2c(Cl)cncc2Cl)cc1)c1ccccc1,50000.0,inactive,389.23800000000006,5.815900000000004,0.0,4.0
CHEMBL238764,CN(C(=O)Oc1ccc(Oc2ccccc2)cc1)c1ccccc1,50000.0,inactive,319.36,5.114100000000004,0.0,3.0
CHEMBL236173,O=C(Oc1ccc(Oc2ncc(Cl)cc2Cl)cc1)N1CCCC1,50000.0,inactive,353.20500000000015,4.775300000000003,0.0,4.0
CHEMBL239418,CN(C(=O)Oc1ccc(Oc2ncc(Cl)cc2Cl)cc1)c1ccccc1,50000.0,inactive,389.23800000000006,5.815900000000004,0.0,4.0
CHEMBL397160,O=C(Oc1ccc(Oc2ncc(Cl)cc2Cl)cc1)N1CCOCC1,50000.0,inactive,369.2040000000002,4.011700000000003,0.0,5.0
CHEMBL239207,CN(C)C(=O)Oc1ccc(Oc2ncc(Cl)cc2Cl)cc1,50000.0,inactive,327.16700000000003,4.241100000000003,0.0,4.0
CHEMBL241127,CCCCNC(=O)Oc1ccc(Oc2ncc(Cl)cc2Cl)cc1,50000.0,inactive,355.221,5.069200000000003,1.0,4.0
CHEMBL1203985,CC[N+](CC)(CC)CCOc1ccc(C(=O)NCCCCCC(=O)NNc2c3c(nc4ccccc24)CCCC3)cc1.Cl.[Br-],7.61,active,691.1550000000002,3.2282000000000033,3.0,5.0
CHEMBL360055,CC[N+](CC)(CC)CCOc1cccc(OCC[N+](CC)(CC)CC)c1OCC[N+](CC)(CC)CC,2110000.0,inactive,510.8280000000005,5.452500000000005,0.0,3.0
CHEMBL555247,CC[N+](CC)(CC)CCOc1cc(OCC[N+](CC)(CC)CC)c(C(=O)NCCCCCC(=O)NNc2c3c(nc4cc(Cl)ccc24)CCCC3)cc1OCC[N+](CC)(CC)CC.[Br-].[Br-].[Br-],6.54,active,1137.4229999999993,-0.02160000000000495,3.0,7.0
CHEMBL1203984,CC[N+](CC)(CC)CCOc1cc(OCC[N+](CC)(CC)CC)c(C(=O)NCCCCCC(=O)NNc2c3c(nc4ccccc24)CCCC3)cc1OCC[N+](CC)(CC)CC.Cl.[Br-].[Br-].[Br-],23.2,active,1139.4389999999994,-0.2532000000000056,3.0,7.0
CHEMBL540132,CC[N+](CC)(CC)CCOc1cc(OCC[N+](CC)(CC)CC)cc(C(=O)NCCCCCC(=O)NNc2c3c(nc4cc(Cl)ccc24)CCCC3)c1.[Br-].[Br-],6.75,active,913.2809999999998,1.7191000000000078,3.0,6.0
CHEMBL1203986,CC[N+](CC)(CC)CCOc1cc(OCC[N+](CC)(CC)CC)cc(C(=O)NCCCCCC(=O)NNc2c3c(nc4ccccc24)CCCC3)c1.Cl.[Br-].[Br-],15.8,active,915.2969999999999,1.487500000000007,3.0,6.0
CHEMBL540131,CC[N+](CC)(CC)CCOc1ccc(C(=O)NCCCCCC(=O)NNc2c3c(nc4cc(Cl)ccc24)CCCC3)cc1.[Br-],5.44,active,689.139,3.459800000000003,3.0,5.0
CHEMBL235014,c1ccc2c(NCCOCCOCCNc3c4c(nc5ccccc35)CCCC4)c3c(nc2c1)CCCC3,19.7,active,510.6820000000004,6.0978000000000065,2.0,6.0
CHEMBL440983,O=C(NCCNc1c2c(nc3ccccc13)CCCC2)C(=O)NCCNc1c2c(nc3ccccc13)CCCC2,6.65,active,536.6800000000002,4.297000000000003,4.0,6.0
CHEMBL238230,O=C(CCCNc1c2c(nc3ccccc13)CCCC2)CCCNc1c2c(nc3ccccc13)CCCC2,1.83,active,506.6940000000004,7.194100000000007,2.0,5.0
CHEMBL251077,CC(=O)O[C@H]1[C@H]2c3cc4c(cc3CN3CCC(=C[C@@H]1O)[C@H]23)OCO4,960.0,active,329.35200000000003,1.3193999999999997,1.0,6.0
CHEMBL402484,COc1cc2c(cc1OC)-c1cccc3c1N(CC3)C2,3870.0,intermediate,267.328,3.246900000000002,0.0,3.0
CHEMBL1524,CN1CC[C@@]23C=C[C@H](O)C[C@@H]2Oc2c(O)ccc(c23)C1,100.0,active,273.332,1.5473,2.0,4.0
CHEMBL251076,COc1ccc2c3c1O[C@H]1C[C@H](O)C=C[C@@]31[C@H](O)CN(C)C2,9010.0,intermediate,303.3580000000001,0.8211,2.0,5.0
CHEMBL409610,COc1ccc2c3c1O[C@H]1C[C@@H](O)C=C[C@@]31[C@H](O)CN(C)C2,1610.0,intermediate,303.3580000000001,0.8211,2.0,5.0
CHEMBL401114,CO[C@@H]1C=C[C@@]23c4cc5c(cc4CN(C[C@@H]2O)[C@H]3C1)OCO5,452000.0,inactive,301.34200000000004,1.1866999999999996,1.0,5.0
CHEMBL400092,O[C@H]1[C@H]2c3cc4c(cc3CN3CCC(=C[C@@H]1O)[C@H]23)OCO4,155000.0,inactive,287.31500000000005,0.7485999999999997,2.0,5.0
CHEMBL250688,COc1cc2c(c(OC)c1OC)C(=O)O[C@]21[C@H](O)[C@@H](O)C=C2CCN(C)[C@H]21,113000.0,inactive,377.39300000000014,0.44399999999999995,2.0,8.0
CHEMBL252723,COc1cc2c(cc1OC)[C@]1(OC2=O)[C@H](O)[C@@H](O)C=C2CCN(C)[C@H]21,2320.0,intermediate,347.36700000000013,0.4353999999999998,2.0,7.0
CHEMBL1523,Oc1ccc2c3c1O[C@H]1C[C@@H](O)C=C[C@@]31CCNC2,1430.0,intermediate,259.305,1.2050999999999998,3.0,4.0
CHEMBL479291,[O-]c1cc2c3c(c1)c1cc4c(cc1c[n+]3CC2)OCO4,3850.0,intermediate,265.268,1.6389,0.0,3.0
CHEMBL15056,c1ccc2c(NCCc3ccc(OCCCN4CCCCC4)cc3)c3c(nc2c1)CCCC3,2.6,active,443.63500000000033,6.023000000000007,1.0,4.0
CHEMBL41,CNCCC(Oc1ccc(C(F)(F)F)cc1)c1ccccc1,10000.0,inactive,309.33099999999996,4.435000000000003,1.0,2.0
CHEMBL255231,C#CCN[C@@H]1CCc2ccc(OC(=O)N(C)CC)cc21,52400.0,inactive,272.34799999999996,2.347200000000001,1.0,3.0
CHEMBL255230,C#CCN[C@@H]1CCc2cc(Cl)c(OC(=O)N(C)CCC)cc21,43900.0,inactive,320.8200000000001,3.3907000000000025,1.0,3.0
CHEMBL109018,Cc1c(C)c2ccc(OCc3cccc(Cl)c3)cc2oc1=O,3390.0,intermediate,314.7680000000001,4.642240000000003,0.0,3.0
CHEMBL257540,COc1ccccc1CNCCCNCCCNCCC[n+]1c(-c2ccccc2)c2cc(N)ccc2c2ccc(N)cc21,952.0,active,577.7970000000001,5.259800000000003,5.0,6.0
CHEMBL403260,CCN(CCCCCC(=O)Nc1ccc(-c2ccc(NC(=O)CCCCCN(CC)Cc3ccccc3OC)cc2)cc1)Cc1ccccc1OC,36.3,active,706.9720000000003,9.412800000000002,2.0,6.0
CHEMBL254016,CCN(CCCCCC(=O)N1CCC(C2CCN(C(=O)CCCCCN(CC)Cc3ccccc3OC)CC2)CC1)Cc1ccccc1OC,3.3,active,691.014,7.645800000000009,0.0,6.0
CHEMBL231160,CCN(CCCCCCNC1=CC(=O)C(NCCCCCCN(CC)Cc2ccccc2OC)=CC1=O)Cc1ccccc1OC,28300.0,inactive,632.8900000000003,6.2674000000000065,2.0,8.0
CHEMBL32329,Clc1cccc(Cl)c1CO/N=C/c1cc[n+](CCCc2ccccc2)cc1,180.0,active,400.3290000000002,5.464400000000006,0.0,2.0
CHEMBL590603,Clc1cccc(Cl)c1CO/N=C/c1cc[n+](CCC[n+]2ccc(/C=N/OCc3c(Cl)cccc3Cl)cc2)cc1.[Br-].[Br-],6000.0,intermediate,764.1730000000002,1.074900000000002,0.0,4.0
CHEMBL270248,CCN(Cc1ccccc1)Cc1ccc(-c2cc3ccc(OCCNC(=O)/C=C/c4ccc(Cl)c(Cl)c4)cc3oc2=O)cc1,4230.0,intermediate,627.5680000000002,7.997300000000006,1.0,5.0
CHEMBL271710,CCN(Cc1ccccc1)Cc1ccc(-c2cc3ccc(OCCNC(=O)CCc4ccc(F)c(F)c4)cc3oc2=O)cc1,327.0,active,596.6740000000003,6.888100000000007,1.0,5.0
CHEMBL271709,CCN(Cc1ccccc1)Cc1ccc(-c2cc3ccc(OCCNC(=O)/C=C/c4cc(F)cc(F)c4)cc3oc2=O)cc1,4570.0,intermediate,594.6580000000002,6.968700000000007,1.0,5.0
CHEMBL26125,CCN(Cc1ccccc1)Cc1ccc(-c2cc3ccc(OCCNC(=O)Cc4cc(F)cc(F)c4)cc3oc2=O)cc1,181.0,active,582.6470000000003,6.498000000000006,1.0,5.0
CHEMBL407904,CCN(Cc1ccccc1)Cc1ccc(-c2cc3cc(OCCNC(=O)/C=C/c4ccc(Cl)c(Cl)c4)ccc3oc2=O)cc1,267000.0,inactive,627.5680000000002,7.997300000000006,1.0,5.0
CHEMBL248922,CCN(Cc1ccccc1)Cc1ccc(-c2cc3cc(OCCNC(=O)CCc4ccc(F)c(F)c4)ccc3oc2=O)cc1,2770.0,intermediate,596.6740000000003,6.888100000000007,1.0,5.0
CHEMBL239046,CCN(Cc1ccccc1)Cc1ccc(-c2cc3cc(OCCNC(=O)/C=C/c4cc(F)cc(F)c4)ccc3oc2=O)cc1,7160.0,intermediate,594.6580000000002,6.968700000000007,1.0,5.0
CHEMBL272700,CCN(Cc1ccccc1)Cc1ccc(-c2cc3cc(OCCNC(=O)Cc4cc(F)cc(F)c4)ccc3oc2=O)cc1,551.0,active,582.6470000000003,6.498000000000006,1.0,5.0
CHEMBL269865,O=C(CO[N+](=O)[O-])NCCCNc1c2c(nc3ccccc13)CCCC2,28.2,active,358.3980000000002,2.2401,2.0,6.0
CHEMBL271385,CC(C)(C)C(=O)NCCCCNc1c2c(nc3ccccc13)CCCC2,21.6,active,353.51000000000016,4.4680000000000035,2.0,3.0
CHEMBL271746,CC(C)(CO[N+](=O)[O-])C(=O)NCCCCNc1c2c(nc3ccccc13)CCCC2,226.0,active,414.50600000000026,3.6564000000000023,2.0,6.0
CHEMBL270349,CC(C)(CO[N+](=O)[O-])C(=O)NCCCNc1c2c(nc3ccccc13)CCCC2,69.5,active,400.4790000000002,3.266300000000002,2.0,6.0
CHEMBL260964,O=C(CO/N=[N+](\[O-])N1CCCC1)NCCCCNc1c2c(nc3ccccc13)CCCC2,50.7,active,440.54800000000023,3.3268000000000013,2.0,6.0
CHEMBL273051,O=C(CO/N=[N+](\[O-])N1CCCC1)NCCCNc1c2c(nc3ccccc13)CCCC2,35.5,active,426.52100000000024,2.9367,2.0,6.0
CHEMBL260308,O=[N+]([O-])OCCCCCCNCCCCNc1c2c(nc3ccccc13)CCCC2,18.1,active,414.55000000000024,4.664000000000004,2.0,6.0
CHEMBL407320,O=[N+]([O-])OCCCNCCCCNc1c2c(nc3ccccc13)CCCC2,5.6,active,372.46900000000016,3.4937000000000022,2.0,6.0
CHEMBL277984,O=[N+]([O-])OCCNCCCCNc1c2c(nc3ccccc13)CCCC2,11.1,active,358.4420000000002,3.103600000000001,2.0,6.0
CHEMBL261384,O=[N+]([O-])OCCCCCCNCCCNc1c2c(nc3ccccc13)CCCC2,6.3,active,400.5230000000002,4.273900000000004,2.0,6.0
CHEMBL270491,O=[N+]([O-])OCCCNCCCNc1c2c(nc3ccccc13)CCCC2,6.4,active,358.4420000000002,3.103600000000002,2.0,6.0
CHEMBL272229,O=[N+]([O-])OCCNCCCNc1c2c(nc3ccccc13)CCCC2,10.0,active,344.4150000000002,2.7135000000000007,2.0,6.0
CHEMBL272230,O=C(CCO[N+](=O)[O-])NCCCCNc1c2c(nc3ccccc13)CCCC2,45.7,active,386.45200000000017,3.0203000000000015,2.0,6.0
CHEMBL273078,O=C(CO[N+](=O)[O-])NCCCCNc1c2c(nc3ccccc13)CCCC2,22.6,active,372.4250000000002,2.6302000000000003,2.0,6.0
CHEMBL269863,O=C(CCO[N+](=O)[O-])NCCCNc1c2c(nc3ccccc13)CCCC2,93.0,active,372.4250000000002,2.6302000000000003,2.0,6.0
CHEMBL129542,c1cc(OCCCN2CCCCC2)ccc1CN1CCCCC1,3200.0,intermediate,316.48900000000015,3.9273000000000033,0.0,3.0
CHEMBL1190,C[N+](C)(C)CCCCCCCCCC[N+](C)(C)C,5900.0,intermediate,258.4939999999999,3.5196000000000023,0.0,0.0
CHEMBL259264,OCCC1CCN(Cc2ccc(OCCCN3CCCCC3)cc2)CC1,350.0,active,360.54200000000026,3.5358000000000027,1.0,4.0
CHEMBL259482,OCC1CCN(Cc2ccc(OCCCN3CCCCC3)cc2)CC1,1100.0,intermediate,346.51500000000016,3.1457000000000015,1.0,4.0
CHEMBL129306,OC1CCN(Cc2ccc(OCCCN3CCCCC3)cc2)CC1,2300.0,intermediate,332.48800000000006,2.8981000000000012,1.0,4.0
CHEMBL259523,CC[C@@]1(c2cccc(O)c2)CCCCN(CCCCCCCCCCN2CCCC[C@@](CC)(c3cccc(O)c3)C2)C1,5800.0,intermediate,576.9100000000004,9.186200000000001,2.0,4.0
CHEMBL406645,CC[C@@]1(c2cccc(O)c2)CCCCN(CCCCCCCCCN2CCCC[C@@](CC)(c3cccc(O)c3)C2)C1,16600.0,inactive,562.8830000000004,8.796100000000004,2.0,4.0
CHEMBL497276,CO[C@@H]1[C@@H](O)[C@H]2c3cc4c(cc3CN3CC=C([C@H]1O)[C@H]23)OCO4,86000.0,inactive,317.34100000000007,0.3735,2.0,6.0
CHEMBL481657,CC1(C)Oc2cc3oc(=O)ccc3cc2C[C@@H]1O,28000.0,inactive,246.262,1.8673999999999995,1.0,4.0
CHEMBL442813,CC(C)(O)[C@@H]1Cc2cc3ccc(=O)oc3cc2O1,67000.0,inactive,246.26199999999997,1.8673999999999997,1.0,4.0
CHEMBL416,COc1c2occc2cc2ccc(=O)oc12,54000.0,inactive,216.19199999999995,2.5478000000000005,0.0,4.0
CHEMBL502689,CC(C)=CCc1cc2ccc(=O)oc2cc1O,2400000.0,inactive,230.26299999999998,3.007300000000002,1.0,3.0
CHEMBL51628,O=c1ccc2ccc(O)cc2o1,29000000.0,inactive,162.14399999999998,1.4986,1.0,3.0
CHEMBL448060,CC(C)=CCOc1c2ccoc2cc2oc(=O)ccc12,69000.0,inactive,270.284,3.8842000000000025,0.0,4.0
CHEMBL303846,CC1(C)C=Cc2cc3ccc(=O)oc3cc2O1,150000.0,inactive,228.24699999999996,2.9772000000000007,0.0,3.0
CHEMBL513279,COc1cc(OCC=C(C)C)c2ccc(=O)oc2c1,240000.0,inactive,260.289,3.146600000000001,0.0,4.0
CHEMBL481658,CC(C)=CC(=O)O[C@H]1Cc2cc3ccc(=O)oc3cc2OC1(C)C,390000.0,inactive,328.3640000000001,3.384500000000002,0.0,5.0
CHEMBL461949,C=C(C)[C@H](O)Cc1cc2ccc(=O)oc2cc1O,130000.0,inactive,246.26199999999997,1.9781,2.0,4.0
CHEMBL459825,CC(C)(O[C@@H]1O[C@H](CO)[C@@H](O)[C@H](O)[C@H]1O)[C@H]1Cc2cc3ccc(=O)oc3cc2O1,68000.0,inactive,408.40300000000025,-0.30839999999999956,4.0,9.0
CHEMBL459826,CC(C)(O)C(=O)Cc1cc2ccc(=O)oc2cc1O,180000.0,inactive,262.26099999999997,1.3810999999999998,2.0,5.0
CHEMBL496487,CC(C)=CC(=O)N[C@H]1CC[C@@]2(C)[C@@H](CC[C@@H]3[C@@H]2CC[C@]2(C)C([C@H](C)N(C)C)=CC[C@@H]32)[C@H]1O,48500.0,inactive,442.6880000000002,4.937300000000006,2.0,3.0
CHEMBL504924,C/C=C(\C)C(=O)N[C@H]1CC[C@]2(C)[C@H]3CC[C@]4(C)[C@@H]([C@H](C)NC)CC[C@H]4[C@@H]3CC[C@H]2[C@H]1OC(C)=O,8100.0,intermediate,472.7140000000003,5.245800000000005,2.0,4.0
CHEMBL496259,CN[C@@H](C)[C@H]1CC[C@H]2[C@@H]3CC=C4C(=O)[C@@H](NC(=O)C=C(C)C)CC[C@]4(C)[C@H]3CC[C@]12C,9900.0,intermediate,426.6450000000003,4.803300000000004,2.0,3.0
CHEMBL496255,C[C@@H]([C@H]1CC[C@H]2[C@@H]3CC[C@H]4C[C@@H](N(C)C)CC[C@]4(C)[C@H]3CC[C@]12C)N(C)C,22100.0,inactive,374.65700000000015,5.525600000000006,0.0,2.0
CHEMBL498645,C[C@@H]([C@H]1CC[C@H]2[C@@H]3CC[C@H]4C[C@@H](N)CC[C@]4(C)[C@H]3CC[C@]12C)N(C)C,28000.0,inactive,346.6030000000001,4.922700000000004,1.0,2.0
CHEMBL496488,C[C@@H]([C@H]1CC=C2[C@@H]3CCC4=C[C@@H](N(C)C)CC[C@]4(C)[C@H]3CC[C@@]21C)N(C)C,24200.0,inactive,370.62500000000017,5.3658000000000055,0.0,2.0
CHEMBL1678,COc1cc2c(cc1OC)C(=O)C(CC1CCN(Cc3ccccc3)CC1)C2.Cl,11.6,active,415.9610000000002,4.782900000000006,0.0,4.0
CHEMBL486698,Cl.Nc1c2c(nc3cc(Cl)ccc13)CCCC2,8.32,active,269.175,3.7710000000000017,1.0,2.0
CHEMBL3217103,COc1cc2c(cc1OC)CC(CC1CCN(CCCNc3c4c(nc5cc(Cl)ccc35)CCCC4)CC1)C2.Cl.Cl.Cl,1.06,active,657.5540000000002,8.3687,1.0,5.0
CHEMBL3216210,COc1cc2c(cc1OC)CC(CC1CCN(CCNc3c4c(nc5cc(Cl)ccc35)CCCC4)CC1)C2.Cl.Cl.Cl,2.6,active,643.5270000000003,7.978600000000002,1.0,5.0
CHEMBL3216209,COc1cc2c(cc1OC)CC(CC1CCN(CCCNc3c4c(nc5ccccc35)CCCC4)CC1)C2.Cl.Cl,2.16,active,586.6480000000005,7.29350000000001,1.0,5.0
CHEMBL3216208,COc1cc2c(cc1OC)CC(CC1CCN(CCNc3c4c(nc5ccccc35)CCCC4)CC1)C2.Cl.Cl,5.13,active,572.6210000000004,6.903400000000009,1.0,5.0
CHEMBL3216655,COc1cc2c(cc1OC)C(=O)C(CC1CCN(CCCNc3c4c(nc5cc(Cl)ccc35)CCCC4)CC1)C2.Cl.Cl.Cl,0.27,active,671.5370000000001,8.008900000000002,1.0,6.0
CHEMBL3216422,COc1cc2c(cc1OC)C(=O)C(CC1CCN(CCNc3c4c(nc5cc(Cl)ccc35)CCCC4)CC1)C2.Cl.Cl.Cl,0.67,active,657.5100000000002,7.618800000000006,1.0,6.0
CHEMBL3216886,COc1cc2c(cc1OC)C(=O)C(CC1CCN(CCCNc3c4c(nc5ccccc35)CCCC4)CC1)C2.Cl.Cl,0.88,active,600.6310000000004,6.93370000000001,1.0,6.0
CHEMBL497755,CN(CCCCCCCOc1ccc(-c2cc3ccccc3o2)cc1)Cc1ccccc1,32600.0,inactive,427.5880000000002,7.561100000000008,0.0,3.0
CHEMBL504674,COc1ccc(C(=O)c2c(-c3ccc(OCCCCCCCN(C)Cc4ccccc4)cc3)oc3ccccc23)cc1OC,177000.0,inactive,591.7480000000002,8.809300000000004,0.0,6.0
CHEMBL444427,COc1ccc(C(=O)c2c(-c3ccc(OCCCCCCCN(C)Cc4ccccc4)cc3)oc3ccccc23)cc1,281000.0,inactive,561.7220000000002,8.800700000000003,0.0,5.0
CHEMBL447857,COc1cccc(C(=O)c2c(-c3ccc(OCCCCCCCN(C)Cc4ccccc4)cc3)oc3ccccc23)c1,127000.0,inactive,561.7220000000003,8.800700000000003,0.0,5.0
CHEMBL455790,Cc1ccc(C(=O)c2c(-c3ccc(OCCCCCCCN(C)Cc4ccccc4)cc3)oc3ccccc23)cc1,10500.0,inactive,545.7230000000002,9.100520000000001,0.0,4.0
CHEMBL506588,Cc1cccc(C(=O)c2c(-c3ccc(OCCCCCCCN(C)Cc4ccccc4)cc3)oc3ccccc23)c1,127000.0,inactive,545.7230000000003,9.100520000000001,0.0,4.0
CHEMBL511575,CN(CCCCCCCOc1ccc(-c2oc3ccccc3c2C(=O)c2ccccc2)cc1)Cc1ccccc1,40700.0,inactive,531.6960000000003,8.792100000000003,0.0,4.0
CHEMBL511948,CC(=O)c1c(-c2ccc(OCCCCCCCN(C)Cc3ccccc3)cc2)oc2ccccc12,17400.0,inactive,469.6250000000001,7.763700000000007,0.0,4.0
CHEMBL523830,O=C(NCc1ccccc1)O[C@H]1CO[C@H]2[C@@H]1OC[C@H]2OC(=O)c1ccccc1,221000.0,inactive,383.4000000000001,2.3046000000000006,1.0,6.0
CHEMBL513281,O=C1C2=C(CCCC2)S(=O)(=O)N1c1cccc(Cl)n1,100000.0,inactive,298.75100000000003,2.2394999999999996,0.0,4.0
CHEMBL518500,O=C1c2ccccc2S(=O)(=O)N1c1c(F)c(F)nc(F)c1F,100000.0,inactive,332.234,1.9870999999999999,0.0,4.0
CHEMBL512569,O=C1C2=C(CCCC2)S(=O)(=O)N1c1ccncc1.[O-][Cl+3]([O-])([O-])O,100000.0,inactive,364.7630000000001,-2.5378999999999974,1.0,8.0
CHEMBL503392,O=C1C2=C(CCCC2)S(=O)(=O)N1c1c(F)c(F)c(F)c(F)c1F,100000.0,inactive,353.26800000000003,2.8866000000000014,0.0,3.0
CHEMBL461946,CC1=C(c2ccccc2)C(=O)N(c2c(F)c(F)nc(F)c2F)S1(=O)=O,100000.0,inactive,372.299,2.7456000000000005,0.0,4.0
CHEMBL512758,CC1=C(C)S(=O)(=O)N(c2c(F)c(F)nc(F)c2F)C1=O,100000.0,inactive,310.228,1.6083,0.0,4.0
CHEMBL461945,O=C1C2=C(CCCC2)S(=O)(=O)N1c1c(F)c(F)nc(F)c1F,100000.0,inactive,336.266,2.1425,0.0,4.0
CHEMBL459684,O=C1C2=C(CCCC2)S(=O)(=O)N1c1ncc(F)cc1F,100000.0,inactive,300.286,1.8643,0.0,4.0
CHEMBL459683,O=C1C2=C(CCCC2)S(=O)(=O)N1c1cccc(Br)n1,100000.0,inactive,343.202,2.3486000000000002,0.0,4.0
CHEMBL450553,CCN(CCCCCCN1C(=O)c2ccc3c4c(ccc(c24)C1=O)C(=O)N(CCCCCCN(CC)Cc1ccccc1OC)C3=O)Cc1ccccc1OC,0.37,active,760.9760000000003,8.21400000000001,0.0,8.0
CHEMBL507903,CCN(CCCCCCn1c(=O)c2cc3c(=O)n(CCCCCCN(CC)Cc4ccccc4OC)c(=O)c3cc2c1=O)Cc1ccccc1OC,7.7,active,710.9160000000003,6.094600000000007,0.0,8.0
CHEMBL507304,CCN(CCCCCCN1C(=O)c2ccc(-c3ccc4c(c3)C(=O)N(CCCCCCN(CC)Cc3ccccc3OC)C4=O)cc2C1=O)Cc1ccccc1OC,14.0,active,787.0140000000004,8.727800000000007,0.0,8.0
CHEMBL449941,CCN(CCCCCCN1CCN(CCCCCCN(CC)Cc2ccccc2OC)C1=O)Cc1ccccc1OC,72.4,active,580.8580000000003,6.906200000000008,0.0,5.0
CHEMBL452339,CCN(CCCCCCn1c(=O)c(=O)n(CCCCCCN(CC)Cc2ccccc2OC)c2ccccc21)Cc1ccccc1OC,1.41,active,656.9120000000003,7.345400000000009,0.0,6.0
CHEMBL449467,CCN(CCCCCCN1CC(=O)N(CCCCCCN(CC)Cc2ccccc2OC)CC1=O)Cc1ccccc1OC,15.9,active,608.8680000000004,5.839400000000006,0.0,6.0
CHEMBL450990,CCN(CCCCCCN1CCN(CCCCCCN(CC)Cc2ccccc2OC)C(=O)C1=O)Cc1ccccc1OC,68.9,active,608.8680000000003,5.839400000000006,0.0,6.0
CHEMBL507885,CCN(CCCCCC(=O)N1Cc2ccc3c4c(ccc(c24)C1)CN(C(=O)CCCCCN(CC)Cc1ccccc1OC)C3)Cc1ccccc1OC,4.83,active,733.0100000000003,8.706400000000007,0.0,6.0
CHEMBL499722,CCN(CCCCCC(=O)N[C@H]1CC[C@H](NC(=O)CCCCCN(CC)Cc2ccccc2OC)CC1)Cc1ccccc1OC,8550.0,intermediate,636.9220000000004,6.712200000000006,2.0,6.0
CHEMBL450506,CCN(CCCCCC(=O)N[C@H]1CCCC[C@@H]1NC(=O)CCCCCN(CC)Cc1ccccc1OC)Cc1ccccc1OC,5470.0,intermediate,636.9220000000004,6.712200000000007,2.0,6.0
CHEMBL499825,CCN(CCCCCC(=O)N[C@H]1CCCC[C@H]1NC(=O)CCCCCN(CC)Cc1ccccc1OC)Cc1ccccc1OC,4160.0,intermediate,636.9220000000004,6.712200000000007,2.0,6.0
CHEMBL502877,CCN(CCCCCC(=O)N1CCN(C(=O)CCCCCN(CC)Cc2ccccc2OC)CC1)Cc1ccccc1OC,25.7,active,608.8680000000004,5.839400000000006,0.0,6.0
CHEMBL488590,CCN(CCCCCCN1C(=O)c2cccc3cccc(c23)C1=O)Cc1ccccc1OC,53.5,active,444.5750000000003,5.526900000000006,0.0,4.0
CHEMBL456881,O=c1c2ccccc2nc2n1CCC2,82500.0,inactive,186.21399999999994,1.3426999999999998,0.0,2.0
CHEMBL490507,COc1ccc(C(=O)c2ccc(CN(C)Cc3ccccc3)cc2)cc1OC,460.0,active,375.4680000000001,4.566800000000004,0.0,4.0
CHEMBL470907,CCN(Cc1ccccc1)Cc1ccc(C(=O)c2ccc(OC)c(OC)c2)cc1,570.0,active,389.4950000000001,4.9569000000000045,0.0,4.0
CHEMBL511468,COc1ccc(C(=O)c2ccc(CN(CCO)Cc3ccccc3)cc2)cc1OC,1410.0,intermediate,405.4940000000001,3.929300000000003,1.0,5.0
CHEMBL474837,COc1ccc(C(=O)c2ccc(CN(C)Cc3ccccc3)cc2)cc1F,1570.0,intermediate,363.432,4.697300000000005,0.0,3.0
CHEMBL471581,COc1ccc(C(=O)c2ccc(CN(C)Cc3cccc(C)c3)cc2)cc1OC,1650.0,intermediate,389.4950000000001,4.875220000000005,0.0,4.0
CHEMBL514966,COc1ccc(C(=O)c2ccc(CN(C)Cc3ccccc3)cc2)cc1,1820.0,intermediate,345.442,4.558200000000004,0.0,3.0
CHEMBL474836,COc1ccc(C(=O)c2ccc(/C=C/CN(C)Cc3ccccc3)cc2)cc1OC,2100.0,intermediate,401.5060000000001,5.0800000000000045,0.0,4.0
CHEMBL491526,COc1ccc(C(=O)c2ccc(CN(C)CCN(C)C)cc2)cc1OC,2370.0,intermediate,356.46600000000007,2.9282000000000012,0.0,5.0
CHEMBL513236,COc1ccccc1CN(C)Cc1ccc(C(=O)c2ccc(OC)c(OC)c2)cc1,3710.0,intermediate,405.4940000000001,4.575400000000005,0.0,5.0
CHEMBL490360,COc1ccc(C(=O)c2ccc(CN(C)Cc3cccc([N+](=O)[O-])c3)cc2)cc1OC,4270.0,intermediate,420.46500000000015,4.475000000000004,0.0,6.0
CHEMBL492098,COc1ccc(C(=O)c2ccc(CN(CCN(C)C)Cc3ccccc3)cc2)cc1OC,8640.0,intermediate,432.56400000000014,4.498600000000004,0.0,5.0
CHEMBL491562,CN(Cc1ccccc1)Cc1ccc(C(=O)c2ccc3ccccc3c2)cc1,19600.0,inactive,365.476,5.702800000000005,0.0,2.0
CHEMBL491527,C#CCN(C)Cc1ccc(C(=O)c2ccc(OC)c(OC)c2)cc1,27200.0,inactive,323.392,2.9998000000000014,0.0,4.0
CHEMBL523311,CCN(CC)Cc1ccc(C(=O)c2ccc(OC)c(OC)c2)cc1,36800.0,inactive,327.42400000000004,3.776600000000003,0.0,4.0
CHEMBL491528,COc1ccc(C(=O)c2ccc(CN3CCc4ccccc4C3)cc2)cc1OC,54000.0,inactive,387.4790000000001,4.493100000000004,0.0,4.0
CHEMBL491346,COc1ccc(C(=O)c2ccc(CN3CCOCC3)cc2)cc1OC,345000.0,inactive,341.40700000000004,2.7670000000000012,0.0,5.0
CHEMBL490359,CCOC(=O)C1=C(C)Nc2nc3c(c(N)c2[C@H]1c1ccc(OC)cc1)CCCC3,36.0,active,393.48700000000025,3.945700000000003,2.0,6.0
CHEMBL491360,CCOC(=O)C1=C(C)Nc2nc3c(c(N)c2C1c1ccncc1)CCCC3,223.0,active,364.4490000000002,3.3321000000000023,2.0,6.0
CHEMBL491359,CCOC(=O)C1=C(C)Nc2nc3c(c(N)c2C1c1cccnc1)CCCC3,158.0,active,364.4490000000002,3.3321000000000023,2.0,6.0
CHEMBL491358,CCOC(=O)C1=C(C)Nc2nc3c(c(N)c2C1c1ccc(OC)c(OC)c1)CCCC3,45.0,active,423.5130000000003,3.9543000000000026,2.0,7.0
CHEMBL490338,CCOC(=O)C1=C(C)Nc2nc3c(c(N)c2C1c1ccc(-c2ccccc2)cc1)CCCC3,71.0,active,439.55900000000025,5.604100000000004,2.0,5.0
CHEMBL491561,CCOC(=O)C1=C(C)Nc2nc3c(c(N)c2C1c1ccccc1C(F)(F)F)CCCC3,226.0,active,431.4580000000002,4.955900000000003,2.0,5.0
CHEMBL470715,CCOC(=O)C1=C(C)Nc2nc3c(c(N)c2[C@@H]1c1ccc(OC)cc1)CCCC3,378.0,active,393.48700000000025,3.945700000000003,2.0,6.0
CHEMBL470866,C=C(CC[C@@H](C)[C@H]1CC[C@H]2[C@@H]3CC=C4C(=O)[C@](O)(C(=O)OCC)C[C@]4(C)[C@H]3CC[C@]12C)C(C)C,10.0,active,470.6940000000004,6.277000000000007,1.0,4.0
CHEMBL470867,COc1ccc2c(=O)oc3c(OC)cc(CCN(C)C)c4c(=O)oc1c2c34,540.0,active,369.37300000000016,2.611700000000001,0.0,7.0
CHEMBL469423,COc1c(O)cc2c3c1-c1ccccc1C[C@H]3NCC2,100000.0,inactive,267.32800000000003,2.8106999999999998,2.0,3.0
CHEMBL478666,Clc1ccc2c(NCCCNCCCOc3cccc4[nH]c5ccccc5c34)c3c(nc2c1)CCCC3,2.15,active,513.0850000000003,7.262200000000005,3.0,4.0
CHEMBL474268,Clc1ccc2c(NCCCNCCCCCCOc3cccc4[nH]c5ccccc5c34)c3c(nc2c1)CCCC3,2.57,active,555.1659999999999,8.432500000000005,3.0,4.0
CHEMBL473866,Clc1ccc2c(NCCCNCCCCCOc3cccc4[nH]c5ccccc5c34)c3c(nc2c1)CCCC3,1.54,active,541.139,8.042400000000006,3.0,4.0
CHEMBL478667,Clc1ccc2c(NCCCNCCCCOc3cccc4[nH]c5ccccc5c34)c3c(nc2c1)CCCC3,1.65,active,527.1120000000002,7.652300000000006,3.0,4.0
CHEMBL497686,Cc1ccc(C2CC(c3cccc(O)c3)=Nc3ccccc3S2)cc1,49400.0,inactive,345.4670000000001,6.058520000000005,1.0,3.0
CHEMBL498539,Oc1cccc(C2=Nc3ccccc3SC(c3ccc(Cl)cc3)C2)c1,18800.0,inactive,365.8850000000001,6.403500000000004,1.0,3.0
CHEMBL526476,Oc1cccc(C2=Nc3ccccc3SC(c3ccccc3F)C2)c1,70600.0,inactive,349.4300000000001,5.889200000000004,1.0,3.0
CHEMBL456156,Oc1cccc(C2=Nc3ccccc3SC(c3ccccc3)C2)c1,40000.0,inactive,331.4400000000001,5.750100000000003,1.0,3.0
CHEMBL508510,Oc1cccc(C2=Nc3ccccc3SC(c3cccc(O)c3)C2)c1,71100.0,inactive,347.43900000000014,5.455700000000003,2.0,4.0
CHEMBL498536,Oc1cccc(C2=Nc3ccccc3SC(c3cccs3)C2)c1,5900.0,intermediate,337.4690000000001,5.811600000000004,1.0,4.0
CHEMBL512096,CC1(C)CC(=O)C2=C(C1)Nc1nc3c(c(N)c1C2c1ccccc1)CCCC3,710.0,active,373.50000000000017,4.743200000000003,2.0,4.0
CHEMBL468002,CC1(C)CC(=O)C2=C(C1)Nc1nc3c(c(N)c1C2c1ccncc1)CCCC3,2800.0,intermediate,374.48800000000017,4.138200000000003,2.0,5.0
CHEMBL468001,COc1ccc(C2C3=C(CC(C)(C)CC3=O)Nc3nc4c(c(N)c32)CCCC4)cc1,370.0,active,403.52600000000024,4.751800000000004,2.0,5.0
CHEMBL513161,Cc1ccc(C2C3=C(CC(C)(C)CC3=O)Nc3nc4c(c(N)c32)CCCC4)cc1,670.0,active,387.52700000000027,5.051620000000003,2.0,4.0
CHEMBL468000,CC1(C)CC(=O)C2=C(C1)Nc1nc3c(c(N)c1C2c1ccc(F)cc1)CCCC3,1600.0,intermediate,391.4900000000002,4.882300000000003,2.0,4.0
CHEMBL556939,C[C@]1(CO)CCC[C@]2(C)[C@H]1C[C@H](O)[C@@]13C[C@@H](CC[C@@H]21)[C@]1(C)O[C@@H]13,14500.0,inactive,320.47300000000007,3.129800000000002,2.0,3.0
CHEMBL561846,C=C1C[C@]23C[C@H]1CC[C@H]2[C@]1(C)CCC[C@](C)(CO)[C@@H]1C[C@@H]3O,22800.0,inactive,304.474,3.9186000000000027,2.0,2.0
CHEMBL550989,CCOC(=O)c1ccc2nc(-c3ccc(Cl)cc3)c3c(c2c1)OCCC3.Cl,10000.0,inactive,404.2930000000002,5.478700000000004,0.0,4.0
CHEMBL3215574,Cl.Cl.Cl.O=C(CCc1ccc2nc(-c3ccccc3)c3c(c2c1)OCCC3)NCCCCCCCCNc1c2c(nc3cc(Cl)ccc13)CCCC2,14.0,active,784.6999999999997,11.07409999999999,2.0,5.0
CHEMBL3216221,Cl.Cl.Cl.O=C(CCc1ccc2nc(-c3ccccc3)c3c(c2c1)OCCC3)NCCCCCCCNc1c2c(nc3cc(Cl)ccc13)CCCC2,14.4,active,770.6729999999998,10.683999999999994,2.0,5.0
CHEMBL3215573,Cl.Cl.Cl.O=C(CCc1ccc2nc(-c3ccccc3)c3c(c2c1)OCCC3)NCCCCCCNc1c2c(nc3cc(Cl)ccc13)CCCC2,11.1,active,756.6459999999998,10.293899999999997,2.0,5.0
CHEMBL2448076,Cl.Cl.O=C(CCc1ccc2nc(-c3ccccc3)c3c(c2c1)OCCC3)NCCCCCNc1c2c(nc3cc(Cl)ccc13)CCCC2,9.64,active,706.158,9.482000000000001,2.0,5.0
CHEMBL3216018,Cl.Cl.Cl.O=C(CCc1ccc2nc(-c3ccccc3)c3c(c2c1)OCCC3)NCCCCNc1c2c(nc3cc(Cl)ccc13)CCCC2,16.6,active,728.5919999999999,9.513700000000002,2.0,5.0
CHEMBL3215770,Cl.Cl.Cl.Cl.O=C(NCCCCCCCCCCNc1c2c(nc3cc(Cl)ccc13)CCCC2)c1ccc2nc(-c3ccc(Cl)cc3)c3c(c2c1)OCCC3,50.0,active,855.6059999999997,12.610499999999979,2.0,5.0
CHEMBL3215769,Cl.Cl.Cl.Cl.O=C(NCCCCCCCCCNc1c2c(nc3cc(Cl)ccc13)CCCC2)c1ccc2nc(-c3ccc(Cl)cc3)c3c(c2c1)OCCC3,24.9,active,841.5789999999997,12.220399999999982,2.0,5.0
CHEMBL3215768,Cl.Cl.Cl.Cl.O=C(NCCCCCCCCNc1c2c(nc3cc(Cl)ccc13)CCCC2)c1ccc2nc(-c3ccc(Cl)cc3)c3c(c2c1)OCCC3,7.03,active,827.5519999999998,11.830299999999983,2.0,5.0
CHEMBL3215572,Cl.Cl.Cl.Cl.O=C(NCCCCCCCNc1c2c(nc3cc(Cl)ccc13)CCCC2)c1ccc2nc(-c3ccc(Cl)cc3)c3c(c2c1)OCCC3,18.3,active,813.5249999999999,11.440199999999987,2.0,5.0
CHEMBL3216429,Cl.Cl.Cl.Cl.O=C(NCCCCCCNc1c2c(nc3cc(Cl)ccc13)CCCC2)c1ccc2nc(-c3ccc(Cl)cc3)c3c(c2c1)OCCC3,19.2,active,799.4979999999999,11.05009999999999,2.0,5.0
CHEMBL555300,CCN(CCCCCCNC1=CC(=O)C(NCCCCCCN(CC)[C@@H](C)c2ccccc2OC)=CC1=O)[C@H](C)c1ccccc1OC,11000.0,inactive,660.9440000000003,7.389400000000009,2.0,8.0
CHEMBL556581,CCN(CCCCCCNC1=CC(=O)C(NCCCCCCN(CC)[C@@H](C)c2ccccc2OC)=CC1=O)[C@@H](C)c1ccccc1OC,7910.0,intermediate,660.9440000000003,7.389400000000009,2.0,8.0
CHEMBL540178,CCN(CCCCCCNC1=CC(=O)C(NCCCCCCN(CC)[C@H](C)c2ccccc2OC)=CC1=O)[C@H](C)c1ccccc1OC,9340.0,intermediate,660.9440000000003,7.389400000000009,2.0,8.0
CHEMBL574267,COc1cc2nc3c(c(N)c2cc1OC)C1CC(C)=CC(C3)C1,11700.0,inactive,310.39700000000005,3.830200000000003,1.0,4.0
CHEMBL573094,CCC1=CC2Cc3nc4cc(OC)c(OC)cc4c(N)c3C(C1)C2,5100.0,intermediate,324.4240000000001,4.220300000000003,1.0,4.0
CHEMBL584603,CCC1=CC2Cc3nc4ncccc4c(N)c3C(C1)C2,855.0,active,265.36,3.5981000000000014,1.0,3.0
CHEMBL575614,CCC1=CC2Cc3nc4cnccc4c(N)c3C(C1)C2,664.0,active,265.36,3.5981000000000014,1.0,3.0
CHEMBL574746,CC1=CC2Cc3nc4oc(C)c(C)c4c(N)c3C(C1)C2,4780.0,intermediate,268.36,4.022840000000002,1.0,3.0
CHEMBL583776,CCC1=CC2Cc3nc4oc(C)c(C)c4c(N)c3C(C1)C2,6450.0,intermediate,282.38700000000006,4.412940000000003,1.0,3.0
CHEMBL574747,CC1=CC2Cc3nc4oc(C5CC5)nc4c(N)c3C(C1)C2,50000.0,inactive,281.35900000000004,3.6784000000000026,1.0,4.0
CHEMBL584003,CCC1=CC2Cc3nc4oc(C5CC5)nc4c(N)c3C(C1)C2,50000.0,inactive,295.386,4.068500000000003,1.0,4.0
CHEMBL576189,CC1=CC2Cc3nc4oc(C5CCC5)nc4c(N)c3C(C1)C2,27100.0,inactive,295.386,4.068500000000003,1.0,4.0
CHEMBL574261,CCCSc1nc2nc3c(c(N)c2s1)C1CC(C)=CC(C3)C1,7690.0,intermediate,331.5100000000001,4.771600000000004,1.0,5.0
CHEMBL576384,CCCSc1nc2nc3c(c(N)c2s1)C1CC(CC)=CC(C3)C1,7270.0,intermediate,345.53700000000015,5.161700000000004,1.0,5.0
CHEMBL572858,CSc1n[nH]c2nc3c(c(N)c12)C1CC(C)=CC(C3)C1,50000.0,inactive,286.40400000000005,3.258000000000002,2.0,4.0
CHEMBL574948,CC1=CC2Cc3nc4[nH]ncc4c(N)c3C(C1)C2,50000.0,inactive,240.30999999999997,2.5361000000000002,2.0,3.0
CHEMBL576004,CC1=CC2Cc3nc4cc(Cl)ccc4c(NC(=O)CCl)c3C(C1)C2,2510.0,intermediate,361.2720000000002,5.061500000000003,1.0,2.0
CHEMBL575166,CC1=CC2Cc3nc4cc(Cl)ccc4c(O)c3C(C1)C2,14700.0,inactive,285.7740000000001,4.589800000000002,1.0,2.0
CHEMBL572865,CC1=CC2Cc3nc4cc(Cl)ccc4c(Cl)c3C(C1)C2,22400.0,inactive,304.22000000000014,5.537600000000003,0.0,1.0
CHEMBL572866,CCC1=CC2Cc3nc4cc(Cl)ccc4c(Cl)c3C(C1)C2,19200.0,inactive,318.2470000000001,5.927700000000004,0.0,1.0
CHEMBL583920,CC1=CC2Cc3nc4cc(Cl)ccc4c(NCCO)c3C(C1)C2,9.66,active,328.8430000000002,4.288400000000003,2.0,3.0
CHEMBL573095,CCC1=CC2Cc3nc4cc(Cl)ccc4c(NCCO)c3C(C1)C2,6.75,active,342.87000000000023,4.678500000000005,2.0,3.0
CHEMBL576385,CC1=CC2Cc3nc4cc(Cl)ccc4c(NCCCl)c3C(C1)C2,43.3,active,347.28900000000016,5.534900000000004,1.0,2.0
CHEMBL574973,CC1=CC2Cc3nc4cc(Cl)ccc4c(NCCN=[N+]=[N-])c3C(C1)C2,8.69,active,353.8570000000002,5.606400000000003,1.0,3.0
CHEMBL574974,CCC1=CC2Cc3nc4cc(Cl)ccc4c(NCCN=[N+]=[N-])c3C(C1)C2,13.7,active,367.88400000000024,5.996500000000005,1.0,3.0
CHEMBL575613,CC1=CC2Cc3nc4ncccc4c(N)c3C(C1)C2,810.0,active,251.333,3.208000000000001,1.0,3.0
CHEMBL575674,CCC1=CC2Cc3nc4cc(Cl)ccc4c(NCCn4cc(CCCCCCN5CCc6cc(OC)c(OC)cc6C5c5cccc([N+](=O)[O-])c5)nn4)c3C(C1)C2,5.96,active,790.4090000000002,9.653899999999998,1.0,9.0
CHEMBL575802,COc1cc2c(cc1OC)C(c1cccc([N+](=O)[O-])c1)N(CCCCCCc1cn(CCNc3c4c(nc5cc(Cl)ccc35)CC3C=C(C)CC4C3)nn1)CC2,3.95,active,776.3819999999998,9.2638,1.0,9.0
CHEMBL575167,C#CCCCCCCN1CCc2cc(OC)c(OC)cc2C1c1ccc([N+](=O)[O-])cc1,2920.0,intermediate,422.52500000000015,5.1432000000000055,0.0,5.0
CHEMBL575810,C#CCCCCCCN1CCc2cc(OC)c(OC)cc2C1c1cccc([N+](=O)[O-])c1,8080.0,intermediate,422.52500000000015,5.1432000000000055,0.0,5.0
CHEMBL576005,C[C@@H]1CCC[C@H](C)N1S(C)(=O)=O,75.0,active,191.296,1.2089,0.0,2.0
CHEMBL575619,C[C@@H]1CCC[C@H](C)N1S(=O)(=O)c1ccccc1,392.0,active,253.36700000000002,2.638200000000001,0.0,2.0
CHEMBL575620,Cc1ccc(S(=O)(=O)N2[C@H](C)CCC[C@@H]2C)cc1,368.0,active,267.39399999999995,2.946620000000001,0.0,2.0
CHEMBL575621,C[C@@H]1CCC[C@H](C)N1S(=O)(=O)c1ccc(C(C)(C)C)cc1,458.0,active,309.475,3.9357000000000033,0.0,2.0
CHEMBL573102,C[C@@H]1CCC[C@H](C)N1S(=O)(=O)c1ccc(Cl)cc1,318.0,active,287.812,3.2916000000000025,0.0,2.0
CHEMBL582883,C[C@@H]1CCC[C@H](C)N1S(=O)(=O)c1cc(Cl)ccc1Cl,90.0,active,322.25700000000006,3.945000000000004,0.0,2.0
CHEMBL575813,C[C@@H]1CCC[C@H](C)N1S(=O)(=O)c1ccccc1[N+](=O)[O-],185.0,active,298.36400000000003,2.546400000000001,0.0,4.0
CHEMBL574474,C[C@@H]1CCC[C@H](C)N1S(=O)(=O)c1cccc([N+](=O)[O-])c1,192.0,active,298.36400000000003,2.546400000000001,0.0,4.0
CHEMBL574487,C[C@@H]1CCC[C@H](C)N1S(=O)(=O)c1ccc([N+](=O)[O-])cc1,1150.0,intermediate,298.36400000000003,2.546400000000001,0.0,4.0
CHEMBL572480,CCN(CCCCCCNC1=CC(=O)C(NCCCCCCNC(=O)CCCCC2CCSS2)=CC1=O)Cc1ccccc1OC,100.0,active,673.0020000000004,6.567000000000007,3.0,9.0
CHEMBL572532,CCN(CCCCCCNC1=CC(=O)C(NCCCNC(=O)CCCCC2CCSS2)=CC1=O)Cc1ccccc1OC,150.0,active,630.9210000000003,5.3967000000000045,3.0,9.0
CHEMBL572453,CCN(CCCNC1=CC(=O)C(NCCCCCCNC(=O)CCCCC2CCSS2)=CC1=O)Cc1ccccc1OC,160.0,active,630.9210000000003,5.396700000000004,3.0,9.0
CHEMBL574847,CCN(CCCNC1=CC(=O)C(NCCCNC(=O)CCCCC2CCSS2)=CC1=O)Cc1ccccc1OC,190.0,active,588.8400000000004,4.2264000000000035,3.0,9.0
CHEMBL569978,COc1ccc2c3c1O[C@H]1C[C@@H](O)C=C[C@@]31CCN(CCCN1CCCCC1)C2,350.0,active,398.54700000000037,3.0965000000000016,1.0,5.0
CHEMBL1794936,COc1ccc2c3c1O[C@H]1C[C@@H](O)C=C[C@@]31CCN(CCCCCCCCN1C(=O)c3ccccc3S1(=O)=O)C2.O=C(O)/C=C/C(=O)O,50.0,active,682.7920000000005,4.117600000000003,3.0,9.0
CHEMBL558598,Cc1c(C(=O)NN2CCCCC2)nn(-c2ccc(Cl)cc2Cl)c1-c1ccc(Cl)cc1.Cl,25118.86,inactive,500.2570000000001,6.360420000000005,1.0,3.0
CHEMBL567532,CCc1c(C(=O)NCCCCCCCNc2c3c(nc4ccccc24)CCCC3)nc(-c2ccccc2Cl)n1-c1ccc(Cl)cc1,1258.93,intermediate,654.6860000000001,9.627899999999997,2.0,4.0
CHEMBL570158,O=S(=O)(/N=C(\NCCCCCCCNc1c2c(nc3ccccc13)CCCC2)N1CC(c2ccccc2)C(c2ccc(Cl)cc2)=N1)c1ccc(Cl)cc1,1000.0,active,767.8270000000001,9.620999999999999,2.0,5.0
CHEMBL570159,CCc1c(C(=O)NCCCCNc2c3c(nc4ccccc24)CCCC3)nc(-c2ccccc2Cl)n1-c1ccc(Cl)cc1,316.23,active,612.6050000000002,8.457600000000005,2.0,4.0
CHEMBL571730,O=S(=O)(/N=C(\NCCCCNc1c2c(nc3ccccc13)CCCC2)N1CC(c2ccccc2)C(c2ccc(Cl)cc2)=N1)c1ccc(Cl)cc1,2511.89,intermediate,725.7460000000002,8.450700000000005,2.0,5.0
CHEMBL583855,CCc1c(C(=O)NN2CCCCC2)nc(-c2ccccc2Cl)n1-c1ccc(Cl)cc1,31622.78,inactive,443.37800000000004,5.5392000000000055,1.0,3.0
CHEMBL604478,C/C=C1\[C@H]2C=C(C)C[C@]1(/N=C/c1ccc(O)c(OC)c1)c1ccc(=O)[nH]c1C2,16.0,active,376.45600000000013,3.8721000000000023,2.0,4.0
CHEMBL595115,C/C=C1\[C@H]2C=C(C)C[C@]1(/N=C/c1ccc(N(C)C)cc1)c1ccc(=O)[nH]c1C2,31.0,active,373.5000000000001,4.223900000000003,1.0,3.0
CHEMBL594870,C/C=C1\[C@H]2C=C(C)C[C@]1(/N=C/c1ccc(OC)cc1)c1ccc(=O)[nH]c1C2,31.0,active,360.4570000000001,4.166500000000003,1.0,3.0
CHEMBL605303,C/C=C1\[C@H]2C=C(C)C[C@]1(/N=C/c1ccc(O)c(OCC)c1)c1ccc(=O)[nH]c1C2,25.0,active,390.4830000000001,4.2622000000000035,2.0,4.0
CHEMBL606348,C/C=C1\[C@H]2C=C(C)C[C@]1(/N=C/c1cc(OC)cc(OC)c1)c1ccc(=O)[nH]c1C2,29.0,active,390.4830000000001,4.175100000000003,1.0,4.0
CHEMBL593933,C/C=C1\[C@H]2C=C(C)C[C@]1(/N=C/c1ccc(OC)cc1OC)c1ccc(=O)[nH]c1C2,84.0,active,390.4830000000002,4.175100000000003,1.0,4.0
CHEMBL596236,C/C=C1\[C@H]2C=C(C)C[C@]1(/N=C/c1ccc(C#N)cc1)c1ccc(=O)[nH]c1C2,22.0,active,355.44100000000014,4.029580000000003,1.0,3.0
CHEMBL595114,C/C=C1\[C@H]2C=C(C)C[C@]1(/N=C/C=C/c1ccccc1)c1ccc(=O)[nH]c1C2,24.0,active,356.46900000000016,4.823000000000005,1.0,2.0
CHEMBL594186,C/C=C1\[C@H]2C=C(C)C[C@]1(/N=C/C(=C/c1ccccc1)CCCCC)c1ccc(=O)[nH]c1C2,51.0,active,426.6040000000003,6.7735000000000065,1.0,2.0
CHEMBL594187,C/C=C1\[C@H]2C=C(C)C[C@]1(/N=C/C(C)=C/c1ccccc1)c1ccc(=O)[nH]c1C2,25.0,active,370.49600000000015,5.213100000000006,1.0,2.0
CHEMBL606372,C/C=C1\[C@H]2C=C(C)C[C@]1(/N=C/C=C/c1ccc(N(C)C)cc1)c1ccc(=O)[nH]c1C2,40.0,active,399.5380000000002,4.889000000000004,1.0,3.0
CHEMBL596457,C/C=C1\[C@H]2C=C(C)C[C@]1(/N=C/c1ccccc1OS(=O)(=O)[O-])c1ccc(=O)[nH]c1C2.[Na+],41.0,active,448.4760000000002,0.0009000000000008446,1.0,6.0
CHEMBL606538,C=CCOc1ccc(/C=N/[C@@]23CC(C)=C[C@@H](Cc4[nH]c(=O)ccc42)/C3=C\C)cc1,31.0,active,386.49500000000006,4.722700000000004,1.0,3.0
CHEMBL590031,CO[P@@]1(=O)CC[C@H]2COC(=O)C2=C(C)O1,3000.0,intermediate,232.17199999999994,1.6931999999999998,0.0,5.0
CHEMBL592433,CO[P@]1(=O)CC[C@H]2COC(=O)C2=C(C)O1,30000.0,inactive,232.17199999999994,1.6931999999999998,0.0,5.0
CHEMBL606034,COC(=O)C1=C(C)O[P@@](=O)(OC)CC[C@H]1COCc1ccccc1,35000.0,inactive,354.33900000000006,3.526200000000002,0.0,6.0
CHEMBL604255,COC(=O)C1=C(C)O[P@](=O)(OC)CC[C@H]1COCc1ccccc1,6000.0,intermediate,354.33900000000006,3.526200000000002,0.0,6.0
CHEMBL592624,COC(=O)C1=C(C)OP(=O)(OC)CCC1,7000.0,intermediate,234.18799999999993,2.0833,0.0,5.0
CHEMBL592856,COP1(=O)CCCC(CO)=C(C)O1,600000.0,inactive,206.17799999999997,1.9025999999999998,1.0,4.0
CHEMBL592857,COC(=O)C1=C(C)OP(=O)(OC)CC1,5000.0,intermediate,220.16099999999994,1.6931999999999998,0.0,5.0
CHEMBL591469,COP(=O)(OC)O/C(C)=C1/CCOC1=O,1000000.0,inactive,236.15999999999994,1.6247999999999998,0.0,6.0
CHEMBL591470,COP(=O)(OC)O/C(C)=C1\CCOC1=O,70000.0,inactive,236.15999999999994,1.6247999999999998,0.0,6.0
CHEMBL1025,CC(C)OP(=O)(F)OC(C)C,120.0,active,184.147,2.9140000000000015,0.0,3.0
CHEMBL603622,CO[P@]1(=O)OC[C@H]2COC(=O)C2=C(C)O1,0.8,active,234.14399999999995,1.2347,0.0,6.0
CHEMBL599644,CN(Cc1ccccc1)Cc1ccc(/C=C2\CCc3cc(OCCCCCN4CCCCC4)ccc3C2=O)cc1,52.0,active,536.7600000000006,7.566100000000009,0.0,4.0
CHEMBL597188,CCN(CC)CCCCCOc1ccc2c(c1)CC/C(=C\c1ccc(CN(C)Cc3ccccc3)cc1)C2=O,56.0,active,524.7490000000003,7.4220000000000095,0.0,4.0
CHEMBL604096,COc1cc2c(cc1OC)C(=O)/C(=C/c1ccc(CN(C)Cc3ccccc3)cc1)CC2,180.0,active,427.54400000000015,5.548300000000006,0.0,4.0
CHEMBL597795,COc1ccc2c(c1)C(=O)/C(=C/c1ccc(CN(C)Cc3ccccc3)cc1)CC2,5380.0,intermediate,397.51800000000014,5.539700000000004,0.0,3.0
CHEMBL597794,COc1ccc2c(c1)CC/C(=C\c1ccc(CN(C)Cc3ccccc3)cc1)C2=O,110.0,active,397.5180000000001,5.539700000000005,0.0,3.0
CHEMBL598824,CCN(CC)CCCCCCCOc1ccc2c(c1)C(=O)/C(=C/c1ccc(CN(C)Cc3ccccc3)cc1)C2,510.0,active,538.7760000000002,7.81210000000001,0.0,4.0
CHEMBL599058,CCN(CC)CCCCCCOc1ccc2c(c1)C(=O)/C(=C/c1ccc(CN(C)Cc3ccccc3)cc1)C2,380.0,active,524.7490000000003,7.422000000000009,0.0,4.0
CHEMBL603256,CN(Cc1ccccc1)Cc1ccc(/C=C2\Cc3ccc(OCCCCCN4CCCCC4)cc3C2=O)cc1,200.0,active,522.7330000000005,7.176000000000008,0.0,4.0
CHEMBL599057,CCN(CC)CCCCCOc1ccc2c(c1)C(=O)/C(=C/c1ccc(CN(C)Cc3ccccc3)cc1)C2,190.0,active,510.7220000000003,7.031900000000008,0.0,4.0
CHEMBL597822,CN(Cc1ccccc1)Cc1ccc(/C=C2\Cc3ccc(OCCCCN4CCCCC4)cc3C2=O)cc1,180.0,active,508.7060000000005,6.785900000000008,0.0,4.0
CHEMBL597821,CN(Cc1ccccc1)Cc1ccc(/C=C2\Cc3ccc(OCCCCN4CCOCC4)cc3C2=O)cc1,890.0,active,510.67800000000045,5.632200000000006,0.0,5.0
CHEMBL598645,CCN(CC)CCCCOc1ccc2c(c1)C(=O)/C(=C/c1ccc(CN(C)Cc3ccccc3)cc1)C2,890.0,active,496.6950000000003,6.641800000000007,0.0,4.0
CHEMBL599254,CCN(CC)CCCOc1ccc2c(c1)C(=O)/C(=C/c1ccc(CN(C)Cc3ccccc3)cc1)C2,1320.0,intermediate,482.6680000000003,6.251700000000007,0.0,4.0
CHEMBL599253,CCN(CC)CCOc1ccc2c(c1)C(=O)/C(=C/c1ccc(CN(C)Cc3ccccc3)cc1)C2,1530.0,intermediate,468.64100000000025,5.861600000000006,0.0,4.0
CHEMBL599252,CCN(CC)CCCCOc1ccc2c(c1)C/C(=C\c1ccc(CN(C)Cc3ccccc3)cc1)C2=O,3950.0,intermediate,496.6950000000003,6.641800000000007,0.0,4.0
CHEMBL597001,CCN(CC)CCCOc1ccc2c(c1)C/C(=C\c1ccc(CN(C)Cc3ccccc3)cc1)C2=O,1610.0,intermediate,482.6680000000003,6.251700000000007,0.0,4.0
CHEMBL604715,CCN(CC)CCOc1ccc2c(c1)C/C(=C\c1ccc(CN(C)Cc3ccccc3)cc1)C2=O,2900.0,intermediate,468.64100000000025,5.861600000000006,0.0,4.0
CHEMBL597406,CN(Cc1ccccc1)Cc1ccc(/C=C2\Cc3ccccc3C2=O)cc1,11700.0,inactive,353.46500000000003,5.141000000000005,0.0,2.0
CHEMBL597405,CCN(Cc1ccccc1)Cc1ccc(/C=C2\Cc3ccc(OC)cc3C2=O)cc1,4930.0,intermediate,397.5180000000001,5.539700000000006,0.0,3.0
CHEMBL610779,COc1ccc2c(c1)C(=O)/C(=C/c1ccc(CN(C)Cc3ccccc3)cc1)C2,630.0,active,383.4910000000001,5.149600000000004,0.0,3.0
CHEMBL610219,COc1ccc2c(c1)C/C(=C\c1ccc(CN(C)Cc3ccccc3)cc1)C2=O,28700.0,inactive,383.49100000000004,5.149600000000005,0.0,3.0
CHEMBL598632,COc1cc2c(cc1OC)C(=O)/C(=C/c1ccc(CN(C)Cc3ccccc3)cc1)C2,1140.0,intermediate,413.5170000000001,5.158200000000005,0.0,4.0
CHEMBL812,CN(C)C(=O)Oc1ccc[n+](C)c1.[Br-],40000.0,inactive,261.11899999999997,-2.4244999999999974,0.0,2.0
CHEMBL1088018,[Br-].[Br-].c1cc[n+](CCCC[n+]2ccccc2)cc1,505000.0,inactive,374.12000000000006,-4.249999999999994,0.0,0.0
CHEMBL1088019,[Br-].[Br-].c1cc[n+](CCCCC[n+]2ccccc2)cc1,1270000.0,inactive,388.1470000000001,-3.8598999999999934,0.0,0.0
CHEMBL389283,[Br-].[Br-].c1cc[n+](CCCCCC[n+]2ccccc2)cc1,63000.0,inactive,402.17400000000015,-3.469799999999993,0.0,0.0
CHEMBL1088155,[Br-].[Br-].c1cc[n+](CCCCCCC[n+]2ccccc2)cc1,241000.0,inactive,416.2010000000002,-3.0796999999999928,0.0,0.0
CHEMBL225688,[Br-].[Br-].c1cc[n+](CCCCCCCC[n+]2ccccc2)cc1,31000.0,inactive,430.22800000000024,-2.6895999999999924,0.0,0.0
CHEMBL105742,[Br-].[Br-].c1cc[n+](CCCCCCCCC[n+]2ccccc2)cc1,2000.0,intermediate,444.2550000000003,-2.299499999999992,0.0,0.0
CHEMBL225689,[Br-].[Br-].c1cc[n+](CCCCCCCCCC[n+]2ccccc2)cc1,400.0,active,458.2820000000003,-1.909399999999992,0.0,0.0
CHEMBL430886,[Br-].[Br-].c1cc[n+](CCCCCCCCCCC[n+]2ccccc2)cc1,700.0,active,472.30900000000037,-1.5192999999999923,0.0,0.0
CHEMBL1081448,[Cl-].[Cl-].c1cc[n+](COC[n+]2ccccc2)cc1,1770000.0,inactive,273.163,-5.098599999999994,0.0,1.0
CHEMBL1081449,[Br-].[Br-].c1cc[n+](CCOCC[n+]2ccccc2)cc1,2010000.0,inactive,390.11900000000014,-5.013599999999996,0.0,1.0
CHEMBL1081613,C(=C/C[n+]1ccccc1)\C[n+]1ccccc1.[Br-].[Br-],2290000.0,inactive,372.1039999999999,-4.473999999999997,0.0,0.0
CHEMBL1076550,C(=C\C[n+]1ccccc1)\C[n+]1ccccc1.[Cl-].[Cl-],1990000.0,inactive,283.202,-4.473999999999997,0.0,0.0
CHEMBL1081124,[Br-].[Br-].c1cc[n+](Cc2ccccc2C[n+]2ccccc2)cc1,636000.0,inactive,422.1640000000001,-3.633799999999993,0.0,0.0
CHEMBL1081125,[Br-].[Br-].c1cc[n+](Cc2cccc(C[n+]3ccccc3)c2)cc1,2360000.0,inactive,422.1640000000001,-3.633799999999993,0.0,0.0
CHEMBL1081126,[Br-].[Br-].c1cc[n+](Cc2ccc(C[n+]3ccccc3)cc2)cc1,1540000.0,inactive,422.1640000000001,-3.633799999999993,0.0,0.0
CHEMBL1081810,[Br-].[Br-].c1cc[n+](Cc2ccc3ccc(C[n+]4ccccc4)cc3c2)cc1,200.0,active,472.22400000000016,-2.480599999999993,0.0,0.0
CHEMBL1082081,CCCCCCOC(=O)[C@H](CCC(=O)NCCC1CCN(Cc2ccccc2)CC1)NC(=O)OC(C)(C)C,950.0,active,531.7380000000003,5.201900000000005,2.0,6.0
CHEMBL1082082,CCCCCCOC(=O)[C@H](CCC(=O)NCCC1CCN(Cc2ccccc2)CC1)NC(=O)OCc1ccccc1,250.0,active,565.7550000000005,5.6036000000000055,2.0,6.0
CHEMBL1076243,CCCCCCOC(=O)[C@H](CCC(=O)NCCC1CCN(Cc2ccccc2)CC1)NC(=O)Cc1cc2ccc(Cl)cc2s1,100.0,active,640.2900000000003,6.904200000000007,2.0,6.0
CHEMBL1080631,CCCCCCOC(=O)[C@H](CCC(=O)NCCC1CCN(Cc2ccccc2)CC1)NC(=O)c1ccccc1,530.0,active,535.7290000000004,5.107200000000004,2.0,5.0
CHEMBL1080813,CCCCCCOC(=O)[C@H](CCC(=O)NCCC1CCN(Cc2ccccc2)CC1)NC(=O)c1cccs1,500.0,active,541.7580000000003,5.168700000000005,2.0,6.0
CHEMBL1080814,CCCCCCOC(=O)[C@H](CCC(=O)NCCC1CCN(Cc2ccccc2)CC1)NC(=O)c1cc(Br)cs1,180.0,active,620.6540000000003,5.931200000000006,2.0,6.0
CHEMBL1076259,CCCCCCOC(=O)[C@H](CCC(=O)NCCC1CCN(Cc2ccccc2)CC1)NC(=O)c1cc2ccccc2s1,270.0,active,591.8180000000003,6.3219000000000065,2.0,6.0
CHEMBL1076260,CCCCCCOC(=O)[C@H](CCC(=O)NCCC1CCN(Cc2ccccc2)CC1)NC(=O)c1cc2cccnc2s1,440.0,active,592.8060000000003,5.716900000000005,2.0,7.0
CHEMBL1080274,CCCCCCOC(=O)[C@H](CCC(=O)NCCC1CCN(Cc2ccccc2)CC1)NC(=O)c1cc2ccsc2s1,300.0,active,597.8470000000003,6.383400000000007,2.0,7.0
CHEMBL1087194,CCOC(=O)c1cc2c(N)c3c(nc2nc1C)CCCC3,780.0,active,285.34700000000004,2.575920000000001,1.0,5.0
CHEMBL1083973,CCOC(=O)c1cc2c(N)c3c(nc2nc1C)CCCCC3,2000.0,intermediate,299.3740000000001,2.966020000000001,1.0,5.0
CHEMBL1084250,COC(=O)c1cc2c(N)c3c(nc2nc1C)CCCCC3,2000.0,intermediate,285.34700000000004,2.575920000000001,1.0,5.0
CHEMBL1084519,CCOC(=O)c1cc2c(N)c3c(nc2nc1C)CCCCCC3,1800.0,intermediate,313.4010000000001,3.3561200000000024,1.0,5.0
CHEMBL1084518,CCOC(=O)c1cc2c(N)c3c(nc2nc1C)CCC3,2100.0,intermediate,271.32,2.1858199999999997,1.0,5.0
CHEMBL1084517,COC(=O)c1cc2c(N)c3c(nc2nc1C)CCCCCC3,1800.0,intermediate,299.3740000000001,2.966020000000001,1.0,5.0
CHEMBL1083972,COC(=O)c1cc2c(N)c3c(nc2nc1C)CCC3,1900.0,intermediate,257.29299999999995,1.79572,1.0,5.0
CHEMBL1086184,COC(=O)c1cc2c(N)c3c(nc2nc1C)CCCC3,1000.0,active,271.32,2.1858199999999997,1.0,5.0
CHEMBL1084784,CN(C)C(=O)Oc1ccc(-c2cn3ccccc3[n+]2C)cc1.Cc1ccc(S(=O)(=O)[O-])cc1,17100.0,inactive,467.5470000000002,3.3903200000000018,0.0,5.0
CHEMBL1085759,Cc1cccc2n1cc(-c1ccc(OC(=O)N(C)C)cc1)[n+]2C.[Cl-],1300.0,intermediate,345.83000000000004,-0.19638000000000022,0.0,2.0
CHEMBL1085758,CN(C)C(=O)Oc1ccc(-c2cn3c(Cl)cccc3[n+]2C)cc1.[Cl-],12600.0,inactive,366.24800000000005,0.1485999999999994,0.0,2.0
CHEMBL1084785,CN(C)C(=O)Oc1ccc(-c2cn3c(C(F)(F)F)cccc3[n+]2C)cc1.[Cl-],10000.0,inactive,399.80000000000007,0.5139999999999998,0.0,2.0
CHEMBL1085026,COc1cccc2n1cc(-c1ccc(OC(=O)N(C)C)cc1)[n+]2C.[Cl-],8100.0,intermediate,361.82900000000006,-0.4961999999999993,0.0,3.0
CHEMBL1085027,CN(C)C(=O)Oc1ccc(-c2cn3c(NC=O)cccc3[n+]2C)cc1.[Cl-],1200.0,intermediate,374.8280000000001,-0.9364999999999981,1.0,3.0
CHEMBL1084167,CC(=O)Nc1cccc2n1cc(-c1ccc(OC(=O)N(C)C)cc1)[n+]2C.[Cl-],700.0,active,388.855,-0.5463999999999984,1.0,3.0
CHEMBL1082427,CC(=O)N(C)c1cccc2n1cc(-c1ccc(OC(=O)N(C)C)cc1)[n+]2C.[Cl-],24500.0,inactive,402.88200000000006,-0.5220999999999976,0.0,3.0
CHEMBL1085028,CN(C)C(=O)Oc1ccc(-c2cn3c(NC(=O)c4ccccc4)cccc3[n+]2C)cc1.[Cl-],200.0,active,450.92600000000004,0.7474999999999994,1.0,3.0
CHEMBL1085029,CNC(=O)Nc1cccc2n1cc(-c1ccc(OC(=O)N(C)C)cc1)[n+]2C.[Cl-],1350.0,intermediate,403.8700000000001,-0.7534999999999987,2.0,3.0
CHEMBL1085284,COC(=O)Nc1cccc2n1cc(-c1ccc(OC(=O)N(C)C)cc1)[n+]2C.[Cl-],1100.0,intermediate,404.85400000000004,-0.3264999999999998,1.0,4.0
CHEMBL1085022,CN(C)C(=O)Nc1cccc2n1cc(-c1ccc(OC(=O)N(C)C)cc1)[n+]2C.[Cl-],1600.0,intermediate,417.89700000000016,-0.4112999999999982,1.0,3.0
CHEMBL1084442,CNC(=O)Oc1ccc(-c2cn3ccccc3[n+]2C)cc1.[I-],19500.0,inactive,409.227,-0.8469999999999991,1.0,2.0
CHEMBL1082428,CNC(=O)Oc1ccc(-c2cn3c(C)cccc3[n+]2C)cc1.[I-],4000.0,intermediate,423.254,-0.5385799999999987,1.0,2.0
CHEMBL1082746,CNC(=O)Oc1ccc(-c2cn3c(NC(C)=O)cccc3[n+]2C)cc1.[I-],1100.0,intermediate,466.27900000000005,-0.888599999999999,2.0,3.0
CHEMBL1082747,CN(C)C(=O)Oc1cccc(-c2cn3ccccc3[n+]2C)c1.[Cl-],7100.0,intermediate,331.803,-0.5047999999999997,0.0,2.0
CHEMBL1082748,Cc1cccc2n1cc(-c1cccc(OC(=O)N(C)C)c1)[n+]2C.[Cl-],24000.0,inactive,345.83000000000004,-0.19637999999999933,0.0,2.0
CHEMBL1085279,CN(C)C(=O)Oc1cccc(-c2cn3c(Cl)cccc3[n+]2C)c1.[Cl-],12600.0,inactive,366.24800000000005,0.14859999999999962,0.0,2.0
CHEMBL1082749,CN(C)C(=O)Oc1cccc(-c2cn3c(C(F)(F)F)cccc3[n+]2C)c1.[Cl-],33600.0,inactive,399.80000000000007,0.514,0.0,2.0
CHEMBL1082750,COc1cccc2n1cc(-c1cccc(OC(=O)N(C)C)c1)[n+]2C.[Cl-],20500.0,inactive,361.82900000000006,-0.4961999999999993,0.0,3.0
CHEMBL1083063,CC(=O)Nc1cccc2n1cc(-c1cccc(OC(=O)N(C)C)c1)[n+]2C.[Cl-],2500.0,intermediate,388.855,-0.5463999999999993,1.0,3.0
CHEMBL1083064,CNC(=O)Oc1cccc(-c2cn3ccccc3[n+]2C)c1.[I-],350.0,active,409.22700000000003,-0.8469999999999991,1.0,2.0
CHEMBL1083373,CNC(=O)Oc1cccc(-c2cn3c(NC(C)=O)cccc3[n+]2C)c1.[I-],4500.0,intermediate,466.27900000000005,-0.888599999999999,2.0,3.0
CHEMBL1084709,Cc1cn2cc(C(N)=O)ccc2[n+]1C.[I-],27000.0,inactive,317.13,-2.8248799999999985,1.0,1.0
CHEMBL1085280,C[n+]1c(-c2ccccc2)cn2cc(C(N)=O)ccc21.[I-],9500.0,intermediate,379.20099999999996,-1.4662999999999982,1.0,1.0
CHEMBL1085281,COC(=O)Nc1ccc2n(c1)cc(-c1ccccc1)[n+]2C.[Cl-],50000.0,inactive,317.77600000000007,-0.3869000000000007,1.0,2.0
CHEMBL75110,O=C(CCC1CCN(Cc2ccccc2)CC1)c1ccc2c(c1)CCN2,20.0,active,348.4900000000001,4.529700000000004,1.0,3.0
CHEMBL311017,CN1CCc2cc(C(=O)CCC3CCN(Cc4ccccc4)CC3)ccc21,10.0,active,362.51700000000005,4.554000000000005,0.0,3.0
CHEMBL308793,CCN1CCc2cc(C(=O)CCC3CCN(Cc4ccccc4)CC3)ccc21,11.0,active,376.54400000000004,4.944100000000005,0.0,3.0
CHEMBL74560,CCCN1CCc2cc(C(=O)CCC3CCN(Cc4ccccc4)CC3)ccc21,22.0,active,390.5710000000001,5.334200000000006,0.0,3.0
CHEMBL74922,CCCCN1CCc2cc(C(=O)CCC3CCN(Cc4ccccc4)CC3)ccc21,29.0,active,404.5980000000001,5.724300000000007,0.0,3.0
CHEMBL73339,CCCCCN1CCc2cc(C(=O)CCC3CCN(Cc4ccccc4)CC3)ccc21,47.0,active,418.62500000000017,6.114400000000007,0.0,3.0
CHEMBL1085858,O=C(CCC1CCN(Cc2ccccc2)CC1)c1ccc2c(c1)CCN2c1ccccc1,68.0,active,424.5880000000002,6.255900000000007,0.0,3.0
CHEMBL306776,COc1ccccc1CN1CCC(CCC(=O)c2ccc3c(c2)CCN3)CC1,812.0,active,378.51600000000013,4.538300000000004,1.0,4.0
CHEMBL73447,COc1cccc(CN2CCC(CCC(=O)c3ccc4c(c3)CCN4)CC2)c1,2680.0,intermediate,378.51600000000013,4.538300000000004,1.0,4.0
CHEMBL76108,COc1ccc(CN2CCC(CCC(=O)c3ccc4c(c3)CCN4)CC2)cc1,13300.0,inactive,378.5160000000002,4.538300000000003,1.0,4.0
CHEMBL73974,O=C(CCC1CCN(Cc2ccccc2F)CC1)c1ccc2c(c1)CCN2,43.0,active,366.48000000000013,4.668800000000004,1.0,3.0
CHEMBL308807,O=C(CCC1CCN(Cc2cccc(F)c2)CC1)c1ccc2c(c1)CCN2,16.0,active,366.48000000000013,4.668800000000004,1.0,3.0
CHEMBL74832,O=C(CCC1CCN(Cc2ccc(F)cc2)CC1)c1ccc2c(c1)CCN2,89.0,active,366.48000000000013,4.668800000000004,1.0,3.0
CHEMBL306175,O=C(CCC1CCN(Cc2ccccc2Cl)CC1)c1ccc2c(c1)CCN2,76.0,active,382.93500000000023,5.183100000000005,1.0,3.0
CHEMBL74809,O=C(CCC1CCN(Cc2cccc(Cl)c2)CC1)c1ccc2c(c1)CCN2,59.0,active,382.93500000000023,5.183100000000005,1.0,3.0
CHEMBL75649,O=C(CCC1CCN(Cc2ccc(Cl)cc2)CC1)c1ccc2c(c1)CCN2,6360.0,intermediate,382.93500000000023,5.183100000000005,1.0,3.0
CHEMBL306179,Cc1cccc(CN2CCC(CCC(=O)c3ccc4c(c3)CCN4)CC2)c1,50.0,active,362.51700000000017,4.838120000000004,1.0,3.0
CHEMBL310918,O=C(CCC1CCN(Cc2cccc([N+](=O)[O-])c2)CC1)c1ccc2c(c1)CCN2,64.0,active,393.48700000000025,4.4379000000000035,1.0,5.0
CHEMBL74359,O=C(CCC1CCN(Cc2ccccc2)CC1)c1ccc2c(c1)NCC2,113.0,active,348.4900000000001,4.529700000000004,1.0,3.0
CHEMBL307693,O=C(CCC1CCN(Cc2ccccc2)CC1)c1ccc2c(c1)N(Cc1ccccc1)CC2,853.0,active,438.61500000000024,6.124400000000007,0.0,3.0
CHEMBL1083661,O=C(CCC1CCN(Cc2ccccc2)CC1)c1ccc2c(c1)CCCN2,54.0,active,362.51700000000017,4.919800000000004,1.0,3.0
CHEMBL1083660,CN1CCCc2cc(C(=O)CCC3CCN(Cc4ccccc4)CC3)ccc21,24.0,active,376.54400000000004,4.944100000000005,0.0,3.0
CHEMBL73593,O=C(CCC1CCN(Cc2ccccc2)CC1)c1ccc2c(c1)NCCC2,164.0,active,362.51700000000017,4.919800000000004,1.0,3.0
CHEMBL1083662,O=C(CCC1CCN(Cc2ccccc2)CC1)c1ccc2c(c1)CCCN2c1ccccc1,54.0,active,438.61500000000024,6.646000000000007,0.0,3.0
CHEMBL76470,CN1CCCc2ccc(C(=O)CCC3CCN(Cc4ccccc4)CC3)cc21,36.0,active,376.5440000000001,4.944100000000005,0.0,3.0
CHEMBL1084254,O=C(CCC1CCN(Cc2ccccc2)CC1)c1ccc2c(c1)N(c1ccccc1)CCC2,1490.0,intermediate,438.61500000000024,6.646000000000007,0.0,3.0
CHEMBL75157,O=C(CCC1CCN(Cc2ccccc2)CC1)c1ccc2c(c1)CCCCN2,125.0,active,376.5440000000002,5.309900000000005,1.0,3.0
CHEMBL74747,CN1CCCCc2ccc(C(=O)CCC3CCN(Cc4ccccc4)CC3)cc21,81.0,active,390.57100000000014,5.334200000000006,0.0,3.0
CHEMBL310467,CCN1CCCCc2ccc(C(=O)CCC3CCN(Cc4ccccc4)CC3)cc21,376.0,active,404.5980000000001,5.724300000000007,0.0,3.0
CHEMBL307513,CCCN1CCCCc2ccc(C(=O)CCC3CCN(Cc4ccccc4)CC3)cc21,1330.0,intermediate,418.6250000000002,6.114400000000007,0.0,3.0
CHEMBL74962,O=C(CCC1CCN(Cc2ccccc2)CC1)c1ccc2c(c1)N(Cc1ccccc1)CCCC2,3140.0,intermediate,466.6690000000003,6.904600000000007,0.0,3.0
CHEMBL309173,COc1ccccc1CN1CCC(CCC(=O)c2ccc3c(c2)NCCCC3)CC1,2652.0,intermediate,406.5700000000002,5.318500000000005,1.0,4.0
CHEMBL72967,COc1cccc(CN2CCC(CCC(=O)c3ccc4c(c3)NCCCC4)CC2)c1,847.0,active,406.5700000000002,5.318500000000006,1.0,4.0
CHEMBL74533,COc1ccc(CN2CCC(CCC(=O)c3ccc4c(c3)NCCCC4)CC2)cc1,55200.0,inactive,406.5700000000003,5.318500000000005,1.0,4.0
CHEMBL75127,O=C(CCC1CCN(Cc2ccccc2F)CC1)c1ccc2c(c1)NCCCC2,331.0,active,394.5340000000002,5.449000000000005,1.0,3.0
CHEMBL308093,O=C(CCC1CCN(Cc2cccc(F)c2)CC1)c1ccc2c(c1)NCCCC2,145.0,active,394.5340000000002,5.449000000000005,1.0,3.0
CHEMBL76384,O=C(CCC1CCN(Cc2ccc(F)cc2)CC1)c1ccc2c(c1)NCCCC2,393.0,active,394.5340000000002,5.449000000000005,1.0,3.0
CHEMBL420378,O=C(CCC1CCN(Cc2cccc(Cl)c2)CC1)c1ccc2c(c1)NCCCC2,333.0,active,410.9890000000003,5.963300000000006,1.0,3.0
CHEMBL74340,Cc1cccc(CN2CCC(CCC(=O)c3ccc4c(c3)NCCCC4)CC2)c1,224.0,active,390.57100000000025,5.618320000000005,1.0,3.0
CHEMBL307832,O=C(CCC1CCN(Cc2cccc([N+](=O)[O-])c2)CC1)c1ccc2c(c1)NCCCC2,390.0,active,421.54100000000034,5.218100000000004,1.0,5.0
CHEMBL74698,O=C(CCC1CCN(Cc2ccccc2)CC1)c1ccc2c(c1)NCCCCC2,127.0,active,390.57100000000025,5.7000000000000055,1.0,3.0
CHEMBL1084703,c1ccc(CN2CCC(CNc3nsc4ccccc34)CC2)cc1,99.0,active,337.49200000000013,4.620400000000004,1.0,4.0
CHEMBL1085285,c1ccc(CN2CCC(CNc3n[nH]c4ccccc34)CC2)cc1,120.0,active,320.44000000000017,3.8870000000000022,2.0,3.0
CHEMBL1083065,COc1ccc2c(c1OC)C(=O)CC2CCC1CCN(Cc2ccccc2)CC1,8.0,active,393.52700000000016,5.066200000000006,0.0,4.0
CHEMBL1083066,CCCCCCCNC(=O)Oc1ccc2c(c1)[C@]1(C)CCN(C)[C@@H]1C2,114.0,active,344.4990000000002,4.263300000000003,1.0,3.0
CHEMBL1083067,CCCCCCNC(=O)Oc1ccc2c(c1)[C@]1(C)CCN(C)[C@@H]1C2,10.0,active,330.47200000000015,3.8732000000000033,1.0,3.0
CHEMBL1083375,CCCCCCCNC(=O)Oc1ccc2c(c1)[C@]1(C)CCN(CC)[C@@H]1C2,58.0,active,358.52600000000024,4.653400000000004,1.0,3.0
CHEMBL1085125,CCCCNC(=O)Oc1ccc2c(c1)[C@]1(C)CCN(CC)[C@@H]1C2,90.0,active,316.44500000000005,3.483100000000002,1.0,3.0
CHEMBL1085126,CCN1CC[C@@]2(C)c3cc(OC(=O)NC(C)(C)C)ccc3C[C@@H]12,12487.0,inactive,316.44500000000005,3.4815000000000023,1.0,3.0
CHEMBL1085127,CCCNC(=O)Oc1ccc2c(c1)[C@]1(C)CCN(CC)[C@@H]1C2,154.0,active,302.41800000000006,3.0930000000000017,1.0,3.0
CHEMBL1084635,CCN1CC[C@@]2(C)c3cc(OC(=O)NC)ccc3C[C@@H]12,38.0,active,274.36400000000003,2.3128,1.0,3.0
CHEMBL1084880,CCN1CC[C@@]2(C)c3cc(OC(=O)Nc4ccccc4)ccc3C[C@@H]12,176.0,active,336.43500000000006,4.205500000000003,1.0,3.0
CHEMBL1085128,CCN1CC[C@@]2(C)c3cc(OC(=O)NC(C)c4ccccc4)ccc3C[C@@H]12,1330.0,intermediate,364.4890000000001,4.444200000000004,1.0,3.0
CHEMBL1085382,CCN1CC[C@@]2(C)c3cc(OC(=O)NCc4ccccc4)ccc3C[C@@H]12,69.0,active,350.46200000000005,3.883200000000003,1.0,3.0
CHEMBL1085383,CCCCCCCNC(=O)Oc1ccc2c(c1)[C@]1(C)CCN(CCC)[C@@H]1C2,93.0,active,372.5530000000003,5.043500000000004,1.0,3.0
CHEMBL1084881,CCCCCCNC(=O)Oc1ccc2c(c1)[C@]1(C)CCN(CCC)[C@@H]1C2,62.0,active,358.52600000000024,4.653400000000004,1.0,3.0
CHEMBL1084882,CCCCCCCNC(=O)Oc1ccc2c(c1)[C@]1(C)CCN(Cc3ccccc3)[C@@H]1C2,506.0,active,420.59700000000026,5.833700000000006,1.0,3.0
CHEMBL1086090,CCCCCCCNC(=O)Oc1ccc2c(c1)[C@@H]1CCN(CC)[C@@H]1C2,381.0,active,344.4990000000002,4.479300000000004,1.0,3.0
CHEMBL1085384,CCCCCCNC(=O)Oc1ccc2c(c1)[C@@H]1CCN(CC)[C@@H]1C2,208.0,active,330.47200000000015,4.0892000000000035,1.0,3.0
CHEMBL1085385,CCCCNC(=O)Oc1ccc2c(c1)C1CCN(CC)C1C2,1076.0,intermediate,302.41800000000006,3.309000000000002,1.0,3.0
CHEMBL1085386,CCCNC(=O)Oc1ccc2c(c1)C1CCN(CC)C1C2,2192.0,intermediate,288.391,2.9189000000000016,1.0,3.0
CHEMBL1085629,CCN1CCC2c3cc(OC(=O)NC)ccc3CC21,253.0,active,260.337,2.1387,1.0,3.0
CHEMBL1085630,CCCCCCCNC(=O)Oc1ccc2c(c1)C1CCN(CCC)C1C2,629.0,active,358.52600000000024,4.869400000000004,1.0,3.0
CHEMBL1085011,CCCCCCNC(=O)Oc1ccc2c(c1)C1CCN(CCC)C1C2,546.0,active,344.4990000000002,4.479300000000004,1.0,3.0
CHEMBL55014,O=C(NCCC1CCN(Cc2ccccc2)CC1)c1ccccc1,560.0,active,322.45200000000006,3.718700000000003,1.0,2.0
CHEMBL56470,CN(CCC1CCN(Cc2ccccc2)CC1)C(=O)c1ccccc1,170.0,active,336.47900000000004,4.060900000000004,0.0,2.0
CHEMBL55312,O=C(c1ccccc1)N(CCC1CCN(Cc2ccccc2)CC1)c1ccccc1,35.0,active,398.55000000000007,5.635700000000006,0.0,2.0
CHEMBL141873,COc1ccc(C(=O)N(CCC2CCN(Cc3ccccc3)CC2)c2ccccc2)cc1,590.0,active,428.5760000000001,5.644300000000006,0.0,3.0
CHEMBL140737,O=C(c1ccc(F)cc1)N(CCC1CCN(Cc2ccccc2)CC1)c1ccccc1,18.0,active,416.5400000000001,5.774800000000006,0.0,2.0
CHEMBL126354,O=C(c1ccc([N+](=O)[O-])cc1)N(CCC1CCN(Cc2ccccc2)CC1)c1ccccc1,5.4,active,443.5470000000002,5.543900000000005,0.0,4.0
CHEMBL340621,O=C(c1ccncc1)N(CCC1CCN(Cc2ccccc2)CC1)c1ccccc1,64.0,active,399.53800000000007,5.030700000000005,0.0,3.0
CHEMBL140769,O=C(C1CCCCC1)N(CCC1CCN(Cc2ccccc2)CC1)c1ccccc1,9400.0,intermediate,404.5980000000001,5.902200000000007,0.0,2.0
CHEMBL340672,CC(=O)N(CCC1CCN(Cc2ccccc2)CC1)c1ccccc1,52.0,active,336.4790000000001,4.341800000000004,0.0,2.0
CHEMBL141853,CCC(=O)N(CCC1CCN(Cc2ccccc2)CC1)c1ccccc1,830.0,active,350.50600000000014,4.731900000000005,0.0,2.0
CHEMBL127527,COc1cccc(N(CCC2CCN(Cc3ccccc3)CC2)C(C)=O)c1,46.0,active,366.5050000000001,4.350400000000004,0.0,3.0
CHEMBL141801,COc1ccc(N(CCC2CCN(Cc3ccccc3)CC2)C(C)=O)cc1,700.0,active,366.50500000000017,4.350400000000004,0.0,3.0
CHEMBL141167,CC(=O)N(CCC1CCN(Cc2ccccc2)CC1)c1cccc(F)c1,65.0,active,354.4690000000001,4.4809000000000045,0.0,2.0
CHEMBL340609,CC(=O)N(CCC1CCN(Cc2ccccc2)CC1)c1ccc(F)cc1,205.0,active,354.4690000000001,4.4809000000000045,0.0,2.0
CHEMBL140936,CCN(CCC1CCN(Cc2ccccc2)CC1)c1ccccc1,12000.0,inactive,322.49600000000004,4.815200000000005,0.0,2.0
CHEMBL141352,CC(=O)N(CCC1CCN(Cc2ccccc2)CC1)c1ccncc1,108.0,active,337.4670000000001,3.7368000000000032,0.0,3.0
CHEMBL125578,CC(=O)N(C)CCC1CCN(Cc2ccccc2)CC1,660.0,active,274.4080000000001,2.7670000000000012,0.0,2.0
CHEMBL333909,O=C1c2ccccc2CN1CCC1CCN(Cc2ccccc2)CC1,98.0,active,334.463,3.9447000000000028,0.0,2.0
CHEMBL106891,O=C1c2ccccc2C(=O)N1CCC1CCN(Cc2ccccc2)CC1,80.0,active,348.446,3.584900000000003,0.0,3.0
CHEMBL419184,O=C1c2ccc([N+](=O)[O-])cc2C(=O)N1C1CCN(Cc2ccccc2)CC1,27000.0,inactive,365.3890000000001,2.8554000000000013,0.0,5.0
CHEMBL326868,O=C1c2ccc([N+](=O)[O-])cc2C(=O)N1CC1CCN(Cc2ccccc2)CC1,3000.0,intermediate,379.4160000000001,3.1030000000000015,0.0,5.0
CHEMBL105874,O=C1c2ccc([N+](=O)[O-])cc2C(=O)N1CCC1CCN(Cc2ccccc2)CC1,12.5,active,393.44300000000015,3.4931000000000028,0.0,5.0
CHEMBL336686,COc1ccc(CN2CCC(CCN3C(=O)c4ccc([N+](=O)[O-])cc4C3=O)CC2)cc1,440.0,active,423.4690000000002,3.5017000000000023,0.0,6.0
CHEMBL123909,O=C1c2ccc([N+](=O)[O-])cc2C(=O)N1CCC1CCN(Cc2ccc(Cl)cc2)CC1,240.0,active,427.88800000000015,4.146500000000003,0.0,5.0
CHEMBL140948,CN1CCC(CCN2C(=O)c3ccc([N+](=O)[O-])cc3C2=O)CC1,6800.0,intermediate,317.34500000000014,1.9227,0.0,5.0
CHEMBL139353,Nc1ccc2c(c1)C(=O)N(CCC1CCN(Cc3ccccc3)CC1)C2=O,8.8,active,363.46100000000007,3.1671000000000022,1.0,4.0
CHEMBL433678,CC(=O)Nc1ccc2c(c1)C(=O)N(CCC1CCN(Cc3ccccc3)CC1)C2=O,2.8,active,405.49800000000016,3.543300000000002,1.0,4.0
CHEMBL138107,O=C(Nc1ccc2c(c1)C(=O)N(CCC1CCN(Cc3ccccc3)CC1)C2=O)c1ccccc1,1.2,active,467.5690000000002,4.837200000000005,1.0,4.0
CHEMBL140770,COc1ccc2c(c1)C(=O)N(CCC1CCN(Cc3ccccc3)CC1)C2=O,8.0,active,378.4720000000001,3.5935000000000024,0.0,4.0
CHEMBL1084256,O=C(Nc1ccccc1)c1ccc2c(c1)C(=O)N(CCC1CCN(Cc3ccccc3)CC1)C2=O,2.2,active,467.5690000000003,4.837200000000005,1.0,4.0
CHEMBL140999,O=C(c1ccccc1)c1ccc2c(c1)C(=O)N(CCC1CCN(Cc3ccccc3)CC1)C2=O,2.4,active,452.55400000000026,4.8159000000000045,0.0,4.0
CHEMBL141001,O=C1c2cccc([N+](=O)[O-])c2C(=O)N1CCC1CCN(Cc2ccccc2)CC1,9.0,active,393.44300000000015,3.4931000000000028,0.0,5.0
CHEMBL138442,Nc1cccc2c1C(=O)N(CCC1CCN(Cc3ccccc3)CC1)C2=O,11.0,active,363.46100000000007,3.1671000000000022,1.0,4.0
CHEMBL141622,O=C(Nc1cccc2c1C(=O)N(CCC1CCN(Cc3ccccc3)CC1)C2=O)c1ccccc1,340.0,active,467.5690000000002,4.837200000000005,1.0,4.0
CHEMBL140106,O=C1c2cccnc2C(=O)N1CCC1CCN(Cc2ccccc2)CC1,13.0,active,349.4340000000001,2.9799000000000015,0.0,4.0
CHEMBL141203,O=c1c2ccccc2ccn1CCC1CCN(Cc2ccccc2)CC1,1100.0,intermediate,346.47400000000005,4.303800000000003,0.0,2.0
CHEMBL142014,O=C1c2ccccc2CCN1CCC1CCN(Cc2ccccc2)CC1,1000.0,active,348.49,3.987200000000003,0.0,2.0
CHEMBL140990,O=C1Cc2ccccc2CN1CCC1CCN(Cc2ccccc2)CC1,17.0,active,348.49,3.8736000000000033,0.0,2.0
CHEMBL142013,c1ccc(CN2CCC(CCN3CCc4ccccc4C3)CC2)cc1,1600.0,intermediate,334.5070000000001,4.347000000000004,0.0,2.0
CHEMBL141042,O=C1Cc2ccccc2C(=O)N1CCC1CCN(Cc2ccccc2)CC1,23.0,active,362.47300000000007,3.5138000000000025,0.0,3.0
CHEMBL140328,O=c1c2ccccc2ncn1CCC1CCN(Cc2ccccc2)CC1,1200.0,intermediate,347.46200000000005,3.698800000000002,0.0,3.0
CHEMBL141810,O=C1c2ccccc2NCN1CCC1CCN(Cc2ccccc2)CC1,800.0,active,349.47800000000007,3.8141000000000025,1.0,3.0
CHEMBL342413,O=c1[nH]c2ccccc2c(=O)n1CCC1CCN(Cc2ccccc2)CC1,4.2,active,363.46100000000007,2.9921000000000015,1.0,3.0
CHEMBL141276,O=C1Nc2ccccc2CN1CCC1CCN(Cc2ccccc2)CC1,13.0,active,349.478,4.336400000000004,1.0,2.0
CHEMBL138552,O=c1[nH]c2cc(Cl)ccc2c(=O)n1CCC1CCN(Cc2ccccc2)CC1,4.5,active,397.9060000000002,3.645500000000003,1.0,3.0
CHEMBL141515,O=C1CCCCN1CCC1CCN(Cc2ccccc2)CC1,270.0,active,300.4460000000001,3.3012000000000024,0.0,2.0
CHEMBL1083069,O=C1CNc2cc3onc(CCC4CCN(Cc5ccccc5)CC4)c3cc2C1,0.48,active,389.49900000000014,4.209700000000003,1.0,5.0
CHEMBL129753,CNC(=O)Oc1cccc(CN(C)CCCCOc2ccc3c(=O)c4ccccc4oc3c2)c1,37.0,active,460.53000000000014,4.955400000000005,1.0,6.0
CHEMBL1083070,CCCCCCNC(=O)Oc1cccc(CN(C)CCCCOc2ccc3c(=O)c4ccccc4oc3c2)c1,100.0,active,530.6650000000004,6.905900000000008,1.0,6.0
CHEMBL337999,CNC(=O)Oc1cccc(CN(C)CCCCCOc2ccc3c(=O)c4ccccc4oc3c2)c1,0.82,active,474.55700000000013,5.345500000000006,1.0,6.0
CHEMBL1083379,CCCCCCNC(=O)Oc1cccc(CN(C)CCCCCOc2ccc3c(=O)c4ccccc4oc3c2)c1,100.0,active,544.6920000000005,7.296000000000008,1.0,6.0
CHEMBL128863,CCNC(=O)Oc1cccc(CN(C)CCCOc2ccc3c(=O)c4ccccc4oc3c2)c1,13.0,active,460.53000000000014,4.9554000000000045,1.0,6.0
CHEMBL336297,CCCNC(=O)Oc1cccc(CN(C)CCCOc2ccc3c(=O)c4ccccc4oc3c2)c1,28.0,active,474.5570000000002,5.345500000000005,1.0,6.0
CHEMBL130847,CCCCNC(=O)Oc1cccc(CN(C)CCCOc2ccc3c(=O)c4ccccc4oc3c2)c1,36.0,active,488.58400000000023,5.735600000000006,1.0,6.0
CHEMBL128260,CN(CCCOc1ccc2c(=O)c3ccccc3oc2c1)Cc1cccc(OC(=O)Nc2ccccc2)c1,2.8,active,508.57400000000024,6.4580000000000055,1.0,6.0
CHEMBL131827,CNC(=O)Oc1cccc(CN(C)CCCOc2ccc3c(=O)c4cccnc4oc3c2)c1,1.1,active,447.4910000000001,3.960300000000003,1.0,7.0
CHEMBL130918,CCCCNC(=O)Oc1cccc(CN(C)CCCOc2ccc3c(=O)c4cccnc4oc3c2)c1,8.9,active,489.57200000000023,5.130600000000005,1.0,7.0
CHEMBL1084090,CCCCCCNC(=O)Oc1cccc(CN(C)CCCOc2ccc3c(=O)c4cccnc4oc3c2)c1,42.0,active,517.6260000000004,5.910800000000006,1.0,7.0
CHEMBL340625,CNC(=O)Oc1cccc(CN(C)CCCOc2ccc3ccc(=O)oc3c2)c1,5.7,active,396.44300000000004,3.4121000000000024,1.0,6.0
CHEMBL128551,CCCCNC(=O)Oc1cccc(CN(C)CCCOc2ccc3ccc(=O)oc3c2)c1,14.0,active,438.52400000000017,4.582400000000004,1.0,6.0
CHEMBL1084883,CCCCCCNC(=O)Oc1cccc(CN(C)CCCOc2ccc3ccc(=O)oc3c2)c1,13.0,active,466.5780000000003,5.362600000000006,1.0,6.0
CHEMBL128618,CNC(=O)Oc1cccc(CN(C)CCCOc2ccc3c(=O)ccoc3c2)c1,8.9,active,396.44300000000004,3.4121000000000024,1.0,6.0
CHEMBL1084091,CCCCNC(=O)Oc1cccc(CN(C)CCCOc2ccc3c(=O)ccoc3c2)c1,250.0,active,438.52400000000017,4.582400000000004,1.0,6.0
CHEMBL1085129,CCCCCCNC(=O)Oc1cccc(CN(C)CCCOc2ccc3c(=O)ccoc3c2)c1,21.0,active,466.5780000000003,5.362600000000006,1.0,6.0
CHEMBL128471,CNC(=O)Oc1cccc(CN(C)CCCOc2ccc3c(=O)cc(-c4ccccc4)oc3c2)c1,5.7,active,472.5410000000001,5.079100000000005,1.0,6.0
CHEMBL128043,CCCCNC(=O)Oc1cccc(CN(C)CCCOc2ccc3c(=O)cc(-c4ccccc4)oc3c2)c1,31.0,active,514.6220000000003,6.249400000000007,1.0,6.0
CHEMBL1084366,CCCCCCNC(=O)Oc1cccc(CN(C)CCCOc2ccc3c(=O)cc(-c4ccccc4)oc3c2)c1,68.0,active,542.6760000000004,7.029600000000008,1.0,6.0
CHEMBL128202,CCN(CCCOc1ccc2c(=O)c3ccccc3oc2c1)Cc1cccc(OC(=O)NC)c1,0.56,active,460.53000000000026,4.955400000000004,1.0,6.0
CHEMBL339039,CCCCNC(=O)Oc1cccc(CN(CC)CCCOc2ccc3c(=O)c4ccccc4oc3c2)c1,8.6,active,502.6110000000003,6.125700000000006,1.0,6.0
CHEMBL1082419,CCCCCCNC(=O)Oc1cccc(CN(CC)CCCOc2ccc3c(=O)c4ccccc4oc3c2)c1,160.0,active,530.6650000000004,6.905900000000008,1.0,6.0
CHEMBL131219,CCCN(CCCOc1ccc2c(=O)c3ccccc3oc2c1)Cc1cccc(OC(=O)NC)c1,4.0,active,474.55700000000024,5.345500000000005,1.0,6.0
CHEMBL128452,CCCCNC(=O)Oc1cccc(CN(CCC)CCCOc2ccc3c(=O)c4ccccc4oc3c2)c1,70.0,active,516.6380000000004,6.515800000000007,1.0,6.0
CHEMBL1083976,CCCCCCNC(=O)Oc1cccc(CN(CCC)CCCOc2ccc3c(=O)c4ccccc4oc3c2)c1,400.0,active,544.6920000000003,7.296000000000008,1.0,6.0
CHEMBL131579,CNC(=O)Oc1cccc(CN(CCCOc2ccc3c(=O)c4ccccc4oc3c2)C(C)C)c1,0.7,active,474.5570000000002,5.343900000000005,1.0,6.0
CHEMBL131411,CCCCNC(=O)Oc1cccc(CN(CCCOc2ccc3c(=O)c4ccccc4oc3c2)C(C)C)c1,100.0,active,516.6380000000003,6.514200000000007,1.0,6.0
CHEMBL1083977,CCCCCCNC(=O)Oc1cccc(CN(CCCOc2ccc3c(=O)c4ccccc4oc3c2)C(C)C)c1,170.0,active,544.6920000000002,7.294400000000008,1.0,6.0
CHEMBL151417,c1ccc(-c2ccc(NCCN3CCOCC3)nn2)cc1,1000000.0,inactive,284.3629999999999,1.8876999999999997,1.0,5.0
CHEMBL281588,c1ccc(-c2ccc(NCCN3CCCCC3)nn2)cc1,13000.0,inactive,282.3909999999999,3.041400000000001,1.0,4.0
CHEMBL278819,Cc1cc(-c2ccccc2)nnc1NCCN1CCOCC1,85000.0,inactive,298.39000000000004,2.1961199999999996,1.0,5.0
CHEMBL1085019,Cc1cc(-c2ccccc2)nnc1NCCN1CCCCC1,5400.0,intermediate,296.41800000000006,3.349820000000001,1.0,4.0
CHEMBL150985,Cc1cc(-c2ccc(Cl)cc2)nnc1NCCN1CCOCC1,34000.0,inactive,332.8350000000002,2.849520000000001,1.0,5.0
CHEMBL1085020,Cc1cc(-c2ccc(Cl)cc2)nnc1NCCN1CCCCC1,1300.0,intermediate,330.8630000000002,4.003220000000002,1.0,4.0
CHEMBL1085021,Cc1cc(-c2ccc3c(c2)OCO3)nnc1NCCN1CCCCC1,1000.0,active,340.4270000000002,3.078520000000001,1.0,6.0
CHEMBL1083676,OCc1cc(-c2ccccc2)nnc1NCCN1CCOCC1,440000.0,inactive,314.3890000000001,1.3799999999999997,2.0,6.0
CHEMBL150365,N#Cc1cc(-c2ccccc2)nnc1NCCN1CCOCC1,100000.0,inactive,309.3730000000001,1.7593799999999993,1.0,6.0
CHEMBL1082740,FC(F)(F)c1cc(-c2ccccc2)nnc1NCCN1CCOCC1,740000.0,inactive,352.36000000000024,2.906500000000001,1.0,5.0
CHEMBL1082741,Nc1cc(-c2ccccc2)nnc1NCCN1CCOCC1,270000.0,inactive,299.37800000000004,1.4698999999999998,2.0,6.0
CHEMBL356224,c1ccc(-c2cc(-c3ccccc3)c(NCCN3CCOCC3)nn2)cc1,260000.0,inactive,360.4610000000001,3.554700000000002,1.0,5.0
CHEMBL1085937,c1ccc(-c2ccc(NCCCN3CCOCC3)nn2)cc1,410000.0,inactive,298.3899999999999,2.2778,1.0,5.0
CHEMBL1085274,CCN1CCCC1CNc1ccc(-c2ccccc2)nn1,62000.0,inactive,282.391,3.0398000000000014,1.0,4.0
CHEMBL1085275,c1ccc(-c2ccc(NCCN3CCc4ccccc4C3)nn2)cc1,83000.0,inactive,330.435,3.613800000000002,1.0,4.0
CHEMBL1084255,c1ccc(-c2ccc(NCCCN3CCc4ccccc4C3)nn2)cc1,35000.0,inactive,344.462,4.0039000000000025,1.0,4.0
CHEMBL25264,c1ccc(-c2ccc(NCCCCN3CCc4ccccc4C3)nn2)cc1,15000.0,inactive,358.489,4.394000000000004,1.0,4.0
CHEMBL1083054,c1ccc(-c2ccc(NCCCCCN3Cc4ccccc4CN3)nn2)cc1,10000.0,inactive,373.50399999999996,4.246200000000002,2.0,5.0
CHEMBL1086185,CN(CCNc1ccc(-c2ccccc2)nn1)Cc1ccccc1,170000.0,inactive,318.424,3.6875000000000027,1.0,4.0
CHEMBL1083055,CN(CCCNc1ccc(-c2ccccc2)nn1)Cc1ccccc1,13000.0,inactive,332.451,4.077600000000003,1.0,4.0
CHEMBL1084257,CN(CCCCNc1ccc(-c2ccccc2)nn1)Cc1ccccc1,11000.0,inactive,346.4780000000001,4.467700000000003,1.0,4.0
CHEMBL1083057,CN(CCCCCNc1ccc(-c2ccccc2)nn1)Cc1ccccc1,740.0,active,360.5050000000001,4.857800000000004,1.0,4.0
CHEMBL1083058,c1ccc(CN2CCC(Nc3ccc(-c4ccccc4)nn3)CC2)cc1,65000.0,inactive,344.4620000000001,4.220100000000003,1.0,4.0
CHEMBL1083367,c1ccc(CN2CCC(CNc3ccc(-c4ccccc4)nn3)CC2)cc1,56000.0,inactive,358.48900000000015,4.467700000000003,1.0,4.0
CHEMBL25412,c1ccc(CN2CCC(CCNc3ccc(-c4ccccc4)nn3)CC2)cc1,120.0,active,372.51600000000013,4.857800000000004,1.0,4.0
CHEMBL1084542,c1ccc(-c2ccc(NCN3CCCCC3)nc2)cc1,13000.0,inactive,267.3759999999999,3.603900000000002,1.0,3.0
CHEMBL1084543,c1ccc(-c2cnc(NCN3CCCCC3)nc2)cc1,100000.0,inactive,268.3639999999999,2.9989000000000017,1.0,4.0
CHEMBL1084786,c1ccc(-c2ncc(NCN3CCCCC3)nn2)cc1,57000.0,inactive,269.3519999999999,2.3939000000000004,1.0,5.0
CHEMBL1084787,c1ccc(-c2nnc(NCN3CCCCC3)s2)cc1,54000.0,inactive,274.3929999999999,3.0604000000000013,1.0,5.0
CHEMBL1084788,c1ccc(-c2cnc(NCN3CCCCC3)nn2)cc1,60000.0,inactive,269.3519999999999,2.3939000000000004,1.0,5.0
CHEMBL1084789,c1ccc(C2=NNC(NCN3CCCCC3)=NC2)cc1,47000.0,inactive,271.36799999999994,1.3828999999999994,2.0,5.0
CHEMBL1082433,O=C(CCC1CCN(Cc2ccccc2)CC1)c1ccccc1,305.0,active,307.437,4.561700000000004,0.0,2.0
CHEMBL1082434,O=C(CCC1CCN(Cc2ccccc2)CC1)c1ccc2c(c1)OCO2,30.0,active,351.44600000000014,4.2904000000000035,0.0,4.0
CHEMBL1082435,CCn1c(C)nc2cc(C(=O)CCC3CCN(Cc4ccccc4)CC3)ccc21,4.3,active,389.54300000000006,5.2397200000000055,0.0,3.0
CHEMBL1084275,Cc1nc2ccc(C(=O)CCC3CCN(Cc4ccccc4)CC3)cc2s1,6.8,active,378.54100000000005,5.4798200000000055,0.0,4.0
CHEMBL1084790,Cc1nc2cc(C(=O)CCC3CCN(Cc4ccccc4)CC3)ccc2[nH]1,12.0,active,361.48900000000003,4.746420000000004,1.0,3.0
CHEMBL1082436,O=C(CCC1CCN(Cc2ccccc2)CC1)c1ccc2[nH]c(-c3ccccc3)nc2c1,33.0,active,423.5600000000001,6.105000000000007,1.0,3.0
CHEMBL100334,CN(CCOCCNC(=S)NC(=O)c1ccccc1)Cc1ccccc1,120.0,active,371.50600000000014,2.4395000000000007,2.0,4.0
CHEMBL102142,Cc1ccc(C(=O)NC(=S)NCCOCCN(C)Cc2ccccc2)cc1,77.0,active,385.5330000000001,2.7479200000000006,2.0,4.0
CHEMBL431058,COc1ccc(C(=O)NC(=S)NCCOCCN(C)Cc2ccccc2)cc1,26.0,active,401.5320000000001,2.4481,2.0,5.0
CHEMBL101518,CN(CCOCCNC(=S)NC(=O)c1ccc(Cl)cc1)Cc1ccccc1,30.0,active,405.95100000000014,3.092900000000002,2.0,4.0
CHEMBL430679,CN(CCOCCNC(=S)NC(=O)c1cccc([N+](=O)[O-])c1)Cc1ccccc1,15.0,active,416.5030000000002,2.3477000000000006,2.0,6.0
CHEMBL101940,CN(CCOCCNC(=S)NC(=O)c1ccc(Cl)c(Cl)c1)Cc1ccccc1,55.0,active,440.39600000000013,3.7463000000000024,2.0,4.0
CHEMBL101809,CN(CCOCCNC(=S)NC(=O)c1ccc(-c2ccccc2)cc1)Cc1ccccc1,230.0,active,447.60400000000016,4.106500000000004,2.0,4.0
CHEMBL100510,CN(CCOCCNC(=S)NC(=O)c1ccc2ccccc2c1)Cc1ccccc1,100.0,active,421.56600000000014,3.5927000000000024,2.0,4.0
CHEMBL1085030,CN(CCOCCNC(=S)NC(=O)c1ccc2c(c1)C(=O)c1ccccc1-2)Cc1ccccc1,30.0,active,473.59800000000024,3.6509000000000027,2.0,5.0
CHEMBL1085031,CN(CCOCCNC(=S)NC(=O)c1ccc2c(c1)C(=O)c1ccccc1C2=O)Cc1ccccc1,6.0,active,501.6080000000003,3.214900000000002,2.0,6.0
CHEMBL101155,CN(CCOCCCNC(=S)NC(=O)c1ccccc1)Cc1ccccc1,1100.0,intermediate,385.53300000000013,2.829600000000001,2.0,4.0
CHEMBL317541,CN(CCOCCNC(=S)NC(=O)c1ccccc1)C1CCCCC1,13.0,active,363.52700000000027,2.572000000000001,2.0,4.0
CHEMBL101988,CN(CCOCCNC(=S)Nc1ccc(Cl)cc1)Cc1ccccc1,1800.0,intermediate,377.94100000000014,3.775000000000002,2.0,3.0
CHEMBL420827,CN(CCOCCNC(=S)Nc1cccc2ccccc12)Cc1ccccc1,10000.0,inactive,393.55600000000015,4.274800000000003,2.0,3.0
CHEMBL329518,COc1ccc(NC(=S)NCCOCCN(C)Cc2cccc([N+](=O)[O-])c2)cc1OC,1500.0,intermediate,448.5450000000002,3.0470000000000006,2.0,7.0
CHEMBL101028,CN(CCOCCNC(=S)Nc1ccc(OC(F)(F)F)cc1)Cc1ccccc1,1000.0,active,427.49200000000013,4.020200000000003,2.0,4.0
CHEMBL1085032,CN(CCOCCNC(=S)Nc1ccccn1)Cc1ccccc1,4000.0,intermediate,344.48400000000015,2.5166000000000004,2.0,4.0
CHEMBL99605,CN(CCOCCNC(=S)NC1CCCCC1)Cc1ccccc1,1400.0,intermediate,349.5440000000001,2.931800000000001,2.0,3.0
CHEMBL329733,CCN(CCOCCNC(=O)NCc1ccccc1)CC1CCCCC1,10000.0,inactive,361.53000000000026,3.404600000000001,2.0,3.0
CHEMBL98497,CN(CCOCCNC(=O)Nc1ccc([N+](=O)[O-])cc1)Cc1ccccc1,2300.0,intermediate,372.4250000000001,2.8649000000000013,2.0,5.0
CHEMBL1083789,NCCCCCCCNc1c2c(nc3ccccc13)CCCC2,319.0,active,311.4730000000002,4.434700000000004,2.0,3.0
CHEMBL258928,NCCCCCCCCNc1c2c(nc3ccccc13)CCCC2,89.0,active,325.5000000000002,4.824800000000004,2.0,3.0
CHEMBL1083790,NCCCCCCCCCNc1c2c(nc3ccccc13)CCCC2,131.0,active,339.5270000000002,5.214900000000005,2.0,3.0
CHEMBL1084092,NCCCCCCCCCCNc1c2c(nc3ccccc13)CCCC2,147.0,active,353.5540000000002,5.605000000000006,2.0,3.0
CHEMBL1084093,NCCCCCCCCCCCCNc1c2c(nc3ccccc13)CCCC2,180.0,active,381.6080000000002,6.385200000000007,2.0,3.0
CHEMBL1083791,CN(C)CCCCCCCNc1c2c(nc3ccccc13)CCCC2,52.0,active,339.5270000000002,5.037600000000005,1.0,3.0
CHEMBL1084094,CN(C)CCCCCCCCNc1c2c(nc3ccccc13)CCCC2,47.0,active,353.5540000000002,5.427700000000005,1.0,3.0
CHEMBL1084095,CN(C)CCCCCCCCCNc1c2c(nc3ccccc13)CCCC2,71.0,active,367.5810000000002,5.817800000000006,1.0,3.0
CHEMBL1084367,CN(C)CCCCCCCCCCNc1c2c(nc3ccccc13)CCCC2,45.0,active,381.6080000000002,6.207900000000007,1.0,3.0
CHEMBL1084368,CN(C)CCCCCCCCCCCCNc1c2c(nc3ccccc13)CCCC2,264.0,active,409.6620000000002,6.988100000000007,1.0,3.0
CHEMBL1084369,c1ccc2c(NCCCCCCCNc3ccncc3)c3c(nc2c1)CCCC3,12.8,active,388.55900000000025,5.983100000000005,2.0,4.0
CHEMBL1084096,c1ccc2c(NCCCCCCCCNc3ccncc3)c3c(nc2c1)CCCC3,13.6,active,402.58600000000024,6.373200000000006,2.0,4.0
CHEMBL1084530,c1ccc2c(NCCCCCCCCCNc3ccncc3)c3c(nc2c1)CCCC3,83.0,active,416.6130000000002,6.763300000000006,2.0,4.0
CHEMBL1084531,c1ccc2c(NCCCCCCCCCCNc3ccncc3)c3c(nc2c1)CCCC3,176.0,active,430.6400000000002,7.153400000000007,2.0,4.0
CHEMBL1084774,c1ccc(NCCCCCCCCCCCCNc2c3c(nc4ccccc24)CCCC3)cc1,261.0,active,457.70600000000024,8.538600000000004,2.0,3.0
CHEMBL1084775,c1ccc2c(NCCCCCCCNc3c4c(nc5ccccc35)CCCC4)ccnc2c1,10.1,active,438.6190000000002,7.1363000000000065,2.0,4.0
CHEMBL1082738,c1ccc2c(NCCCCCCCCNc3c4c(nc5ccccc35)CCCC4)ccnc2c1,8.8,active,452.64600000000024,7.526400000000007,2.0,4.0
CHEMBL1082739,c1ccc2c(NCCCCCCCCCNc3c4c(nc5ccccc35)CCCC4)ccnc2c1,38.0,active,466.67300000000023,7.916500000000007,2.0,4.0
CHEMBL118752,Nc1c2c(nc3ccccc13)CCC2,56.0,active,184.24199999999993,2.3057,1.0,2.0
CHEMBL330883,Nc1c2c(nc3ccccc13)CCCCC2,39.0,active,212.2959999999999,3.0859000000000014,1.0,2.0
CHEMBL118968,Nc1c2c(nc3ccccc13)CCCCCC2,9100.0,intermediate,226.3229999999999,3.4760000000000018,1.0,2.0
CHEMBL331637,CC12CCC(c3c1nc1ccccc1c3N)C2(C)C,110000.0,inactive,252.361,3.991900000000002,1.0,2.0
CHEMBL118033,COc1ccc2c(c1)CCc1c-2nc2ccccc2c1N,47000.0,inactive,276.339,3.5912000000000015,1.0,3.0
CHEMBL1084952,Nc1c2c(nc3ccccc13)-c1cc(Br)ccc1CC2,144100.0,inactive,325.2090000000001,4.345100000000002,1.0,2.0
CHEMBL332454,Nc1c2c(nc3ccccc13)-c1ccccc1CCC2,166100.0,inactive,260.34,3.9727000000000023,1.0,2.0
CHEMBL119634,COc1ccc2c(c1)CCCc1c-2nc2ccccc2c1N,68800.0,inactive,290.36600000000004,3.9813000000000027,1.0,3.0
CHEMBL118139,Nc1c2c(nc3ccccc13)CCCc1ccccc1-2,38200.0,inactive,260.34,3.9727000000000023,1.0,2.0
CHEMBL117826,Nc1c2ccccc2nc2c1cnc1cc(Cl)ccc12,1000000.0,inactive,279.73,4.171800000000001,1.0,3.0
CHEMBL115697,Nc1c2c(nc3ccccc13)-c1ccccc1NCC2,69400.0,inactive,261.32800000000003,3.452000000000001,2.0,3.0
CHEMBL325203,Nc1c2c(nc3ccccc13)-c1ccccc1NCCC2,391100.0,inactive,275.3550000000001,3.842100000000002,2.0,3.0
CHEMBL115580,CC1Cc2c(nc3ccccc3c2N)C1(C)O,134000.0,inactive,228.295,2.216700000000001,2.0,3.0
CHEMBL119528,CCCCC1(O)c2nc3ccccc3c(N)c2CC1C,91000.0,inactive,270.376,3.3870000000000013,2.0,3.0
CHEMBL119390,CC1=C(C)c2nc3ccccc3c(N)c2C1,3500.0,intermediate,210.27999999999997,3.166500000000001,1.0,2.0
CHEMBL119389,CCCCC1=C(C)Cc2c1nc1ccccc1c2N,25000.0,inactive,252.361,4.336800000000003,1.0,2.0
CHEMBL1085276,O=C1c2ccccc2CC1CC1CCN(c2ccccc2)CC1,150.0,active,305.42100000000005,4.348300000000004,0.0,2.0
CHEMBL1083677,O=C1c2ccccc2CCC1CC1CCN(c2ccccc2)CC1,2100.0,intermediate,319.44800000000004,4.738400000000004,0.0,2.0
CHEMBL1083678,O=C1c2ccccc2CCCC1CC1CCN(c2ccccc2)CC1,15000.0,inactive,333.475,5.128500000000004,0.0,2.0
CHEMBL1083982,COc1cc2c(cc1OC)C(=O)C(CC1CCN(c3ccccc3)CC1)C2,5.7,active,365.4730000000001,4.3655000000000035,0.0,4.0
CHEMBL1083056,COc1cc2c(cc1OC)C(O)C(CC1CCN(c3ccccc3)CC1)C2,300.0,active,367.48900000000015,4.216200000000003,1.0,4.0
CHEMBL1085277,COc1cc2c(cc1OC)CC(CC1CCN(c3ccccc3)CC1)=C2,4400.0,intermediate,349.47400000000005,4.950000000000005,0.0,3.0
CHEMBL1085278,CNC(=O)Oc1cccc(CN(C)CCCCCCCCOc2ccc3c(=O)c4ccccc4oc3c2)c1,6.8,active,516.6380000000003,6.515800000000008,1.0,6.0
CHEMBL1085526,CNC(=O)Oc1cccc(CN(C)CCCCCCCCCOc2ccc3c(=O)c4ccccc4oc3c2)c1,11.7,active,530.6650000000003,6.905900000000008,1.0,6.0
CHEMBL1085527,CNC(=O)Oc1cccc(CN(C)CCCCCCCCCCOc2ccc3c(=O)c4ccccc4oc3c2)c1,21.8,active,544.6920000000003,7.296000000000008,1.0,6.0
CHEMBL1086245,CNC(=O)Oc1cccc(CN(C)CCCOc2ccc(C(=O)c3ccccc3)cc2)c1,5.4,active,432.52000000000004,4.536700000000004,1.0,5.0
CHEMBL1086246,CNC(=O)Oc1cccc(CN(C)CCCOc2ccc(Cc3ccccc3)cc2)c1,24.7,active,418.53700000000003,4.896500000000005,1.0,4.0
CHEMBL1086247,CNC(=O)Oc1cccc(CN(C)CCCOc2ccc3ccccc3c2)c1,82.6,active,378.472,4.458900000000003,1.0,4.0
CHEMBL1086248,CNC(=O)Oc1cccc(CN(C)CCCOc2ccccc2)c1,79.6,active,328.4119999999999,3.3057000000000016,1.0,4.0
CHEMBL1084276,CNC(=O)Oc1cccc(CN(C)CC#CCOc2ccc3c(=O)c4ccccc4oc3c2)c1,210.0,active,456.49800000000016,4.178600000000004,1.0,6.0
CHEMBL94054,Cc1cc(-c2ccccc2)n[nH]c1=NCCC1CCN(Cc2ccccc2)CC1,320.0,active,386.5430000000001,4.5881200000000035,1.0,3.0
CHEMBL90241,CC(C)c1cc(-c2ccccc2)n[nH]c1=NCCC1CCN(Cc2ccccc2)CC1,430.0,active,414.59700000000026,5.403100000000005,1.0,3.0
CHEMBL91240,Cc1cc(=NCCC2CCN(Cc3ccccc3)CC2)[nH]nc1-c1ccccc1,21.0,active,386.5430000000001,4.5881200000000035,1.0,3.0
CHEMBL90264,CCc1cc(=NCCC2CCN(Cc3ccccc3)CC2)[nH]nc1-c1ccccc1,27.0,active,400.5700000000001,4.842100000000005,1.0,3.0
CHEMBL91432,CCCc1cc(=NCCC2CCN(Cc3ccccc3)CC2)[nH]nc1-c1ccccc1,61.0,active,414.59700000000015,5.232200000000005,1.0,3.0
CHEMBL91774,c1ccc(CN2CCC(CCN=c3[nH]nc(-c4ccccc4)c4ccccc34)CC2)cc1,440.0,active,422.5760000000002,5.432900000000005,1.0,3.0
CHEMBL421501,c1ccc2c(NCCCCCCNc3c4c(nc5ccccc35)CCC4)c3c(nc2c1)CCC3,115.0,active,450.63000000000034,6.844800000000006,2.0,4.0
CHEMBL76014,c1ccc2c(NCCCCCCCNc3c4c(nc5ccccc35)CCC4)c3c(nc2c1)CCC3,75.0,active,464.6570000000003,7.234900000000007,2.0,4.0
CHEMBL74827,c1ccc2c(NCCCCCCCCNc3c4c(nc5ccccc35)CCC4)c3c(nc2c1)CCC3,22.0,active,478.68400000000037,7.625000000000007,2.0,4.0
CHEMBL73800,c1ccc2c(NCCCCCCNc3c4c(nc5ccccc35)CCCC4)c3c(nc2c1)CCCC3,1.4,active,478.6840000000004,7.625000000000007,2.0,4.0
CHEMBL75274,c1ccc2c(NCCCCCCCCNc3c4c(nc5ccccc35)CCCC4)c3c(nc2c1)CCCC3,1.6,active,506.73800000000045,8.405200000000004,2.0,4.0
CHEMBL74940,Fc1ccc2c(NCCCCCCNc3c4c(nc5cc(F)ccc35)CCCC4)c3c(nc2c1)CCCC3,0.9,active,514.6640000000003,7.903200000000007,2.0,4.0
CHEMBL74927,Fc1ccc2c(NCCCCCCCNc3c4c(nc5cc(F)ccc35)CCCC4)c3c(nc2c1)CCCC3,0.6,active,528.6910000000003,8.293300000000006,2.0,4.0
CHEMBL312761,Fc1ccc2c(NCCCCCCCCNc3c4c(nc5cc(F)ccc35)CCCC4)c3c(nc2c1)CCCC3,0.7,active,542.7180000000002,8.683400000000002,2.0,4.0
CHEMBL73160,Clc1ccc2c(NCCCCCCNc3c4c(nc5cc(Cl)ccc35)CCCC4)c3c(nc2c1)CCCC3,0.6,active,547.5740000000002,8.9318,2.0,4.0
CHEMBL307004,Clc1ccc2c(NCCCCCCCNc3c4c(nc5cc(Cl)ccc35)CCCC4)c3c(nc2c1)CCCC3,0.07,active,561.6010000000001,9.321899999999998,2.0,4.0
CHEMBL312310,Clc1ccc2c(NCCCCCCCCNc3c4c(nc5cc(Cl)ccc35)CCCC4)c3c(nc2c1)CCCC3,0.3,active,575.628,9.711999999999996,2.0,4.0
CHEMBL75305,c1cnc2nc3c(c(NCCCCCCNc4c5c(nc6ncccc46)CCCC5)c2c1)CCCC3,4.8,active,480.66000000000037,6.415000000000006,2.0,6.0
CHEMBL76173,c1cnc2nc3c(c(NCCCCCCCNc4c5c(nc6ncccc46)CCCC5)c2c1)CCCC3,1.3,active,494.68700000000035,6.805100000000007,2.0,6.0
CHEMBL75985,c1cnc2nc3c(c(NCCCCCCCCNc4c5c(nc6ncccc46)CCCC5)c2c1)CCCC3,1.9,active,508.7140000000004,7.195200000000007,2.0,6.0
CHEMBL1083488,c1ccc2c(NCCCCCCNc3c4c(nc5ncccc35)CCCCC4)c3c(nc2c1)CCCCC3,2.5,active,507.7260000000005,7.800200000000007,2.0,5.0
CHEMBL307908,c1ccc2c(NCCCCCCCNc3c4c(nc5ccccc35)CCCCC4)c3c(nc2c1)CCCCC3,2.7,active,520.7650000000004,8.795300000000003,2.0,4.0
CHEMBL306492,c1ccc2c(NCCCCCCCCNc3c4c(nc5ccccc35)CCCCC4)c3c(nc2c1)CCCCC3,1.6,active,534.7920000000004,9.1854,2.0,4.0
CHEMBL1084155,Cc1ccc2nc3c(c(Nc4ccccc4)c2c1)CCCC3,3700.0,intermediate,288.3940000000001,5.165620000000003,1.0,2.0
CHEMBL1084776,Cc1ccc2c(Nc3ccccc3)c3c(nc2c1)CCCC3,750.0,active,288.3940000000001,5.165620000000003,1.0,2.0
CHEMBL1084777,Clc1ccc2c(Nc3ccccc3)c3c(nc2c1)CCCC3,170.0,active,308.8120000000002,5.510600000000004,1.0,2.0
CHEMBL1085017,O=[N+]([O-])c1ccc2nc3c(c(Nc4ccccc4)c2c1)CCCC3,1600.0,intermediate,319.3640000000002,4.765400000000002,1.0,4.0
CHEMBL1085018,O=[N+]([O-])c1ccc2c(Nc3ccccc3)c3c(nc2c1)CCCC3,4800.0,intermediate,319.36400000000015,4.765400000000002,1.0,4.0
CHEMBL1083374,CNC(=O)Oc1cccc(CN(C)CCCOc2ccc3c(c2)O/C(=C\c2cc(O)c(O)c(O)c2)C3=O)c1,2.99,active,520.5380000000002,4.038700000000005,4.0,9.0
CHEMBL1085932,CNC(=O)Oc1cccc(CN(C)CCCCCCCOc2ccc3c(c2)O/C(=C\c2cc(O)c(O)c(O)c2)C3=O)c1,0.52,active,576.6460000000003,5.599100000000008,4.0,9.0
CHEMBL1085933,CNC(=O)Oc1cccc(CN(C)CCCCCCCOc2ccc3c(c2)O/C(=C\c2ccc4ccccc4c2)C3=O)c1,2.09,active,578.7090000000002,7.635500000000008,1.0,6.0
CHEMBL1085938,CNC(=O)Oc1cccc(CN(C)CCCCCCCOc2ccc3c(c2)C/C(=C\c2cc(O)c(O)c(O)c2)C3=O)c1,1.8,active,574.6740000000003,5.805300000000009,4.0,8.0
CHEMBL1085939,CNC(=O)Oc1cccc(CN(C)CCCCCCCOc2ccc3c(c2)OC/C(=C/c2cc(O)c(O)c(O)c2)C3=O)c1,9.81,active,590.6730000000003,5.641600000000008,4.0,9.0
CHEMBL1085940,CNC(=O)Oc1cccc(CN(C)CCCCCCCOc2ccc3c(c2)CC/C(=C/c2cc(O)c(O)c(O)c2)C3=O)c1,4.94,active,588.7010000000004,6.195400000000009,4.0,8.0
CHEMBL224158,O=C(CCc1c[nH]c2ccccc12)NCCCCCNc1c2c(nc3ccccc13)CCCC2,70.0,active,454.6180000000003,5.926100000000005,3.0,3.0
CHEMBL224335,O=C(CCc1c[nH]c2ccccc12)NCCCCCNc1c2c(nc3cc(Cl)ccc13)CCCC2,4.0,active,489.0630000000003,6.579500000000006,3.0,3.0
CHEMBL1083983,O=C(CCc1c[nH]c2ccccc12)NCCCCCCNc1c2c(nc3ccccc13)CCCC2,0.02,active,468.6450000000003,6.316200000000006,3.0,3.0
CHEMBL1083984,O=C(CCc1c[nH]c2ccccc12)NCCCCCCCNc1c2c(nc3ccccc13)CCCC2,0.06,active,482.67200000000037,6.706300000000006,3.0,3.0
CHEMBL389192,O=C(CCc1c[nH]c2ccccc12)NCCCCCCCCNc1c2c(nc3cc(Cl)ccc13)CCCC2,0.5,active,531.1440000000002,7.749800000000008,3.0,3.0
CHEMBL1084262,O=C(CCc1c[nH]c2ccccc12)NCCCCCCCCCNc1c2c(nc3cc(Cl)ccc13)CCCC2,4.4,active,545.1710000000002,8.139900000000006,3.0,3.0
CHEMBL1084263,O=C(CCc1c[nH]c2ccccc12)NCCCCCCCCCCNc1c2c(nc3cc(Cl)ccc13)CCCC2,21.9,active,559.1980000000001,8.530000000000005,3.0,3.0
CHEMBL224336,CN(CCCNC(=O)CCc1c[nH]c2ccccc12)CCCNc1c2c(nc3ccccc13)CCCC2,147.0,active,497.68700000000047,5.467800000000005,3.0,4.0
CHEMBL388551,CN(CCCNC(=O)CCc1c[nH]c2ccccc12)CCCNc1c2c(nc3cc(Cl)ccc13)CCCC2,2.9,active,532.1320000000003,6.121200000000005,3.0,4.0
CHEMBL223170,N#Cc1ccc2[nH]cc(CCC(=O)NCCCCCCNc3c4c(nc5cc(Cl)ccc35)CCCC4)c2c1,0.7,active,528.1000000000004,6.841280000000006,3.0,4.0
CHEMBL224202,O=C(/C=C/c1c[nH]c2ccccc12)NCCCCCCNc1c2c(nc3cc(Cl)ccc13)CCCC2,18.0,active,501.07400000000035,7.050200000000006,3.0,3.0
CHEMBL388575,O=C(NCCCCCNc1c2c(nc3cc(Cl)ccc13)CCCC2)c1c[nH]c2ccccc12,180.0,active,461.0090000000003,6.260500000000005,3.0,3.0
CHEMBL224998,O=C(NCCCCCCNc1c2c(nc3cc(Cl)ccc13)CCCC2)c1c[nH]c2ccccc12,33.0,active,475.0360000000003,6.650600000000005,3.0,3.0
CHEMBL388627,O=C(NCCCCCCCNc1c2c(nc3cc(Cl)ccc13)CCCC2)c1c[nH]c2ccccc12,36.0,active,489.06300000000033,7.0407000000000055,3.0,3.0
CHEMBL223714,O=C(NCCCCCCCCNc1c2c(nc3cc(Cl)ccc13)CCCC2)c1c[nH]c2ccccc12,46.0,active,503.09000000000026,7.430800000000007,3.0,3.0
CHEMBL427082,O=C(CCCc1c[nH]c2ccccc12)NCCCCCCNc1c2c(nc3cc(Cl)ccc13)CCCC2,0.5,active,517.1170000000003,7.359700000000006,3.0,3.0
CHEMBL426015,Cn1cc(C(=O)NCCCCCCCNc2c3c(nc4cc(Cl)ccc24)CCCC3)c2ccccc21,10.9,active,503.0900000000003,7.051100000000007,2.0,3.0
CHEMBL388615,O=C(NCCCCCCCNc1c2c(nc3cc(Cl)ccc13)CCCC2)c1n[nH]c2ccccc12,95.0,active,490.05100000000033,6.435700000000005,3.0,4.0
CHEMBL1086007,O=C(CCOCCc1c[nH]c2ccccc12)NCCCCCNc1c2c(nc3cc(Cl)ccc13)CCCC2,1.5,active,533.1160000000003,6.596100000000006,3.0,4.0
CHEMBL1084544,O=C(CCOCCc1c[nH]c2ccccc12)NCCCCCCNc1c2c(nc3cc(Cl)ccc13)CCCC2,0.7,active,547.1430000000003,6.986200000000007,3.0,4.0
CHEMBL1084545,O=C(CCOCCc1c[nH]c2ccccc12)NCCCCCCCNc1c2c(nc3cc(Cl)ccc13)CCCC2,3.0,active,561.1700000000002,7.376300000000008,3.0,4.0
CHEMBL427342,O=C(Nc1cccc(C2=NCCN2)c1)Nc1cccc(C2=NCCN2)c1,590.0,active,348.4100000000001,2.0302,4.0,5.0
CHEMBL185896,CC(Cc1ccc(O)cc1)C1CCC(C)C(c2ccc(O)cc2)C1,620.0,active,324.46400000000006,5.496400000000005,2.0,2.0
CHEMBL325109,COc1cc(N)c(Cl)cc1C(=O)NC1CCN(Cc2ccccc2)CC1,890.0,active,373.8840000000002,3.3252000000000024,2.0,4.0
CHEMBL362579,CC(C)Cc1ccc(C(=O)CC(Sc2ccccc2N)c2cccc([N+](=O)[O-])c2)cc1,1300.0,intermediate,434.56100000000015,6.481900000000007,1.0,5.0
CHEMBL189870,Cc1ccc(S(=O)(=O)N(Cc2ccccc2)c2ccc(N)cc2O)cc1,2500.0,intermediate,368.4580000000001,3.678320000000002,2.0,4.0
CHEMBL360186,Cc1nn(S(=O)(=O)c2cc(C(F)(F)F)cc(C(F)(F)F)c2)cc1-c1nsc(Nc2ccccc2)n1,2600.0,intermediate,533.479,5.728220000000003,1.0,7.0
CHEMBL187030,O=C(CC1S/C(=N/c2ccc(C3CCCCC3)cc2)NC1=O)Nc1ccc(OC(F)(F)F)cc1,2900.0,intermediate,491.5350000000001,5.880800000000003,2.0,5.0
CHEMBL188019,Oc1ccc(C2CC(c3ccccc3O)=Nc3ccccc3S2)cc1,4100.0,intermediate,347.4390000000001,5.455700000000003,2.0,4.0
CHEMBL1086358,C/C(=N\O)c1ccc(Cl)c(NC(=O)c2c(-c3ccccc3Cl)noc2C)c1,6700.0,intermediate,404.2530000000001,5.407320000000003,2.0,5.0
CHEMBL186896,Fc1ccc(N(Cc2ccc3c(c2)OCO3)C(=S)Nc2cccc(C(F)(F)F)c2)cc1,8000.0,intermediate,448.44100000000003,5.976800000000003,1.0,3.0
CHEMBL189764,COc1ccc(-c2cc(-c3ccc(N(C)C)cc3)nc(NS(=O)(=O)c3ccc(NC(C)=O)cc3)n2)cc1,8500.0,intermediate,517.6110000000002,4.644400000000004,2.0,7.0
CHEMBL1085465,CCCc1cc(N2CCC=N2)ccc1C(=O)O/N=C(\N)c1ccc(C(F)(F)F)cc1,13000.0,inactive,418.4190000000001,4.331100000000003,1.0,5.0
CHEMBL189875,COc1ccc(/N=C/c2cn(-c3ccc(OC)cc3)cc2/C=N/c2ccc(OC)cc2)cc1,14000.0,inactive,439.51500000000016,6.004300000000006,0.0,5.0
CHEMBL187017,Cc1cc(C2(c3cc(C)c(O)c(C)c3)CCCCC2)cc(C)c1O,15000.0,inactive,324.464,5.581680000000005,2.0,2.0
CHEMBL186349,Cc1c(/N=C/c2ccccc2O)cc2c(c1N)C(C)(C)CC2(C)C,16000.0,inactive,322.4520000000001,4.992320000000004,2.0,3.0
CHEMBL187370,CN(C)c1ccc(-c2c3cc(O)c(=O)cc-3oc3cc(O)c(O)cc23)cc1,22000.0,inactive,363.369,3.747600000000003,3.0,6.0
CHEMBL186400,Cc1nc(N)ncc1-c1nnnn1-c1ccc(-c2ccccc2)cc1,27000.0,inactive,329.367,2.676920000000001,1.0,6.0
CHEMBL328085,O=C(OC1Cc2c(O)cc(O)cc2OC1c1ccc(O)c(O)c1)c1cc(O)c(O)c(O)c1,28000.0,inactive,442.37600000000015,2.5276000000000005,7.0,10.0
CHEMBL1085702,Nc1ccc2c(c1)c(-c1ccccc1)[n+](CCCNCCCNCCCNc1c3c(nc4ccccc14)CCCC3)c1cc(N)ccc21.[Cl-],1.49,active,674.337,4.004500000000002,5.0,6.0
CHEMBL1085703,COc1ccccc1CN(C)CCCN(C)CCCNCCC[n+]1c(-c2ccccc2)c2cc(N)ccc2c2ccc(N)cc21.[Cl-],894.0,active,641.304,2.9482000000000026,3.0,6.0
CHEMBL3215602,Cl.Cl.Oc1c(CNCCCCCCCCCNc2c3c(nc4ccccc24)CCCC3)ccc2cccnc12,5.5,active,569.6210000000002,8.143400000000007,3.0,5.0
CHEMBL3215816,Cc1ccc2ccc(CNCCCCCCCCNc3c4c(nc5ccccc35)CCCC4)c(O)c2n1.Cl.Cl,0.5,active,569.6210000000003,8.061720000000001,3.0,5.0
CHEMBL3216469,Cl.Cl.Cl.Oc1c(CNCCCCCCCCCNc2c3c(nc4ccccc24)CCCC3)cc(Cl)c2cccnc12,1.0,active,640.5270000000003,9.2186,3.0,5.0
CHEMBL310555,Oc1cccc2cccnc12,100.0,active,145.16099999999997,1.9403999999999995,1.0,2.0
CHEMBL1171854,CN(C)c1cccc(OC(=O)Nc2ccccc2)c1,2500.0,intermediate,256.305,3.363500000000002,1.0,3.0
CHEMBL1172830,COS(=O)(=O)[O-].C[N+](C)(C)c1cccc(OC(=O)Nc2ccccc2)c1,1875.0,intermediate,382.43800000000005,2.5872,1.0,6.0
CHEMBL1173543,O=C(Nc1ccccc1)Oc1cccnc1,30000.0,inactive,214.224,2.692500000000001,1.0,3.0
CHEMBL1173603,C[n+]1cccc(OC(=O)Nc2ccccc2)c1.[Br-],30000.0,inactive,309.163,-0.8739999999999997,1.0,2.0
CHEMBL1173604,CNC(=O)Oc1ccc2c(c1)[C@]1(C)CC[N+](C)(C)C1N2C.[Br-],26.1,active,370.29099999999994,-1.0774999999999961,1.0,3.0
CHEMBL1173605,CN1c2ccc(OC(=O)Nc3ccccc3)cc2[C@]2(C)CC[N+](C)(C)C12.[Br-],25.4,active,432.36200000000014,0.8152000000000004,1.0,3.0
CHEMBL1172913,Cc1ccccc1NC(=O)Oc1ccc2c(c1)[C@]1(C)CC[N+](C)(C)C1N2C.[Br-],14.6,active,446.3890000000001,1.1236200000000007,1.0,3.0
CHEMBL1173624,CC(C)c1ccc(NC(=O)Oc2ccc3c(c2)[C@]2(C)CC[N+](C)(C)C2N3C)cc1.[Br-],145.0,active,474.44300000000015,1.9386000000000003,1.0,3.0
CHEMBL1173090,CC(C)c1ccc(NC(=O)Oc2ccc3c(c2)[C@]2(C)CC[N+](C)(CCc4ccccc4)C2N3C)cc1.[Br-],300.0,active,564.5680000000002,3.5515000000000025,1.0,3.0
CHEMBL1213295,O=C(CCCN1C(=O)c2ccccc2C1=O)N1CCCCCC1,500.0,active,314.3850000000002,2.4654000000000007,0.0,3.0
CHEMBL1243360,CCOC(=O)C1=CN(C)c2cccc(OC(=O)N(C)C)c2C1,7.0,active,304.3460000000001,2.1863,0.0,5.0
CHEMBL1243329,CNC(=O)Oc1ccc2c(c1)SC[C@@H]1CCN(C)[C@H]21,8.11,active,278.37699999999995,2.503300000000001,1.0,4.0
CHEMBL1243359,CNC(=O)Oc1ccc2c(c1)CC[C@@H]1CCN(C)[C@H]21,17.3,active,260.33699999999993,2.3438000000000008,1.0,3.0
CHEMBL1240668,C[C@H](c1cccc(OC(=O)N(C)C)c1)N1CCCCC1,32.0,active,276.38,3.2939000000000025,0.0,3.0
CHEMBL1243297,C[C@@]12CCN(Cc3ccccc3)[C@@H]1N(Cc1ccccc1)c1ccc(OC(=O)Nc3ccccc3)cc12,41130.0,inactive,489.6190000000002,6.807400000000007,1.0,4.0
CHEMBL1243269,CNC(=O)Oc1ccc2c(c1)[C@@]1(C)CCN(C)[C@@H]1N2C,9887.0,intermediate,275.352,1.7739,1.0,4.0
CHEMBL1243268,CC(C)c1ccc(NC(=O)Oc2ccc3c(c2)C2(C)COC(O3)O2)cc1,4300.0,intermediate,355.3900000000001,4.358900000000004,1.0,5.0
CHEMBL1243234,CNC(=O)Oc1ccc2c(c1)[C@]1(C)CCN(Cc3ccccc3)[C@@H]1N2Cc1ccccc1,3560.0,intermediate,427.54800000000006,4.914700000000005,1.0,4.0
CHEMBL1243388,O=C(Nc1ccccc1Cl)Oc1ccc2c(c1)CCCN2Cc1ccccc1,3310.0,intermediate,392.8860000000002,5.903700000000004,1.0,3.0
CHEMBL1243170,CNC(=O)Oc1ccc2c(c1)[C@]1(C)CCN(C)[C@@H]1N2C=O,2500.0,intermediate,289.335,1.3005,1.0,4.0
CHEMBL1243140,Cc1ccccc1NC(=O)Oc1ccc2c(c1)[C@]1(C)CCN[C@@H]1N2,830.0,active,323.396,3.6085200000000013,3.0,4.0
CHEMBL1241457,CCNC(=O)Oc1ccc2c(c1)C1(C)COC(O2)O1,387.5,active,265.26499999999993,1.7329,1.0,5.0
CHEMBL1243203,CN1CC[C@@]2(C)c3cc(OC(=O)Nc4ccccc4)ccc3N(C=O)[C@@H]12,330.0,active,351.40600000000006,3.193200000000002,1.0,4.0
CHEMBL1243111,CN1CC[C@@]2(C)c3cc(OC(=O)Nc4ccccc4)ccc3N(Cc3ccccc3)[C@@H]12,245.3,active,413.52100000000013,5.2370000000000045,1.0,4.0
CHEMBL1243076,CNC(=O)Oc1ccc2c(c1)[C@]1(C)CCN(C)[C@@H]1N2Cc1ccccc1,160.8,active,351.45000000000005,3.3443000000000023,1.0,4.0
CHEMBL1243298,CN1CC[C@@]2(C)c3cc(OC(=O)N4CCc5ccccc5C4)ccc3N(C)[C@@H]12,148.0,active,377.4880000000001,3.6128000000000027,0.0,4.0
CHEMBL519475,CCc1ccccc1NC(=O)Oc1ccc2c(c1)[C@]1(C)CC[N+](C)([O-])[C@@H]1N2C,125.0,active,381.47600000000017,4.241600000000004,1.0,4.0
CHEMBL295462,CNC(=O)Oc1ccc2c(c1)c(C)cn2Nc1ccncc1F,100.0,active,314.32,3.0772200000000014,2.0,4.0
CHEMBL1241427,CNC(=O)Oc1ccc2c(c1)[C@]1(C)CCN(C)[C@@H]1N2,56.7,active,261.32499999999993,1.7496,2.0,4.0
CHEMBL1243012,Cc1ccccc1NC(=O)Oc1ccc2c(c1)[C@]1(C)CCN(C)[C@@H]1N2,40.0,active,337.42300000000006,3.950720000000003,2.0,4.0
CHEMBL1257997,CCNc1c2c(nc3ccc(OC)cc13)CCCC2.Cl,66000.0,inactive,292.8099999999999,3.9758000000000027,1.0,3.0
CHEMBL1257996,CCCNc1c2c(nc3ccc(OC)cc13)CCCC2.Cl,9200.0,intermediate,306.83700000000005,4.365900000000004,1.0,3.0
CHEMBL1257887,CCCCNc1c2c(nc3ccc(OC)cc13)CCCC2.Cl,21000.0,inactive,320.8640000000001,4.756000000000005,1.0,3.0
CHEMBL1257886,CCCCCNc1c2c(nc3ccc(OC)cc13)CCCC2.Cl,6700.0,intermediate,334.89100000000013,5.146100000000005,1.0,3.0
CHEMBL1257885,CCCCCCNc1c2c(nc3ccc(OC)cc13)CCCC2.Cl,100.0,active,348.9180000000002,5.536200000000006,1.0,3.0
CHEMBL1257767,CCCCCCCNc1c2c(nc3ccc(OC)cc13)CCCC2.Cl,270.0,active,362.9450000000002,5.926300000000007,1.0,3.0
CHEMBL1257766,CCCCCCCCNc1c2c(nc3ccc(OC)cc13)CCCC2.Cl,360.0,active,376.97200000000015,6.316400000000007,1.0,3.0
CHEMBL1257644,CCCCCCCCCNc1c2c(nc3ccc(OC)cc13)CCCC2.Cl,1600.0,intermediate,390.9990000000002,6.706500000000007,1.0,3.0
CHEMBL1257413,CCCCCCCCCCCCCNc1c2c(nc3ccc(OC)cc13)CCCC2.Cl,100000.0,inactive,447.10700000000026,8.266900000000005,1.0,3.0
CHEMBL1257525,CCCCCCCCCCCCNc1c2c(nc3ccc(OC)cc13)CCCC2.Cl,1000.0,active,433.0800000000002,7.8768000000000065,1.0,3.0
CHEMBL1257412,CCCCCCCCCCCCCCNc1c2c(nc3ccc(OC)cc13)CCCC2.Cl,46000.0,inactive,461.1340000000002,8.657000000000004,1.0,3.0
CHEMBL1256415,COc1ccc2nc3c(c(N)c2c1)CCCC3,15000.0,inactive,228.29499999999993,2.7044000000000006,1.0,3.0
CHEMBL1276594,O=P(NN1CCOCC1)(NN1CCOCC1)Oc1ccccc1,9550000.0,inactive,342.336,0.8471000000000004,2.0,6.0
CHEMBL1276534,O=C(NP(=O)(NN1CCOCC1)NN1CCOCC1)c1ccccc1,18620000.0,inactive,369.3620000000001,0.19810000000000083,3.0,6.0
CHEMBL1276567,O=C(NP(=O)(NN1CCCCC1)NN1CCCCC1)c1ccccc1,1950000.0,inactive,365.4180000000001,2.5054999999999996,3.0,4.0
CHEMBL1275924,O=P(O)(NN1CCCCC1)Oc1ccccc1,5490000.0,inactive,256.24199999999996,2.1563,2.0,3.0
CHEMBL1289045,COc1cc2c(cc1OC)C(=O)C1(C2)C(c2ccc(F)cc2)CN(C)C12C(=O)Nc1ccccc12,2120.0,intermediate,472.5160000000002,4.1449000000000025,1.0,5.0
CHEMBL1289159,COc1ccc(C2CN(C)C3(C(=O)Nc4ccccc43)C23Cc2cc(OC)c(OC)cc2C3=O)cc1OC,4200.0,intermediate,514.5780000000004,4.023000000000003,1.0,7.0
CHEMBL1289160,COc1cc2c(cc1OC)C(=O)C1(C2)C(c2ccccc2)CN(C)C12C(=O)Nc1ccccc12,3120.0,intermediate,454.5260000000002,4.0058000000000025,1.0,5.0
CHEMBL1289273,COc1cc2c(cc1OC)C(=O)C1(C2)C(c2ccccc2Cl)CN(C)C12C(=O)Nc1ccccc12,4300.0,intermediate,488.97100000000023,4.659200000000004,1.0,5.0
CHEMBL1289274,COc1cc2c(cc1OC)C(=O)C1(C2)C(c2ccc(F)cc2)CN(C)C12C(=O)Nc1ccc(Cl)cc12,3700.0,intermediate,506.9610000000002,4.798300000000004,1.0,5.0
CHEMBL1289391,COc1ccc(C2CN(C)C3(C(=O)Nc4ccc(Cl)cc43)C23Cc2cc(OC)c(OC)cc2C3=O)cc1OC,4200.0,intermediate,549.0230000000004,4.6764000000000046,1.0,7.0
CHEMBL1289392,COc1cc2c(cc1OC)C(=O)C1(C2)C(c2ccccc2)CN(C)C12C(=O)Nc1ccc(Cl)cc12,11200.0,inactive,488.9710000000002,4.659200000000004,1.0,5.0
CHEMBL1289506,COc1cc2c(cc1OC)C(=O)C1(C2)C(c2ccccc2Cl)CN(C)C12C(=O)Nc1ccc(Cl)cc12,6600.0,intermediate,523.4160000000002,5.312600000000004,1.0,5.0
CHEMBL1289507,COc1cc2c(cc1OC)C(=O)C1(C2)C(c2ccc(F)cc2)CN(C)C12C(=O)Nc1ccc([N+](=O)[O-])cc12,8600.0,intermediate,517.5130000000003,4.053100000000002,1.0,7.0
CHEMBL1288821,COc1ccc(C2CN(C)C3(C(=O)Nc4ccc([N+](=O)[O-])cc43)C23Cc2cc(OC)c(OC)cc2C3=O)cc1OC,6100.0,intermediate,559.5750000000004,3.931200000000003,1.0,9.0
CHEMBL1289615,COc1cc2c(cc1OC)C(=O)C1(C2)C(c2ccccc2)CN(C)C12C(=O)Nc1ccc([N+](=O)[O-])cc12,13200.0,inactive,499.52300000000025,3.9140000000000024,1.0,7.0
CHEMBL1289719,COc1cc2c(cc1OC)C(=O)C1(C2)C(c2ccccc2Cl)CN(C)C12C(=O)Nc1ccc([N+](=O)[O-])cc12,7600.0,intermediate,533.9680000000003,4.567400000000004,1.0,7.0
CHEMBL1289825,COc1cc2c(cc1OC)C(=O)C1(C2)C(c2ccc(F)cc2)C(c2ccccc2)NC12C(=O)Nc1ccccc12,6860.0,intermediate,534.5870000000001,5.544000000000005,2.0,5.0
CHEMBL1288822,COc1ccc(C2C(c3ccccc3)NC3(C(=O)Nc4ccccc43)C23Cc2cc(OC)c(OC)cc2C3=O)cc1OC,5200.0,intermediate,576.6490000000003,5.422100000000005,2.0,7.0
CHEMBL1289942,COc1cc2c(cc1OC)C(=O)C1(C2)C(c2ccccc2)C(c2ccccc2)NC12C(=O)Nc1ccccc12,5120.0,intermediate,516.5970000000001,5.404900000000004,2.0,5.0
CHEMBL1290043,COc1cc2c(cc1OC)C(=O)C1(C2)C(c2ccccc2Cl)C(c2ccccc2)NC12C(=O)Nc1ccccc12,7300.0,intermediate,551.0420000000001,6.058300000000006,2.0,5.0
CHEMBL1288823,COc1cc2c(cc1OC)C(=O)C1(C2)C(c2ccc(F)cc2)C(c2ccccc2)NC12C(=O)Nc1ccc(Cl)cc12,9860.0,intermediate,569.0320000000002,6.197400000000005,2.0,5.0
CHEMBL1288824,COc1ccc(C2C(c3ccccc3)NC3(C(=O)Nc4ccc(Cl)cc43)C23Cc2cc(OC)c(OC)cc2C3=O)cc1OC,8260.0,intermediate,611.0940000000003,6.075500000000006,2.0,7.0
CHEMBL1290152,COc1cc2c(cc1OC)C(=O)C1(C2)C(c2ccccc2)C(c2ccccc2)NC12C(=O)Nc1ccc(Cl)cc12,7260.0,intermediate,551.0420000000001,6.058300000000005,2.0,5.0
CHEMBL1288825,COc1cc2c(cc1OC)C(=O)C1(C2)C(c2ccccc2Cl)C(c2ccccc2)NC12C(=O)Nc1ccc(Cl)cc12,12200.0,inactive,585.4870000000001,6.711700000000006,2.0,5.0
CHEMBL1288826,COc1cc2c(cc1OC)C(=O)C1(C2)C(c2ccc(F)cc2)C(c2ccccc2)NC12C(=O)Nc1ccc([N+](=O)[O-])cc12,14300.0,inactive,579.5840000000002,5.452200000000005,2.0,7.0
CHEMBL1288827,COc1ccc(C2C(c3ccccc3)NC3(C(=O)Nc4ccc([N+](=O)[O-])cc43)C23Cc2cc(OC)c(OC)cc2C3=O)cc1OC,15370.0,inactive,621.6460000000003,5.330300000000005,2.0,9.0
CHEMBL1288828,COc1cc2c(cc1OC)C(=O)C1(C2)C(c2ccccc2)C(c2ccccc2)NC12C(=O)Nc1ccc([N+](=O)[O-])cc12,3700.0,intermediate,561.5940000000002,5.313100000000004,2.0,7.0
CHEMBL1288829,COc1cc2c(cc1OC)C(=O)C1(C2)C(c2ccccc2Cl)C(c2ccccc2)NC12C(=O)Nc1ccc([N+](=O)[O-])cc12,4200.0,intermediate,596.0390000000001,5.966500000000006,2.0,7.0
CHEMBL1642977,CC(C)(C)c1cc[n+](CCCCCCCC[n+]2ccc(C(C)(C)C)cc2)cc1.[Br-].[Br-],5.0,active,542.444,-0.09459999999999447,0.0,0.0
CHEMBL594629,CC(C)(C)c1cc[n+](CCCCCCCCCCCC[n+]2ccc(C(C)(C)C)cc2)cc1.[Br-].[Br-],7.0,active,598.5520000000001,1.4658000000000049,0.0,0.0
CHEMBL1642979,CC(C)(C)c1cc[n+](CCCCCCCCCC[n+]2ccc(C(C)(C)C)cc2)cc1.[Br-].[Br-],12.0,active,570.498,0.6856000000000049,0.0,0.0
CHEMBL1642976,CC(C)(C)c1cc[n+](CCCCCCC[n+]2ccc(C(C)(C)C)cc2)cc1.[Br-].[Br-],16.0,active,528.417,-0.48469999999999414,0.0,0.0
CHEMBL1642988,CC(C)(C)c1cc[n+](/C=C2\C=CC3=CC/C(=C\[n+]4ccc(C(C)(C)C)cc4)C=C3C2)cc1.[Br-].[Br-],24.0,active,584.4400000000002,0.4630000000000025,0.0,0.0
CHEMBL1642980,CC(C)(C)c1cc[n+](CCCCCCCCCCC[n+]2ccc(C(C)(C)C)cc2)cc1.[Br-].[Br-],26.0,active,584.5250000000001,1.0757000000000043,0.0,0.0
CHEMBL1642975,CC(C)(C)c1cc[n+](CCCCCC[n+]2ccc(C(C)(C)C)cc2)cc1.[Br-].[Br-],32.0,active,514.3900000000001,-0.8747999999999938,0.0,0.0
CHEMBL1642978,CC(C)(C)c1cc[n+](CCCCCCCCC[n+]2ccc(C(C)(C)C)cc2)cc1.[Br-].[Br-],37.0,active,556.471,0.2955000000000052,0.0,0.0
CHEMBL1642987,CC(C)(C)c1cc[n+](Cc2ccc(C[n+]3ccc(C(C)(C)C)cc3)cc2)cc1.[Br-].[Br-],300.0,active,534.3800000000001,-1.0387999999999948,0.0,0.0
CHEMBL1642986,CC(C)(C)c1cc[n+](Cc2cccc(C[n+]3ccc(C(C)(C)C)cc3)c2)cc1.[Br-].[Br-],700.0,active,534.3800000000001,-1.0387999999999948,0.0,0.0
CHEMBL1642984,CC(C)(C)c1cc[n+](C/C=C\C[n+]2ccc(C(C)(C)C)cc2)cc1.[Cl-].[Cl-],2000.0,intermediate,395.418,-1.8789999999999927,0.0,0.0
CHEMBL1642983,CC(C)(C)c1cc[n+](C/C=C/C[n+]2ccc(C(C)(C)C)cc2)cc1.[Br-].[Br-],3400.0,intermediate,484.32,-1.8789999999999927,0.0,0.0
CHEMBL1642973,CC(C)(C)c1cc[n+](CCCC[n+]2ccc(C(C)(C)C)cc2)cc1.[Br-].[Br-],3700.0,intermediate,486.336,-1.654999999999993,0.0,0.0
CHEMBL1642985,CC(C)(C)c1cc[n+](Cc2ccccc2C[n+]2ccc(C(C)(C)C)cc2)cc1.[Br-].[Br-],10000.0,inactive,534.3800000000001,-1.038799999999994,0.0,0.0
CHEMBL1642981,CC(C)(C)c1cc[n+](COC[n+]2ccc(C(C)(C)C)cc2)cc1.[Cl-].[Cl-],12000.0,inactive,385.379,-2.5035999999999934,0.0,1.0
CHEMBL1642972,CC(C)(C)c1cc[n+](CCC[n+]2ccc(C(C)(C)C)cc2)cc1.[Br-].[Br-],14000.0,inactive,472.30899999999997,-2.0450999999999926,0.0,0.0
CHEMBL1642971,CC(C)(C)c1cc[n+](CC[n+]2ccc(C(C)(C)C)cc2)cc1.[Br-].[Br-],17000.0,inactive,458.282,-2.435199999999993,0.0,0.0
CHEMBL1642982,CC(C)(C)c1cc[n+](CCOCC[n+]2ccc(C(C)(C)C)cc2)cc1.[Br-].[Br-],19000.0,inactive,502.33500000000004,-2.4185999999999925,0.0,1.0
CHEMBL1642970,CC(C)(C)c1cc[n+](C[n+]2ccc(C(C)(C)C)cc2)cc1.[Br-].[Br-],20000.0,inactive,444.255,-2.6295999999999937,0.0,0.0
CHEMBL1642974,CC(C)(C)c1cc[n+](CCCCC[n+]2ccc(C(C)(C)C)cc2)cc1.[Br-].[Br-],24000.0,inactive,500.363,-1.2648999999999933,0.0,0.0
CHEMBL291233,O/N=C/c1cc[n+](COC[n+]2ccc(/C=N/O)cc2)cc1.[Cl-].[Cl-],577000.0,inactive,359.21299999999997,-5.482399999999997,2.0,5.0
CHEMBL1200970,CCN(CC)C(C)CN1c2ccccc2Sc2ccccc21.Cl,1020000.0,inactive,348.94300000000004,5.441400000000005,0.0,3.0
CHEMBL426113,O/N=C/c1cc[n+](CCC[n+]2ccc(/C=N/O)cc2)cc1.[Br-].[Br-],167000.0,inactive,446.14300000000003,-5.023899999999998,2.0,4.0
CHEMBL451825,O/N=C/c1cc[n+](C[n+]2ccc(/C=N/O)cc2)cc1.[Br-].[Br-],2010000.0,inactive,418.08900000000006,-5.608399999999998,2.0,4.0
CHEMBL397871,NC(=O)c1cc[n+](CCC[n+]2ccc(/C=N/O)cc2)cc1.[Br-].[Br-],711000.0,inactive,446.14300000000003,-5.733099999999996,2.0,3.0
CHEMBL238977,NC(=O)c1cc[n+](C/C=C/C[n+]2ccc(/C=N/O)cc2)cc1.[Br-].[Br-],566000.0,inactive,458.154,-5.566999999999996,2.0,3.0
CHEMBL1644323,O/N=C/c1cc[n+](CCC[n+]2ccc(-c3ccccc3)cc2)cc1.[Br-].[Br-],112000.0,inactive,479.216,-3.1649999999999956,1.0,2.0
CHEMBL1644325,CC(=O)c1cc[n+](CCC[n+]2ccc(/C=N/O)cc2)cc1.[Br-].[Br-],105000.0,inactive,445.15500000000003,-4.629399999999997,1.0,3.0
CHEMBL1644328,N/C(=N\O)c1cc[n+](CCC[n+]2ccc(/C=N/O)cc2)cc1.[Br-].[Br-],291000.0,inactive,461.158,-5.737499999999996,3.0,4.0
CHEMBL1651042,CC(=O)O[C@H]1C[C@@H]2C(=CC[C@]3(C)[C@@H]([C@H](C)N(C)C)[C@H](O)C[C@@]23C)C[C@@]23O[C@@H]2[C@H]2OC[C@](C)([C@H]2NC(=O)c2ccccc2)[C@H]13,3000.0,intermediate,592.7770000000004,3.972800000000003,2.0,7.0
CHEMBL1651043,C[C@@H]([C@H]1[C@H](O)C[C@@]2(C)[C@@H]3C[C@H](O)[C@H]4[C@]5(C)CO[C@]4(C=C[C@@H]5NC(=O)c4ccccc4)CC3=CC[C@]12C)N(C)C,8500.0,intermediate,534.7410000000002,4.190800000000004,3.0,5.0
CHEMBL1651044,C[C@@H]([C@H]1[C@H](O)C[C@@]2(C)[C@@H]3C=C[C@H]4C(C)(C)[C@@H](N(C)C)[C@H](O)C[C@@]45C[C@@]35CC[C@]12C)N(C)C,22900.0,inactive,444.70400000000035,4.023400000000003,2.0,4.0
CHEMBL1651045,C[C@@H]1[C@@H]2CC[C@@H]3C(=CC[C@]4(C)[C@@H]([C@H](C)N(C)C)[C@H](O)C[C@@]34C)C=C2CC[C@@H]1N(C)C,25800.0,inactive,414.6780000000003,4.972700000000005,1.0,3.0
CHEMBL1651046,C[C@@H]([C@H]1[C@H](O)C[C@@]2(C)[C@@H]3CC[C@@H]4C(=CC3=CC[C@]12C)CC[C@H](N(C)C)C4(C)C)N(C)C,29800.0,inactive,428.7050000000002,5.362800000000005,1.0,3.0
CHEMBL1651041,CC(=O)O[C@@H]1C[C@@]2(C)[C@@H]3C[C@H]4OC[C@@]5(C)[C@@H](NC(=O)c6ccccc6)C=C[C@@](O)(CC3=CC[C@]2(C)[C@H]1[C@H](C)N(C)C)[C@@H]45,14000.0,inactive,576.7780000000001,4.761600000000005,2.0,6.0
CHEMBL1651040,CC(=O)O[C@@H]1C[C@@]2(C)[C@@H]3CC[C@H]4[C@](C)(CO)[C@@H](NC(=O)c5ccccc5)C=C[C@]4(O)CC3=CC[C@]2(C)[C@H]1[C@H](C)N(C)C,30200.0,inactive,578.7940000000002,4.745200000000005,3.0,6.0
CHEMBL1651047,C[C@@H]([C@H]1CC[C@@]2(C)[C@@H]3CC[C@@H]4C(=CC3=CC[C@]12C)CC[C@H](N(C)C)C4(C)C)N(C)C,80000.0,inactive,412.7060000000002,6.392000000000007,0.0,2.0
CHEMBL1651048,C/C=C1/C(=O)C[C@@]2(C)[C@@H]3CC[C@H]4C(C)(C)[C@@H](N(C)C)CC[C@@]45C[C@@]35CC[C@]12C,58200.0,inactive,383.6200000000003,5.864800000000007,0.0,2.0
CHEMBL1651038,CN[C@H]1CCC2=CC3=CC[C@]4(C)[C@@H]([C@H](C)N(C)C)[C@H](O)C[C@@]4(C)[C@@H]3CC[C@H]2C1(C)C,40000.0,inactive,414.6780000000002,5.020600000000005,2.0,3.0
CHEMBL1651125,O=C(CCC1CCN(Cc2ccccc2)CC1)c1ccc2c(c1)NC(c1ccccc1)N2,33.11,active,425.5760000000001,6.097900000000006,2.0,4.0
CHEMBL1196495,O=C(CCC1CCN(Cc2ccccc2)CC1)c1ccc2c(c1)OCCO2,30.2,active,365.4730000000002,4.332900000000004,0.0,4.0
CHEMBL1651126,O=C(CCC1CCN(Cc2ccccc2)CC1)c1ccc2c(c1)CNCCC2,22.91,active,376.5440000000002,4.597500000000004,1.0,3.0
CHEMBL1651127,O=C(CCC1CCN(Cc2ccccc2)CC1)c1ccc2c(c1)CCNCC2,25.12,active,376.5440000000002,4.249900000000003,1.0,3.0
CHEMBL1651128,O=C(CCC1CCN(Cc2ccccc2)CC1)c1ccc2c(c1)CNCCO2,39.81,active,378.5160000000002,4.043700000000003,1.0,4.0
CHEMBL1651129,O=C(CCC1CCN(Cc2ccccc2)CC1)c1cc2c3c(c1)CC(=O)N3CCC2,3.631,active,402.5380000000003,4.397000000000004,0.0,3.0
CHEMBL1651130,O=C(CCC1CCN(Cc2ccccc2)CC1)c1cc2c3c(c1)CCN3C(=O)CC2,9.772,active,402.5380000000003,4.397000000000004,0.0,3.0
CHEMBL1651131,O=C(CCC1CCN(Cc2ccccc2F)CC1)c1cc2c3c(ccn3C(=O)CC2)c1,2.512,active,418.5120000000002,5.2419000000000056,0.0,3.0
CHEMBL1651132,O=C(CCC1CCN(Cc2cccc(F)c2)CC1)c1cc2c3c(ccn3C(=O)CC2)c1,1.288,active,418.5120000000002,5.2419000000000056,0.0,3.0
CHEMBL1651133,O=C(CCC1CCN(Cc2ccccc2Cl)CC1)c1cc2c3c(ccn3C(=O)CC2)c1,5.129,active,434.9670000000003,5.756200000000005,0.0,3.0
CHEMBL1651134,O=C(CCC1CCN(Cc2cccc(Cl)c2)CC1)c1cc2c3c(ccn3C(=O)CC2)c1,4.898,active,434.9670000000003,5.756200000000005,0.0,3.0
CHEMBL1651135,O=C(CCC1CCN(Cc2ccc(Cl)cc2)CC1)c1cc2c3c(ccn3C(=O)CC2)c1,151.36,active,434.9670000000003,5.756200000000005,0.0,3.0
CHEMBL1651136,COc1ccccc1CN1CCC(CCC(=O)c2cc3c4c(ccn4C(=O)CC3)c2)CC1,64.57,active,430.54800000000023,5.111400000000005,0.0,4.0
CHEMBL1651137,COc1cccc(CN2CCC(CCC(=O)c3cc4c5c(ccn5C(=O)CC4)c3)CC2)c1,125.89,active,430.54800000000023,5.111400000000005,0.0,4.0
CHEMBL1651138,COc1ccc(CN2CCC(CCC(=O)c3cc4c5c(ccn5C(=O)CC4)c3)CC2)cc1,346.74,active,430.54800000000023,5.111400000000005,0.0,4.0
CHEMBL1651139,O=C(CCC1CCN(Cc2ccccc2O)CC1)c1cc2c3c(ccn3C(=O)CC2)c1,1.096,active,416.52100000000024,4.808400000000004,1.0,4.0
CHEMBL1651140,O=C(CCC1CCN(Cc2cccc(O)c2)CC1)c1cc2c3c(ccn3C(=O)CC2)c1,8.71,active,416.52100000000024,4.808400000000004,1.0,4.0
CHEMBL1651141,O=C(CCC1CCN(Cc2ccccc2[N+](=O)[O-])CC1)c1cc2c3c(ccn3C(=O)CC2)c1,89.13,active,445.51900000000035,5.011000000000005,0.0,5.0
CHEMBL1651243,O=C(CCC1CCN(Cc2cccc([N+](=O)[O-])c2)CC1)c1cc2c3c(ccn3C(=O)CC2)c1,2.884,active,445.51900000000035,5.011000000000005,0.0,5.0
CHEMBL1651244,O=C(CCC1CCN(Cc2ccccc2)CC1)c1cc2c3c(c1)CCC(=O)N3CCC2,15.85,active,416.56500000000034,4.787100000000005,0.0,3.0
CHEMBL1651245,O=C(CCC1CCN(Cc2ccccc2)CC1)c1cc2c3c(c1)CCN3C(=O)CCC2,52.48,active,416.56500000000034,4.787100000000004,0.0,3.0
CHEMBL1179697,CN1C(=O)Cc2cc3c(CCC4CCN(Cc5ccccc5)CC4)noc3cc21,0.4786,active,389.49900000000014,4.191500000000003,0.0,4.0
CHEMBL1651246,CS(=O)(=O)Nc1ccc2c(CCC3CCN(Cc4ccccc4)CC3)noc2c1,14.13,active,413.5430000000001,4.044100000000003,1.0,5.0
CHEMBL1651247,c1ccc(CN2CCC(CCc3noc4cc(C5CCCCC5)ccc34)CC2)cc1,0.7943,active,402.5820000000003,6.720300000000007,0.0,3.0
CHEMBL1651248,O=C(CCC1CCN(Cc2ccc(F)cc2)CC1)c1cc2c3c(ccn3C(=O)CC2)c1,4.571,active,418.5120000000002,5.2419000000000056,0.0,3.0
CHEMBL1651249,O=C(CCC1CCN(Cc2ccc(O)cc2)CC1)c1cc2c3c(ccn3C(=O)CC2)c1,0.4898,active,416.52100000000024,4.808400000000005,1.0,4.0
CHEMBL1651250,O=C(CCC1CCN(Cc2ccc([N+](=O)[O-])cc2)CC1)c1cc2c3c(ccn3C(=O)CC2)c1,42.66,active,445.51900000000035,5.011000000000005,0.0,5.0
CHEMBL1669479,C[N+](C)(CCNC(=O)C(=O)NCC[N+](C)(C)Cc1ccccc1Cl)Cc1ccccc1Cl.[Cl-].[Cl-],0.7,active,552.374,-2.9131999999999927,2.0,2.0
CHEMBL1669480,[Br-].[Br-].c1ccc2c[n+](C[n+]3ccc4ccccc4c3)ccc2c1,654000.0,inactive,432.1590000000001,-2.9181999999999952,0.0,0.0
CHEMBL1669481,[Br-].[Br-].c1ccc2c[n+](CCC[n+]3ccc4ccccc4c3)ccc2c1,446000.0,inactive,460.2130000000002,-2.333699999999994,0.0,0.0
CHEMBL1669482,[Br-].[Br-].c1ccc2c[n+](CCCC[n+]3ccc4ccccc4c3)ccc2c1,36000.0,inactive,474.24000000000024,-1.943599999999994,0.0,0.0
CHEMBL1669483,[Br-].[Br-].c1ccc2c[n+](CCCCC[n+]3ccc4ccccc4c3)ccc2c1,13000.0,inactive,488.2670000000003,-1.5534999999999943,0.0,0.0
CHEMBL1669484,[Br-].[Br-].c1ccc2c[n+](CCCCCC[n+]3ccc4ccccc4c3)ccc2c1,300.0,active,502.2940000000003,-1.1633999999999947,0.0,0.0
CHEMBL1669485,[Br-].[Br-].c1ccc2c[n+](CCCCCCC[n+]3ccc4ccccc4c3)ccc2c1,500.0,active,516.3210000000004,-0.773299999999995,0.0,0.0
CHEMBL1669486,[Br-].[Br-].c1ccc2c[n+](CCCCCCCC[n+]3ccc4ccccc4c3)ccc2c1,5.0,active,530.3480000000004,-0.38319999999999554,0.0,0.0
CHEMBL104553,[Br-].[Br-].c1ccc2c[n+](CCCCCCCCC[n+]3ccc4ccccc4c3)ccc2c1,40.0,active,544.3750000000005,0.006900000000004125,0.0,0.0
CHEMBL1643944,[Br-].[Br-].c1ccc2c[n+](CCCCCCCCCC[n+]3ccc4ccccc4c3)ccc2c1,50.0,active,558.4020000000005,0.3970000000000038,0.0,0.0
CHEMBL104613,[Br-].[Br-].c1ccc2c[n+](CCCCCCCCCCC[n+]3ccc4ccccc4c3)ccc2c1,100.0,active,572.4290000000005,0.7871000000000035,0.0,0.0
CHEMBL105537,[Br-].[Br-].c1ccc2c[n+](CCCCCCCCCCCC[n+]3ccc4ccccc4c3)ccc2c1,137000.0,inactive,586.4560000000005,1.1772000000000031,0.0,0.0
CHEMBL1669487,[Cl-].[Cl-].c1ccc2c[n+](COC[n+]3ccc4ccccc4c3)ccc2c1,2000.0,intermediate,373.2830000000001,-2.792199999999994,0.0,1.0
CHEMBL1669488,[Br-].[Br-].c1ccc2c[n+](CCOCC[n+]3ccc4ccccc4c3)ccc2c1,1310000.0,inactive,490.23900000000026,-2.707199999999993,0.0,1.0
CHEMBL1669489,C(=C/C[n+]1ccc2ccccc2c1)\C[n+]1ccc2ccccc2c1.[Br-].[Br-],7000.0,intermediate,472.224,-2.1675999999999958,0.0,0.0
CHEMBL1669490,C(=C\C[n+]1ccc2ccccc2c1)\C[n+]1ccc2ccccc2c1.[Cl-].[Cl-],17000.0,inactive,383.322,-2.1675999999999958,0.0,0.0
CHEMBL1669491,[Br-].[Br-].c1ccc(C[n+]2ccc3ccccc3c2)c(C[n+]2ccc3ccccc3c2)c1,250000.0,inactive,522.2840000000002,-1.3273999999999941,0.0,0.0
CHEMBL1669492,[Br-].[Br-].c1cc(C[n+]2ccc3ccccc3c2)cc(C[n+]2ccc3ccccc3c2)c1,8000.0,intermediate,522.2840000000002,-1.3273999999999941,0.0,0.0
CHEMBL1669493,[Br-].[Br-].c1ccc2c[n+](Cc3ccc(C[n+]4ccc5ccccc5c4)cc3)ccc2c1,12000.0,inactive,522.2840000000002,-1.3273999999999941,0.0,0.0
CHEMBL1669494,[Br-].[Br-].c1ccc2c[n+](Cc3ccc4ccc(C[n+]5ccc6ccccc6c5)cc4c3)ccc2c1,300.0,active,572.3440000000003,-0.17419999999999614,0.0,0.0
CHEMBL1668333,CC(C)=CC(=O)C[C@H](C)c1ccc(C)cc1,191100.0,inactive,216.324,4.023920000000003,0.0,1.0
CHEMBL1668334,Cc1ccc([C@@H](C)CC(=O)CC(C)C)cc1,81500.0,inactive,218.34,4.103820000000003,0.0,1.0
CHEMBL1761991,[Br-].[Br-].c1ccc2c(c1)ccc[n+]2CCC[n+]1cccc2ccccc21,9000.0,intermediate,460.21300000000025,-2.333699999999994,0.0,0.0
CHEMBL1761992,[Br-].[Br-].c1ccc2c(c1)ccc[n+]2CCCC[n+]1cccc2ccccc21,38000.0,inactive,474.2400000000003,-1.943599999999994,0.0,0.0
CHEMBL1761993,[Br-].[Br-].c1ccc2c(c1)ccc[n+]2CCCCC[n+]1cccc2ccccc21,4000.0,intermediate,488.26700000000034,-1.5534999999999943,0.0,0.0
CHEMBL601410,[Br-].[Br-].c1ccc2c(c1)ccc[n+]2CCCCCC[n+]1cccc2ccccc21,25000.0,inactive,502.2940000000004,-1.1633999999999947,0.0,0.0
CHEMBL1761994,[Br-].[Br-].c1ccc2c(c1)ccc[n+]2CCCCCCC[n+]1cccc2ccccc21,90.0,active,516.3210000000004,-0.773299999999995,0.0,0.0
CHEMBL1761995,[Br-].[Br-].c1ccc2c(c1)ccc[n+]2CCCCCCCC[n+]1cccc2ccccc21,80.0,active,530.3480000000004,-0.38319999999999554,0.0,0.0
CHEMBL105017,[Br-].[Br-].c1ccc2c(c1)ccc[n+]2CCCCCCCCC[n+]1cccc2ccccc21,80.0,active,544.3750000000005,0.006900000000004125,0.0,0.0
CHEMBL225577,[Br-].[Br-].c1ccc2c(c1)ccc[n+]2CCCCCCCCCC[n+]1cccc2ccccc21,1.0,active,558.4020000000005,0.3970000000000038,0.0,0.0
CHEMBL105257,[Br-].[Br-].c1ccc2c(c1)ccc[n+]2CCCCCCCCCCC[n+]1cccc2ccccc21,10.0,active,572.4290000000005,0.7871000000000035,0.0,0.0
CHEMBL104387,[Br-].[Br-].c1ccc2c(c1)ccc[n+]2CCCCCCCCCCCC[n+]1cccc2ccccc21,20.0,active,586.4560000000006,1.1772000000000031,0.0,0.0
CHEMBL1761996,[Cl-].[Cl-].c1ccc2c(c1)ccc[n+]2COC[n+]1cccc2ccccc21,418000.0,inactive,373.2830000000001,-2.792199999999994,0.0,1.0
CHEMBL1761997,[Br-].[Br-].c1ccc2c(c1)ccc[n+]2CCOCC[n+]1cccc2ccccc21,35000.0,inactive,490.2390000000003,-2.707199999999993,0.0,1.0
CHEMBL1761998,C(=C/C[n+]1cccc2ccccc21)\C[n+]1cccc2ccccc21.[Br-].[Br-],6000.0,intermediate,472.224,-2.1675999999999958,0.0,0.0
CHEMBL1761999,C(=C\C[n+]1cccc2ccccc21)\C[n+]1cccc2ccccc21.[Cl-].[Cl-],2000.0,intermediate,383.322,-2.1675999999999958,0.0,0.0
CHEMBL1762000,[Br-].[Br-].c1ccc(C[n+]2cccc3ccccc32)c(C[n+]2cccc3ccccc32)c1,35000.0,inactive,522.2840000000002,-1.3273999999999941,0.0,0.0
CHEMBL1762001,[Br-].[Br-].c1cc(C[n+]2cccc3ccccc32)cc(C[n+]2cccc3ccccc32)c1,40000.0,inactive,522.2840000000002,-1.3273999999999941,0.0,0.0
CHEMBL1762003,[Br-].[Br-].c1ccc2c(c1)ccc[n+]2Cc1ccc2ccc(C[n+]3cccc4ccccc43)cc2c1,800.0,active,572.3440000000003,-0.17419999999999525,0.0,0.0
CHEMBL1555,Br.COc1ccc2c3c1O[C@H]1C[C@@H](O)C=C[C@@]31CCN(C)C2,3800.0,intermediate,368.2710000000002,2.4282000000000004,1.0,4.0
CHEMBL1766151,CC1CCN(c2nccc(NCc3cccc4ccccc34)n2)CC1,25800.0,inactive,332.45100000000014,4.478200000000003,1.0,4.0
CHEMBL1084213,CN1CCN(c2nccc(NCc3cccc4ccccc34)n2)CC1,17500.0,inactive,333.43900000000014,2.9937000000000014,1.0,5.0
CHEMBL1084212,c1ccc2c(CNc3ccnc(N4CCSCC4)n3)cccc2c1,12800.0,inactive,336.46400000000006,3.7951000000000024,1.0,5.0
CHEMBL1084211,c1ccc2c(CNc3ccnc(N4CCOCC4)n3)cccc2c1,14700.0,inactive,320.39599999999996,3.078500000000002,1.0,5.0
CHEMBL1084210,c1ccc2c(CNc3ccnc(N4CCCC4)n3)cccc2c1,5500.0,intermediate,304.397,3.842100000000003,1.0,4.0
CHEMBL1766150,CC(=O)N1CCN(c2nccc(NCCc3ccccc3)n2)CC1,19900.0,inactive,325.4160000000001,1.7996999999999994,1.0,5.0
CHEMBL1082981,CC1CCN(c2nccc(NCCc3ccccc3)n2)CC1,8800.0,intermediate,296.41800000000006,3.3675000000000024,1.0,4.0
CHEMBL1082980,CN1CCN(c2nccc(NCCc3ccccc3)n2)CC1,20400.0,inactive,297.40600000000006,1.8829999999999996,1.0,5.0
CHEMBL1082979,c1ccc(CCNc2ccnc(N3CCSCC3)n2)cc1,26400.0,inactive,300.43100000000004,2.684400000000001,1.0,5.0
CHEMBL1085505,c1ccc(CCNc2ccnc(N3CCOCC3)n2)cc1,19700.0,inactive,284.36299999999994,1.9678,1.0,5.0
CHEMBL1082978,c1ccc(CCNc2ccnc(N3CCCC3)n2)cc1,9800.0,intermediate,268.364,2.7314000000000007,1.0,4.0
CHEMBL1766149,c1ccc(CNc2ccnc(N3CCNCC3)n2)cc1,15500.0,inactive,269.3519999999999,1.4982999999999995,2.0,5.0
CHEMBL1766148,O=S1(=O)CCN(c2nccc(NCc3ccccc3)n2)CC1,24200.0,inactive,318.4020000000001,1.3235,1.0,6.0
CHEMBL1766147,[O-][S+]1CCN(c2nccc(NCc3ccccc3)n2)CC1,12600.0,inactive,302.40300000000013,1.6574,1.0,5.0
CHEMBL1766146,c1ccc(CNc2ccnc(NC3CCN(Cc4ccccc4)CC3)n2)cc1,12400.0,inactive,373.5040000000001,4.165200000000003,2.0,5.0
CHEMBL1766145,FC(F)(F)c1ccc(CN2CCN(c3nccc(NCc4ccccc4)n3)CC2)cc1,28800.0,inactive,427.47400000000016,4.429700000000003,1.0,5.0
CHEMBL1766144,Fc1ccc(CN2CCN(c3nccc(NCc4ccccc4)n3)CC2)cc1,21600.0,inactive,377.46700000000016,3.5500000000000025,1.0,5.0
CHEMBL1766143,Brc1ccc(CN2CCN(c3nccc(NCc4ccccc4)n3)CC2)cc1,25500.0,inactive,438.37300000000016,4.173400000000003,1.0,5.0
CHEMBL1766142,Clc1ccc(CN2CCN(c3nccc(NCc4ccccc4)n3)CC2)cc1,20200.0,inactive,393.92200000000014,4.064300000000003,1.0,5.0
CHEMBL1766141,COCCN1CCN(c2nccc(NCc3ccccc3)n2)CC1,26700.0,inactive,327.43200000000013,1.8570999999999998,1.0,6.0
CHEMBL1766140,OCCN1CCN(c2nccc(NCc3ccccc3)n2)CC1,26400.0,inactive,313.40500000000014,1.2029999999999994,2.0,6.0
CHEMBL1766139,CCCN1CCN(c2nccc(NCc3ccccc3)n2)CC1,15300.0,inactive,311.4330000000001,2.620700000000001,1.0,5.0
CHEMBL1766020,CC(C)C1CCN(c2nccc(NCc3ccccc3)n2)CC1,14200.0,inactive,310.4450000000001,3.9611000000000027,1.0,4.0
CHEMBL1766019,CC(C)N1CCN(c2nccc(NCc3ccccc3)n2)CC1,25000.0,inactive,311.4330000000001,2.6191000000000004,1.0,5.0
CHEMBL1766018,c1ccc(CNc2ccnc(N3CCN(C4CCCCC4)CC3)n2)cc1,22900.0,inactive,351.4980000000001,3.5434000000000028,1.0,5.0
CHEMBL1766017,CC(C)(C)OC(=O)N1CCN(c2nccc(NCc3ccccc3)n2)CC1,18800.0,inactive,369.4690000000001,3.145800000000002,1.0,6.0
CHEMBL1766016,CC(=O)N1CCN(c2nccc(NCc3ccccc3)n2)CC1,16600.0,inactive,311.3890000000001,1.7571999999999994,1.0,5.0
CHEMBL1082977,CC1CCN(c2nccc(NCc3ccccc3)n2)CC1,18400.0,inactive,282.3910000000001,3.325000000000002,1.0,4.0
CHEMBL1084808,CN1CCN(c2nccc(NCc3ccccc3)n2)CC1,24900.0,inactive,283.3790000000001,1.8404999999999996,1.0,5.0
CHEMBL1086014,c1ccc(CNc2ccnc(N3CCSCC3)n2)cc1,23200.0,inactive,286.40399999999994,2.6419000000000006,1.0,5.0
CHEMBL1085781,c1ccc(CNc2ccnc(N3CCOCC3)n2)cc1,14000.0,inactive,270.3359999999999,1.9253,1.0,5.0
CHEMBL1085780,c1ccc(CNc2ccnc(N3CCCC3)n2)cc1,8700.0,intermediate,254.33699999999993,2.688900000000001,1.0,4.0
CHEMBL1770548,COc1cc(CNCCCNC2=CC(=O)C(NCCCNCc3ccc(O)c(OC)c3)=CC2=O)ccc1O,198.0,active,524.6180000000004,1.8734000000000015,6.0,10.0
CHEMBL1770549,COc1cc(CNCCCCCCNC2=CC(=O)C(NCCCCCCNCc3ccc(O)c(OC)c3)=CC2=O)ccc1O,102.0,active,608.7800000000004,4.214000000000003,6.0,10.0
CHEMBL1770550,O=C1C=C(NCCCNCc2cc3ccccc3o2)C(=O)C=C1NCCCNCc1cc2ccccc2o1,21800.0,inactive,512.6100000000004,3.937400000000002,4.0,8.0
CHEMBL1770551,O=C1C=C(NCCCCCCNCc2cc3ccccc3o2)C(=O)C=C1NCCCCCCNCc1cc2ccccc2o1,10000.0,inactive,596.7720000000004,6.278000000000006,4.0,8.0
CHEMBL1770552,O=C1C=C(NCCCNCc2nc3ccccc3s2)C(=O)C=C1NCCCNCc1nc2ccccc2s1,10000.0,inactive,546.7220000000003,3.6644000000000014,4.0,10.0
CHEMBL1770553,O=C1C=C(NCCCCCCNCc2nc3ccccc3s2)C(=O)C=C1NCCCCCCNCc1nc2ccccc2s1,22000.0,inactive,630.8840000000004,6.005000000000005,4.0,10.0
CHEMBL1770554,O=C1C=C(NCCCNCc2ccc(-c3nc4ccccc4s3)cc2)C(=O)C=C1NCCCNCc1ccc(-c2nc3ccccc3s2)cc1,31400.0,inactive,698.9180000000002,6.998400000000007,4.0,10.0
CHEMBL1770555,O=C1C=C(NCCCCCCNCc2ccc(-c3nc4ccccc4s3)cc2)C(=O)C=C1NCCCCCCNCc1ccc(-c2nc3ccccc3s2)cc1,305.0,active,783.0799999999998,9.339,4.0,10.0
CHEMBL188821,[Br-].[Br-].c1cc(C[n+]2ccc(N3CCCCC3)cc2)ccc1C[n+]1ccc(N2CCCCC2)cc1,75.0,active,588.4320000000001,-1.653199999999991,0.0,2.0
CHEMBL187404,[Br-].[Br-].c1cc(C[n+]2ccc(N3CCCCC3)cc2)cc(-c2cccc(C[n+]3ccc(N4CCCCC4)cc3)c2)c1,60.0,active,664.53,0.013800000000007584,0.0,2.0
CHEMBL1771549,[Br-].[Br-].c1cc(C[N+]23CCC(CC2)CC3)cc(-c2cccc(C[N+]34CCC(CC3)CC4)c2)c1,620.0,active,562.4340000000003,-0.3773999999999931,0.0,0.0
CHEMBL1771556,COc1cc2c(cc1OC)CN(c1cc[n+](Cc3ccc(C[n+]4ccc(N5CCCCC5)cc4)cc3)cc1)CC2.[Br-].[Br-],62.0,active,696.5280000000002,-1.063599999999993,0.0,4.0
CHEMBL1773478,CCN(CC)CC(=O)Nc1ccc(C(=O)c2ccc(CN(C)Cc3ccccc3)cc2)cc1,210.0,active,443.5910000000002,4.829900000000005,1.0,4.0
CHEMBL1773479,CN(Cc1ccccc1)Cc1ccc(C(=O)c2ccc(NC(=O)CN3CCCCC3)cc2)cc1,550.0,active,455.60200000000026,4.974000000000005,1.0,4.0
CHEMBL1773480,CN(Cc1ccccc1)Cc1ccc(C(=O)c2ccc(NC(=O)CN3CCOCC3)cc2)cc1,720.0,active,457.57400000000024,3.8203000000000022,1.0,5.0
CHEMBL1773481,CN(Cc1ccccc1)Cc1ccc(C(=O)c2ccc(NC(=O)CCCCN3CCCCC3)cc2)cc1,217.0,active,497.6830000000004,6.1443000000000065,1.0,4.0
CHEMBL1773482,CCN(CC)CCCOc1ccc(C(=O)c2ccc(CN(C)Cc3ccccc3)cc2)cc1,25.0,active,444.6190000000002,5.6603000000000065,0.0,4.0
CHEMBL1773483,CN(Cc1ccccc1)Cc1ccc(C(=O)c2ccc(OCCCN3CCCCC3)cc2)cc1,24.0,active,456.63000000000034,5.804400000000006,0.0,4.0
CHEMBL1773484,CN(Cc1ccccc1)Cc1ccc(C(=O)c2ccc(OCCCN3CCOCC3)cc2)cc1,107.0,active,458.6020000000003,4.650700000000004,0.0,5.0
CHEMBL1773485,CN(Cc1ccccc1)Cc1ccc(C(=O)c2ccc(OCCCN3CCC(n4c(=O)[nH]c5ccccc54)CC3)cc2)cc1,68.0,active,588.7520000000002,6.298600000000007,1.0,5.0
CHEMBL1773486,CCN(CC)CCCCCOc1ccc(C(=O)c2ccc(CN(C)Cc3ccccc3)cc2)cc1,144.0,active,472.6730000000002,6.440500000000007,0.0,4.0
CHEMBL1773487,CN(Cc1ccccc1)Cc1ccc(C(=O)c2ccc(OCCCCCN3CCCCC3)cc2)cc1,143.0,active,484.6840000000004,6.584600000000007,0.0,4.0
CHEMBL1773488,CCN(CC)CCCCCCOc1ccc(C(=O)c2ccc(CN(C)Cc3ccccc3)cc2)cc1,257.0,active,486.7000000000002,6.830600000000008,0.0,4.0
CHEMBL1773489,CN(Cc1ccccc1)Cc1ccc(C(=O)c2ccc(OCCCCCCN3CCCCC3)cc2)cc1,210.0,active,498.71100000000047,6.9747000000000074,0.0,4.0
CHEMBL1773490,CCN(CC)CCCCCCCOc1ccc(C(=O)c2ccc(CN(C)Cc3ccccc3)cc2)cc1,810.0,active,500.7270000000002,7.220700000000009,0.0,4.0
CHEMBL1773491,CN(Cc1ccccc1)Cc1ccc(C(=O)c2ccc(OCCCCCCCN3CCCCC3)cc2)cc1,110.0,active,512.7380000000005,7.364800000000009,0.0,4.0
CHEMBL1773492,CCN(CC)CCc1ccc(Oc2ccc(C(=O)c3ccc(CN(C)Cc4ccccc4)cc3)cc2)cc1,130.0,active,506.6900000000002,7.2262000000000075,0.0,4.0
CHEMBL1080386,CC(C)c1ccc(NC(=O)Oc2ccc3c(c2)[C@]2(C)CCN(CCc4ccccc4)[C@@H]2N3C)cc1,30000.0,inactive,469.62900000000025,6.402900000000008,1.0,4.0
CHEMBL1782707,CN(C)CC(C)(C)c1cccc(OC(=O)NCCCCN2CCOCC2)c1,100000.0,inactive,377.5290000000002,2.7266000000000004,1.0,5.0
CHEMBL1206,CCN(CC)C(C)CN1c2ccccc2Sc2ccccc21,260.0,active,312.482,5.019600000000005,0.0,3.0
CHEMBL1782730,CCN(CC)C(C)C(=O)N1c2ccccc2Sc2ccccc21.Cl,3370.0,intermediate,362.9260000000001,4.968000000000005,0.0,3.0
CHEMBL1784957,C[C@@H](Cc1ccccc1)NC(=O)Oc1cccc([C@H](C)N(C)C)c1.Cl,508.0,active,362.901,4.450600000000005,1.0,3.0
CHEMBL1784956,C[C@H](Cc1ccccc1)NC(=O)Oc1cccc([C@H](C)N(C)C)c1.Cl,404.0,active,362.901,4.450600000000005,1.0,3.0
CHEMBL1784955,C[C@@H](c1cccc(OC(=O)N(C)[C@@H](C)Cc2ccccc2)c1)N(C)C.Cl,131.0,active,376.92800000000005,4.792800000000005,0.0,3.0
CHEMBL1784958,C[C@H](Cc1ccccc1)N(C)C(=O)Oc1cccc([C@H](C)N(C)C)c1.Cl,302.0,active,376.92800000000005,4.792800000000005,0.0,3.0
CHEMBL1783529,C[C@@H]([C@H]1[C@H](O)C[C@@]2(C)[C@@H]3CC[C@H]4[C@]5(C)COC(C(F)(F)F)=N[C@H]5CC[C@@]45C[C@@]35C(=O)C[C@]12C)N(C)C,10000.0,inactive,510.6410000000003,4.865100000000004,1.0,5.0
CHEMBL1783530,C[C@@H]([C@H]1[C@H](O)C[C@@]2(C)[C@@H]3CC[C@H]4[C@]5(C)COC(C(C)(C)F)=N[C@H]5CC[C@@]45C[C@@]35C(=O)C[C@]12C)N(C)C,744.0,active,502.7150000000004,5.050900000000006,1.0,5.0
CHEMBL1783531,C[C@@H]([C@H]1[C@H](O)C[C@@]2(C)[C@@H]3CC[C@H]4[C@]5(C)COC(C(F)(C(F)(F)F)C(F)(F)F)=N[C@H]5CC[C@@]45C[C@@]35C(=O)C[C@]12C)N(C)C,3003.0,intermediate,610.6549999999999,6.135700000000007,1.0,5.0
CHEMBL1783532,CC(C)C1=N[C@H]2CC[C@]34C[C@]35C(=O)C[C@]3(C)[C@@H]([C@H](C)N(C)C)[C@H](O)C[C@@]3(C)[C@@H]5CC[C@H]4[C@]2(C)CN1C,10000.0,inactive,497.7680000000003,4.874000000000005,1.0,5.0
CHEMBL1782071,CCN1C[C@]2(C)[C@H](CC=C3C[C@H]4C(=O)C[C@]5(C)[C@@H]([C@H](C)N(C)C)[C@H](O)C[C@@]5(C)[C@@H]4CC[C@H]32)N=C1C(C)C,10000.0,inactive,511.7950000000003,5.4302000000000055,1.0,5.0
CHEMBL1783533,CC(C)C1=N[C@H]2CC[C@]34C[C@]35C(=O)C[C@]3(C)[C@@H]([C@H](C)N(C)C)[C@H](O)C[C@@]3(C)[C@@H]5CC[C@H]4[C@]2(C)N1,10000.0,inactive,469.7140000000002,4.284200000000004,2.0,5.0
CHEMBL1783534,CC(C)C1=N[C@H]2CC[C@]34C[C@]35C(=O)C[C@]3(C)[C@@H]([C@H](C)N(C)C)[C@H](O)C[C@@]3(C)[C@@H]5CC[C@H]4[C@]2(C)C=C1,25.0,active,480.73700000000025,5.540900000000006,1.0,4.0
CHEMBL1783535,CC(C)C1=N[C@H]2CC[C@]34C[C@]35C(=O)C[C@]3(C)[C@@H]([C@H](C)N(C)C)[C@H](O)C[C@@]3(C)[C@@H]5CC[C@H]4[C@]2(C)CC1,618.0,active,482.7530000000003,5.764900000000006,1.0,4.0
CHEMBL1783520,CC(C)C1=N[C@H]2CC[C@]34C[C@]35C(=O)C[C@]3(C)[C@@H]([C@H](C)N(C)C)[C@H](O)C[C@@]3(C)[C@@H]5CC[C@H]4[C@]2(C)CS1,60.0,active,500.7930000000003,5.675400000000007,1.0,5.0
CHEMBL1783521,CN[C@@H](C)[C@H]1[C@H](O)C[C@@]2(C)[C@@H]3CC[C@H]4[C@]5(C)CSC(C(C)C)=N[C@H]5CC[C@@]45C[C@@]35C(=O)C[C@]12C,76.0,active,486.76600000000036,5.333200000000005,2.0,5.0
CHEMBL1783522,CC(=O)N(C)[C@@H](C)[C@H]1[C@H](O)C[C@@]2(C)[C@@H]3CC[C@H]4[C@]5(C)CSC(C(C)C)=N[C@H]5CC[C@@]45C[C@@]35C(=O)C[C@]12C,298.0,active,528.8030000000003,5.5921000000000065,1.0,5.0
CHEMBL1783523,CC(C)C1=N[C@H]2CC[C@]34C[C@]35C(=O)C[C@]3(C)[C@@H]([C@H](C)N(C)C(=O)c6ccccc6)[C@H](O)C[C@@]3(C)[C@@H]5CC[C@H]4[C@]2(C)CS1,43.0,active,590.8740000000001,6.886000000000009,1.0,5.0
CHEMBL1783524,CC(C)C1=N[C@H]2CC[C@]34C[C@]35C(=O)C[C@]3(C)[C@@H]([C@H](C)N(C)C(=O)OC(C)(C)C)[C@H](O)C[C@@]3(C)[C@@H]5CC[C@H]4[C@]2(C)CS1,159.0,active,586.8830000000003,6.9807000000000095,1.0,6.0
CHEMBL1783525,CC(C)C1=N[C@H]2CC[C@]34C[C@]35C(=O)C[C@]3(C)[C@@H]([C@H](C)N(C)Cc6ccccc6)[C@H](O)C[C@@]3(C)[C@@H]5CC[C@H]4[C@]2(C)CS1,7.0,active,576.8910000000002,7.24580000000001,1.0,5.0
CHEMBL1783526,CC(C)C1=N[C@H]2CC[C@]34C[C@]35C(=O)C[C@]3(C)[C@@H]([C@H](C)N(C)CCc6ccccc6)[C@H](O)C[C@@]3(C)[C@@H]5CC[C@H]4[C@]2(C)CS1,20.0,active,590.9180000000002,7.28830000000001,1.0,5.0
CHEMBL1783527,CC(C)C1=N[C@H]2CC[C@]34C[C@]35C(=O)C[C@]3(C)[C@@H]([C@H](C)N(C)CCCc6ccccc6)[C@H](O)C[C@@]3(C)[C@@H]5CC[C@H]4[C@]2(C)CS1,76.0,active,604.9450000000002,7.6784000000000106,1.0,5.0
CHEMBL1783528,COc1ccccc1CN(C)[C@@H](C)[C@H]1[C@H](O)C[C@@]2(C)[C@@H]3CC[C@H]4[C@]5(C)CSC(C(C)C)=N[C@H]5CC[C@@]45C[C@@]35C(=O)C[C@]12C,6.0,active,606.9170000000001,7.254400000000009,1.0,6.0
CHEMBL1783514,COc1cccc(CN(C)[C@@H](C)[C@H]2[C@H](O)C[C@@]3(C)[C@@H]4CC[C@H]5[C@]6(C)CSC(C(C)C)=N[C@H]6CC[C@@]56C[C@@]46C(=O)C[C@]23C)c1,3.0,active,606.9170000000003,7.254400000000009,1.0,6.0
CHEMBL1783515,COc1ccc(CN(C)[C@@H](C)[C@H]2[C@H](O)C[C@@]3(C)[C@@H]4CC[C@H]5[C@]6(C)CSC(C(C)C)=N[C@H]6CC[C@@]56C[C@@]46C(=O)C[C@]23C)cc1,9.0,active,606.9170000000004,7.254400000000009,1.0,6.0
CHEMBL1783516,CC(C)C1=N[C@H]2CC[C@]34C[C@]35C(=O)C[C@]3(C)[C@@H]([C@H](C)N(C)Cc6ccccc6C(F)(F)F)[C@H](O)C[C@@]3(C)[C@@H]5CC[C@H]4[C@]2(C)CS1,11.0,active,644.8879999999999,8.264600000000009,1.0,5.0
CHEMBL1783517,CC(C)C1=N[C@H]2CC[C@]34C[C@]35C(=O)C[C@]3(C)[C@@H]([C@H](C)N(C)Cc6cccc(C(F)(F)F)c6)[C@H](O)C[C@@]3(C)[C@@H]5CC[C@H]4[C@]2(C)CS1,3.0,active,644.8879999999999,8.264600000000009,1.0,5.0
CHEMBL1783518,CC(C)C1=N[C@H]2CC[C@]34C[C@]35C(=O)C[C@]3(C)[C@@H]([C@H](C)N(C)Cc6ccc(C(F)(F)F)cc6)[C@H](O)C[C@@]3(C)[C@@H]5CC[C@H]4[C@]2(C)CS1,3.0,active,644.8879999999999,8.264600000000009,1.0,5.0
CHEMBL1783519,CC(C)C1=N[C@H]2CC[C@]34C[C@]35C(=O)C[C@]3(C)[C@@H]([C@H](C)N(C)CCN6C(=O)c7ccccc7C6=O)[C@H](O)C[C@@]3(C)[C@@H]5CC[C@H]4[C@]2(C)CS1,70.0,active,659.937,6.341800000000009,1.0,7.0
CHEMBL1783499,CC(C)C1=N[C@H]2CC[C@]34C[C@]35C(=O)C[C@]3(C)[C@@H]([C@H](C)N(C)CCCN6C(=O)c7ccccc7C6=O)[C@H](O)C[C@@]3(C)[C@@H]5CC[C@H]4[C@]2(C)CS1,14.0,active,673.9639999999999,6.731900000000009,1.0,7.0
CHEMBL589390,Cc1ccc2c(c1)c1c(n2CCc2ccc(C)nc2)CCN(C)C1,45000.0,inactive,319.4520000000001,3.883740000000002,0.0,2.0
CHEMBL1814729,Cl.O=C(NCCNc1c2c(nc3ccccc13)CCCC2)c1ccc(F)cc1,0.815,active,399.8970000000002,4.5164000000000035,2.0,3.0
CHEMBL1814730,Cl.O=C(NCCCNc1c2c(nc3ccccc13)CCCC2)c1ccc(F)cc1,0.809,active,413.92400000000026,4.906500000000004,2.0,3.0
CHEMBL1814731,Cl.O=C(NCCCCNc1c2c(nc3ccccc13)CCCC2)c1ccc(F)cc1,0.784,active,427.95100000000025,5.296600000000005,2.0,3.0
CHEMBL1819169,c1ccc2c(NCCCCCCN3CCOCC3)c3c(nc2c1)CCCC3,68.9,active,367.53700000000015,4.418100000000004,1.0,4.0
CHEMBL1819170,c1ccc2c(NCCCCCCCN3CCOCC3)c3c(nc2c1)CCCC3,44.5,active,381.5640000000002,4.808200000000005,1.0,4.0
CHEMBL1819171,c1ccc2c(NCCCCCCCCN3CCOCC3)c3c(nc2c1)CCCC3,16.5,active,395.59100000000024,5.198300000000005,1.0,4.0
CHEMBL1819172,c1ccc2c(NCCCCCCCCCN3CCOCC3)c3c(nc2c1)CCCC3,34.0,active,409.6180000000003,5.588400000000005,1.0,4.0
CHEMBL1819173,c1ccc2c(NCCCCCCCCCCN3CCOCC3)c3c(nc2c1)CCCC3,28.4,active,423.6450000000003,5.978500000000007,1.0,4.0
CHEMBL1819174,O=c1c2ccc(OCCCCCCCNc3c4c(nc5ccccc35)CCCC4)cc2oc2ncccc12,283.0,active,507.6340000000003,7.209600000000006,1.0,6.0
CHEMBL1819175,c1ccc2c(c1)Cc1c-2nc2ccccc2c1NCCCCCCCNc1c2c(nc3ccccc13)CCCC2,13.9,active,526.7280000000004,8.707500000000001,2.0,4.0
CHEMBL1819176,Clc1ccc2c(NCCCCCCCNc3c4c(nc5ccccc35)-c3ccccc3C4)c3c(nc2c1)CCCC3,1.05,active,561.173,9.360899999999999,2.0,4.0
CHEMBL1819177,Clc1ccc2c(NCCCCCCCNc3c4c(nc5cc(Cl)ccc35)-c3ccccc3C4)c3c(nc2c1)CCCC3,12.1,active,595.6179999999999,10.014299999999993,2.0,4.0
CHEMBL1819178,Clc1ccc2c(NCCCCCCCOc3ccc(-c4cc5ccccc5o4)cc3)c3c(nc2c1)CCCC3,310.0,active,539.1190000000001,9.621599999999995,1.0,4.0
CHEMBL1819179,Clc1ccc2c(NCCCCCCCOc3cccc(-c4cc5ccccc5o4)c3)c3c(nc2c1)CCCC3,258.0,active,539.1190000000001,9.621599999999995,1.0,4.0
CHEMBL1819180,c1ccc2c(c1)Cc1c-2nc2ccccc2c1NCCCCCCCNc1c2c(nc3ccccc13)-c1ccccc1C2,455.0,active,560.7450000000003,9.399899999999999,2.0,4.0
CHEMBL1834076,CC(C)(C)OC(=O)N1CCN(c2nccc(NC(c3ccccc3)c3ccccc3)n2)CC1,100000.0,inactive,445.5670000000002,4.735200000000004,1.0,6.0
CHEMBL1834060,CC(C)N1CCN(c2nccc(NCc3cccc4ccccc34)n2)CC1,15800.0,inactive,361.49300000000017,3.772300000000002,1.0,5.0
CHEMBL1834061,CC(C)C1CCN(c2nccc(NCc3cccc4ccccc34)n2)CC1,16700.0,inactive,360.50500000000017,5.1143000000000045,1.0,4.0
CHEMBL1834062,CCCN1CCN(c2nccc(NCc3cccc4ccccc34)n2)CC1,19000.0,inactive,361.49300000000017,3.773900000000003,1.0,5.0
CHEMBL1834063,c1ccc2c(CNc3ccnc(N4CCN(C5CCCCC5)CC4)n3)cccc2c1,8000.0,intermediate,401.5580000000002,4.6966000000000045,1.0,5.0
CHEMBL1834064,CC(=O)N1CCN(c2nccc(NCc3cccc4ccccc34)n2)CC1,13800.0,inactive,361.4490000000002,2.910400000000001,1.0,5.0
CHEMBL1834065,CC(C)(C)OC(=O)N1CCN(c2nccc(NCc3cccc4ccccc34)n2)CC1,50800.0,inactive,419.52900000000017,4.299000000000003,1.0,6.0
CHEMBL1834066,c1ccc2c(CNc3ccnc(N4CCNCC4)n3)cccc2c1,17500.0,inactive,319.412,2.6515000000000004,2.0,5.0
CHEMBL1834067,OCCN1CCN(c2nccc(NCc3cccc4ccccc34)n2)CC1,9800.0,intermediate,363.4650000000002,2.3561999999999994,2.0,6.0
CHEMBL1834068,COCCN1CCN(c2nccc(NCc3cccc4ccccc34)n2)CC1,11700.0,inactive,377.4920000000002,3.0103000000000018,1.0,6.0
CHEMBL1834069,CN1CCN(c2nccc(NC(c3ccccc3)c3ccccc3)n2)CC1,13700.0,inactive,359.47700000000015,3.4299000000000017,1.0,5.0
CHEMBL1834070,CC1CCN(c2nccc(NC(c3ccccc3)c3ccccc3)n2)CC1,32200.0,inactive,358.48900000000015,4.914400000000004,1.0,4.0
CHEMBL1834071,CC(C)N1CCN(c2nccc(NC(c3ccccc3)c3ccccc3)n2)CC1,20300.0,inactive,387.5310000000002,4.208500000000003,1.0,5.0
CHEMBL1834072,CC(C)C1CCN(c2nccc(NC(c3ccccc3)c3ccccc3)n2)CC1,42500.0,inactive,386.5430000000002,5.550500000000005,1.0,4.0
CHEMBL1834073,CCCN1CCN(c2nccc(NC(c3ccccc3)c3ccccc3)n2)CC1,14600.0,inactive,387.5310000000002,4.210100000000003,1.0,5.0
CHEMBL1834074,c1ccc(C(Nc2ccnc(N3CCN(C4CCCCC4)CC3)n2)c2ccccc2)cc1,10000.0,inactive,427.5960000000001,5.132800000000005,1.0,5.0
CHEMBL1834075,CC(=O)N1CCN(c2nccc(NC(c3ccccc3)c3ccccc3)n2)CC1,29000.0,inactive,387.4870000000002,3.3466000000000014,1.0,5.0
CHEMBL1834077,c1ccc(C(Nc2ccnc(N3CCNCC3)n2)c2ccccc2)cc1,31300.0,inactive,345.44999999999993,3.0877000000000017,2.0,5.0
CHEMBL1834078,OCCN1CCN(c2nccc(NC(c3ccccc3)c3ccccc3)n2)CC1,21600.0,inactive,389.5030000000002,2.7924000000000007,2.0,6.0
CHEMBL1834079,COCCN1CCN(c2nccc(NC(c3ccccc3)c3ccccc3)n2)CC1,39200.0,inactive,403.5300000000002,3.446500000000002,1.0,6.0
CHEMBL1834806,CCCCC/C=C\C/C=C\CCCCCCCC(=O)OCCCc1cc(OC)c2oc(-c3ccc4c(c3)OCO4)cc2c1,1700.0,intermediate,588.7850000000002,10.126399999999993,0.0,6.0
CHEMBL1834808,CCCCCCCC/C=C\CCCCCCCC(=O)OCCCc1cc(OC)c2oc(-c3ccc4c(c3)OCO4)cc2c1,1800.0,intermediate,590.8010000000003,10.350399999999993,0.0,6.0
CHEMBL1834807,CCCCC/C=C\C/C=C\CCCCCCCC(=O)OCCCc1ccc2oc(-c3ccc4c(c3)OCO4)cc2c1,2700.0,intermediate,558.7590000000002,10.117799999999994,0.0,5.0
CHEMBL1834809,CCCCCCCC/C=C\CCCCCCCC(=O)OCCCc1ccc2oc(-c3ccc4c(c3)OCO4)cc2c1,3100.0,intermediate,560.7750000000003,10.341799999999994,0.0,5.0
CHEMBL1834877,COc1cc(CCCOC(=O)Nc2ccccc2)cc2cc(-c3ccc4c(c3)OCO4)oc12,4500.0,intermediate,445.4710000000003,6.018400000000004,1.0,6.0
CHEMBL1834810,CC[C@H](C)C(=O)OCCCc1cc(OC)c2oc(-c3ccc4c(c3)OCO4)cc2c1,5900.0,intermediate,410.4660000000001,5.359000000000005,0.0,6.0
CHEMBL1834811,CC[C@H](C)C(=O)OCCCc1ccc2oc(-c3ccc4c(c3)OCO4)cc2c1,6100.0,intermediate,380.4400000000001,5.350400000000005,0.0,5.0
CHEMBL221753,CC(C)(C)CC(C)(C)c1ccc(OCCOCC[N+](C)(C)Cc2ccccc2)cc1.[Cl-],2246.0,intermediate,448.0910000000001,3.0764000000000014,0.0,2.0
CHEMBL12089,COc1ccc2cc3[n+](cc2c1OC)CCc1cc2c(cc1-3)OCO2.[Cl-],774.0,active,371.82000000000005,0.10029999999999983,0.0,4.0
CHEMBL31184,c1ccc2c(c1)cc1ccc3cccc4ccc2c1c34,28000.0,inactive,252.31599999999997,5.737200000000003,0.0,0.0
CHEMBL990,CN(Cc1ccc(C(C)(C)C)cc1)Cc1cccc2ccccc12,6907.1,intermediate,317.476,5.769300000000006,0.0,1.0
CHEMBL40583,Cc1ccc2cc3c(ccc4ccccc43)c3c2c1CC3,22683.0,inactive,268.359,5.553220000000004,0.0,0.0
CHEMBL195437,CCCCCCCCc1ccc(O)cc1,11471.0,inactive,206.32900000000004,4.295200000000005,1.0,1.0
CHEMBL305660,CC(C)(C)c1ccc(C(=O)CCCN2CCC(OC(c3ccccc3)c3ccccc3)CC2)cc1,7479.9,intermediate,469.6690000000001,7.217600000000008,0.0,3.0
CHEMBL64894,CN(C)c1ccc(C(=C2C=CC(=[N+](C)C)C=C2)c2ccc(N(C)C)cc2)cc1.[Cl-],5847.0,intermediate,407.98900000000003,1.4636000000000002,0.0,2.0
CHEMBL808,Clc1ccc(COC(Cn2ccnc2)c2ccc(Cl)cc2Cl)cc1,13677.0,inactive,381.69000000000005,5.801400000000003,0.0,2.0
CHEMBL496,Oc1c(Cl)cc(Cl)c(Cl)c1Cc1c(O)c(Cl)cc(Cl)c1Cl,3014.9,intermediate,406.90700000000004,6.609000000000001,2.0,2.0
CHEMBL1200623,CC[C@]1(O)CC[C@H]2[C@@H]3CCC4=CCCC[C@@H]4[C@H]3CC[C@@]21C,6504.0,intermediate,288.475,5.090300000000005,1.0,1.0
CHEMBL672,CC(C)OC(=O)C(C)(C)Oc1ccc(C(=O)c2ccc(Cl)cc2)cc1,15551.0,inactive,360.837,4.680000000000004,0.0,4.0
CHEMBL7002,CC1(COc2ccc(CC3SC(=O)NC3=O)cc2)CCCCC1,15026.0,inactive,333.4530000000002,3.9299000000000026,1.0,4.0
CHEMBL12131,Cc1cc(C(C#N)c2ccc(Cl)cc2)c(Cl)cc1NC(=O)c1cc(I)cc(I)c1O,2951.0,intermediate,663.0800000000002,7.124400000000003,2.0,3.0
CHEMBL104,Clc1ccccc1C(c1ccccc1)(c1ccccc1)n1ccnc1,19410.0,inactive,344.845,5.376700000000004,0.0,1.0
CHEMBL411,CC/C(=C(/CC)c1ccc(O)cc1)c1ccc(O)cc1,25550.0,inactive,268.356,4.828600000000005,2.0,2.0
CHEMBL334255,CCCCCCCCCCCCCCCC[n+]1ccccc1.[Br-],2753.0,intermediate,384.4459999999999,3.4594000000000014,0.0,0.0
CHEMBL3183075,CNC(=C[N+](=O)[O-])NCCSCc1csc(CN(C)C)n1,5614.6,intermediate,331.4670000000001,1.3224999999999998,2.0,8.0
CHEMBL1262,Clc1ccc(CO/N=C(\Cn2ccnc2)c2ccc(Cl)cc2Cl)c(Cl)c1,4646.5,intermediate,429.1340000000001,6.117800000000003,0.0,3.0
CHEMBL7568,CCN(CC)CCCC(C)Nc1c2ccc(Cl)cc2nc2ccc(OC)cc12,2667.0,intermediate,399.9660000000002,5.972400000000006,1.0,4.0
CHEMBL91,Clc1ccc(COC(Cn2ccnc2)c2ccc(Cl)cc2Cl)c(Cl)c1,18659.0,inactive,416.1350000000001,6.454800000000002,0.0,2.0
CHEMBL19215,CN1C[C@H](CNC(=O)OCc2ccccc2)C[C@@H]2c3cccc4c3c(cn4C)C[C@H]21,1344.0,intermediate,403.5260000000002,4.064700000000003,1.0,3.0
CHEMBL481,CCc1c2c(nc3ccc(OC(=O)N4CCC(N5CCCCC5)CC4)cc13)-c1cc3c(c(=O)n1C2)COC(=O)[C@]3(O)CC,1827.0,intermediate,586.6890000000004,4.0911000000000035,1.0,8.0
CHEMBL1714574,CC(C)N1CCN(c2ccc(OCC3COC(Cn4cncn4)(c4ccc(Cl)cc4Cl)O3)cc2)CC1,21573.0,inactive,532.472,4.462700000000003,0.0,7.0
CHEMBL81,O=C(c1ccc(OCCN2CCCCC2)cc1)c1c(-c2ccc(O)cc2)sc2cc(O)ccc12,400.0,active,473.5940000000001,6.075200000000007,2.0,6.0
CHEMBL1912062,CCN(CCCCCCNC(=O)CCCCC1CCSS1)Cc1ccccc1OC,256.0,active,452.73000000000013,5.907800000000006,1.0,5.0
CHEMBL1912061,COc1cc2nc(Cl)nc(NCCCNC(=O)CCCCC3CCSS3)c2cc1OC,192000.0,inactive,485.07500000000033,4.932700000000004,2.0,8.0
CHEMBL1912060,O=C(CCCCc1cccs1)NCCCNc1c2c(nc3cc(Cl)ccc13)CCCC2,2.66,active,456.05500000000035,6.159700000000005,2.0,4.0
CHEMBL1912059,O=C(CCCC[C@@H]1CCSS1)NCCCNc1c2c(nc3cc(Cl)ccc13)CCCC2,0.23,active,478.12700000000035,6.3993000000000055,2.0,5.0
CHEMBL1912058,O=C(CCCC[C@H]1CCSS1)NCCCNc1c2c(nc3cc(Cl)ccc13)CCCC2,0.471,active,478.12700000000035,6.3993000000000055,2.0,5.0
CHEMBL1912063,COc1cccc(C(C)N(C)CCCNC(=O)CCCCC2CCSS2)c1,74100.0,inactive,410.64900000000017,4.908400000000004,1.0,5.0
CHEMBL1912064,CC(c1cccc(OCCCNC(=O)CCCCC2CCSS2)c1)N(C)C,25200.0,inactive,410.64900000000006,4.908400000000004,1.0,5.0
CHEMBL1917825,C=CCCCNc1c2c(nc3ccc(OC)cc13)CCCC2,2200.0,intermediate,296.4140000000001,4.500300000000004,1.0,3.0
CHEMBL1917826,COc1ccc2nc3c(c(N4CCCCCN(c5c6c(nc7ccc(OC)cc57)CCCC6)CCCCC4)c2c1)CCCC3,4600.0,intermediate,592.8280000000002,8.225000000000009,0.0,6.0
CHEMBL1618217,CCCCCCNc1c2c(nc3ccc(OC)cc13)CCCC2,100.0,active,312.45700000000016,5.114400000000004,1.0,3.0
CHEMBL1618106,CCCCCCCNc1c2c(nc3ccc(OC)cc13)CCCC2,270.0,active,326.4840000000002,5.5045000000000055,1.0,3.0
CHEMBL1914495,C=CC(CBr)Nc1c2c(nc3ccc(OC)cc13)CCCC2,89100.0,inactive,361.28300000000024,4.483600000000003,1.0,3.0
CHEMBL1915758,COC(=O)[C@H](C)CC(=O)C[C@@H](C)[C@H]1C[C@@H]2OC(C)(C)O[C@H]3C[C@H]4C(C)(C)C(=O)CC[C@]4(C)C4=C3[C@@]2(C)[C@]1(C)CC4=O,18350.0,inactive,570.7670000000003,6.018200000000006,0.0,7.0
CHEMBL1915759,CCCCOC(=O)C(C)CC(=O)C[C@@H](C)[C@H]1CC(=O)[C@@]2(C)C3=C(C(=O)[C@@H](OC(C)=O)[C@]12C)[C@@]1(C)CC[C@H](O)C(C)(C)[C@@H]1CC3=O,9400.0,intermediate,628.8030000000003,5.140000000000006,1.0,9.0
CHEMBL1086927,COC(=O)C(C)CC(=O)C[C@@H](C)[C@H]1C[C@H](O)[C@@]2(C)C3=C(C(=O)C[C@]12C)[C@@]1(C)CCC(=O)C(C)(C)[C@@H]1C[C@@H]3O,30260.0,inactive,530.7020000000006,4.219900000000004,2.0,7.0
CHEMBL1087180,CC(CC(=O)C[C@@H](C)[C@H]1CC(=O)[C@@]2(C)C3=C(C(=O)C[C@]12C)[C@@]1(C)CC[C@H](O)C(C)(C)[C@@H]1C[C@@H]3O)C(=O)O,22630.0,inactive,516.6750000000004,4.131500000000003,3.0,6.0
CHEMBL465514,C[C@H](CC(=O)C[C@@H](C)[C@H]1CC(=O)[C@@]2(C)C3=C(C(=O)C[C@]12C)[C@@]1(C)CCC(=O)C(C)(C)[C@@H]1CC3=O)C(=O)O,18350.0,inactive,512.6430000000005,4.547900000000004,1.0,6.0
CHEMBL1087131,CC(CC(=O)C[C@@H](C)[C@H]1C[C@H](O)[C@@]2(C)C3=C(C(=O)C[C@]12C)[C@@]1(C)CCC(=O)C(C)(C)[C@@H]1CC3)C(=O)O,22970.0,inactive,500.67600000000044,5.160700000000005,2.0,5.0
CHEMBL240972,C/C(=C\CC[C@@H](C)[C@H]1CC[C@@]2(C)C3=CC[C@H]4C(C)(C)[C@@H](O)CC[C@]4(C)C3=CC[C@]12C)CO,26780.0,inactive,440.7120000000003,7.22750000000001,2.0,2.0
CHEMBL1915760,C/C(=C\CC[C@@H](C)[C@H]1CC[C@@]2(C)C3=CC[C@H]4C(C)(C)[C@@H](O)CC[C@]4(C)C3=CC[C@]12C)C(=O)O,21110.0,inactive,454.6950000000003,7.319800000000009,2.0,2.0
CHEMBL1915761,C[C@H](CCC=C(CO)CO)[C@H]1CC[C@@]2(C)C3=CC[C@H]4C(C)(C)C(=O)CC[C@]4(C)C3=CC[C@]12C,21840.0,inactive,454.69500000000033,6.408100000000007,2.0,3.0
CHEMBL1915762,C[C@H](CC[C@H](O)C(C)(C)O)[C@H]1CC[C@@]2(C)C3=CC[C@H]4C(C)(C)[C@@H](O)CC[C@]4(C)C3=CC[C@]12C,16270.0,inactive,458.72700000000026,6.420700000000009,3.0,3.0
CHEMBL1098479,C[C@H](CC[C@@H](O)C(C)(C)O)[C@H]1CC[C@@]2(C)C3=CC[C@H]4C(C)(C)C(=O)CC[C@]4(C)C3=CC[C@]12C,25080.0,inactive,456.7110000000003,6.628900000000008,2.0,3.0
CHEMBL1915763,C[C@H](CC[C@H](O)[C@](C)(O)CO)[C@H]1CC[C@@]2(C)C3=CC[C@H]4C(C)(C)C(=O)CC[C@]4(C)C3=CC[C@]12C,22310.0,inactive,472.7100000000004,5.601300000000006,3.0,4.0
CHEMBL1915764,C/C(=C\CC[C@@H](C)[C@H]1CC[C@@]2(C)C3=C(CC[C@]12C)[C@@]1(C)CC[C@H](O)C(C)(C)[C@@H]1CC3=O)CO,31030.0,inactive,456.71100000000024,6.6305000000000085,2.0,3.0
CHEMBL465487,C[C@H](CCC(=O)O)[C@H]1CC(=O)[C@@]2(C)C3=C(C(=O)C[C@]12C)[C@@]1(C)CC[C@H](O)C(C)(C)[C@@H]1C[C@@H]3O,25910.0,inactive,460.6110000000002,3.9263000000000035,3.0,5.0
CHEMBL460969,C[C@H](CCC(=O)O)[C@H]1CC(=O)[C@@]2(C)C3=C(C(=O)C[C@]12C)[C@@]1(C)CCC(=O)C(C)(C)[C@@H]1C[C@@H]3O,24040.0,inactive,458.59500000000025,4.1345000000000045,2.0,5.0
CHEMBL512830,COC(=O)CC[C@@H](C)[C@H]1CC(=O)[C@@]2(C)C3=C(C(=O)[C@@H](OC(C)=O)[C@]12C)[C@@]1(C)CC[C@H](O)C(C)(C)[C@@H]1CC3=O,17140.0,inactive,530.6580000000004,3.7645000000000026,1.0,8.0
CHEMBL1915765,CCCCOC(=O)CC[C@@H](C)[C@H]1CC[C@@]2(C)C3=C(C(=O)C[C@]12C)[C@@]1(C)CC[C@H](O)C(C)(C)[C@@H]1C[C@@H]3O,11580.0,inactive,502.73600000000033,6.006000000000009,2.0,5.0
CHEMBL1915766,CCCCOC(=O)CC[C@@H](C)[C@H]1CC[C@@]2(C)C3=C(C(=O)C[C@]12C)[C@@]1(C)CCC(=O)C(C)(C)[C@@H]1C[C@@H]3O,12260.0,inactive,500.72000000000037,6.214200000000008,1.0,5.0
CHEMBL1916475,CCCOCCn1c(=O)nc(NC2CCC(O)CC2)c2nnc(-c3ccc(OC)nc3)cc21,5600.0,intermediate,454.53100000000023,2.3991,2.0,9.0
CHEMBL1916766,Nc1c2c(nc3oc(-c4ccccc4)cc13)CCCC2,100000.0,inactive,264.32800000000003,3.9558000000000018,1.0,3.0
CHEMBL1916768,Nc1c2c(nc3c1cc(-c1ccccc1)n3-c1ccccc1)CCCC2,45500.0,inactive,339.4420000000002,5.153500000000003,1.0,2.0
CHEMBL1916770,Cc1ccc(-c2cc3c(N)c4c(nc3o2)CCCC4)cc1,100000.0,inactive,278.3549999999999,4.264220000000003,1.0,3.0
CHEMBL1916927,Nc1c2c(nc3oc(-c4ccc(Cl)cc4)cc13)CCCC2,100000.0,inactive,298.77300000000014,4.609200000000002,1.0,3.0
CHEMBL1916929,N#Cc1c(-c2ccc(Cl)cc2)oc2nc3c(c(N)c12)CCCC3,100000.0,inactive,323.78300000000013,4.480880000000003,1.0,4.0
CHEMBL1922540,C#CCOP(C)(=O)OC(C(F)(F)F)C(F)(F)F,65000.0,inactive,284.0919999999999,2.9689000000000014,0.0,3.0
CHEMBL1922541,C#CCOP(C)(=O)OC(C(=O)OC)C(F)(F)F,43600.0,inactive,274.131,1.5796000000000001,0.0,5.0
CHEMBL180483,COc1cc2c(cc1OC)C(=O)C(Oc1ccc(CN3CCCC3)cc1)C2,50.0,active,367.4450000000002,3.4860000000000024,0.0,5.0
CHEMBL1929421,C#CCN(C)Cc1cc2cc(OCCCC3CCN(Cc4ccccc4)CC3)ccc2n1C,380.0,active,443.63500000000016,5.314500000000006,0.0,3.0
CHEMBL1940736,COc1ccccc1NCc1cc(=O)oc2cc3oc4ccccc4c3cc12,190.0,active,371.3920000000001,5.313100000000003,1.0,5.0
CHEMBL1940737,COc1cc2c(C)c(OC)c(=O)oc2cc1OCCCCOc1cc(O)cc(N(C)C)c1,275.0,active,443.49600000000027,4.128220000000003,1.0,8.0
CHEMBL1940738,COc1cc2oc(=O)c(OCCCCOc3cc(O)cc(N(C)C)c3)c(C)c2cc1OC,0.236,active,443.49600000000015,4.128220000000003,1.0,8.0
CHEMBL1940612,CCN(CCCCCCNC1=CC(=O)c2ccccc2C1=O)Cc1ccccc1OC,9.73,active,420.5530000000002,4.630200000000004,1.0,5.0
CHEMBL1940613,CCN(CCCCCCNC1=CC(=O)c2ncccc2C1=O)Cc1ccccc1OC,27.9,active,421.5410000000002,4.0252000000000026,1.0,6.0
CHEMBL1940614,CCN(CCCCCCNC1=CC(=O)C(C)=C(C)C1=O)Cc1ccccc1OC,29.0,active,398.5470000000002,4.039200000000004,1.0,5.0
CHEMBL1940615,CCN(CCCCCCNC1=CC(=O)C(OC)=CC1=O)Cc1ccccc1OC,65.3,active,400.5190000000002,3.233100000000002,1.0,6.0
CHEMBL1940616,COc1ccccc1CNCCCCCCNC1=CC(=O)c2ccccc2C1=O,1850.0,intermediate,392.4990000000001,3.8979000000000026,2.0,5.0
CHEMBL1940617,NCCCCCCNC1=CC(=O)c2ccccc2C1=O,64500.0,inactive,272.34800000000007,2.0582000000000003,2.0,4.0
CHEMBL1940618,COc1ccccc1CN1CCC(N2CCC(NC3=CC(=O)c4ccccc4C3=O)CC2)CC1,17200.0,inactive,459.5900000000003,3.676700000000003,1.0,6.0
CHEMBL1940619,COC1=CC(=O)C(N2CCC(C3CCN(Cc4ccccc4OC)CC3)CC2)=CC1=O,24400.0,inactive,424.5410000000003,3.185200000000002,0.0,6.0
CHEMBL1952057,CCCCN1CCN=C1/C=N/O.Cl,200000.0,inactive,205.68900000000002,1.3823999999999999,1.0,4.0
CHEMBL1952058,Cl.O/N=C/C1=NCCN1Cc1ccccc1,44000.0,inactive,239.70600000000002,1.7825000000000002,1.0,4.0
CHEMBL1952059,Cl.O/N=C/C1=NCCN1Cc1ccc(Cl)cc1Cl,24000.0,inactive,308.596,3.0893000000000015,1.0,4.0
CHEMBL1952060,Cl.O/N=C/C1=NCCN1Cc1cc(C(F)(F)F)cc(C(F)(F)F)c1,85000.0,inactive,375.7,3.820100000000002,1.0,4.0
CHEMBL1952061,CCCCN1CCCN=C1/C=N/O.Cl,157000.0,inactive,219.71600000000004,1.7725,1.0,4.0
CHEMBL1952062,CCCCCN1CCCN=C1/C=N/O.Cl,21000.0,inactive,233.74300000000002,2.1626,1.0,4.0
CHEMBL1952063,Cl.O/N=C/C1=NCCCN1Cc1ccccc1,28000.0,inactive,253.733,2.1726,1.0,4.0
CHEMBL1952064,Cl.O/N=C/C1=NCCCN1Cc1ccc(Cl)cc1Cl,9000.0,intermediate,322.62300000000005,3.479400000000002,1.0,4.0
CHEMBL1952065,Cl.O/N=C/C1=NCCCN1Cc1cc(C(F)(F)F)cc(C(F)(F)F)c1,45000.0,inactive,389.727,4.210200000000002,1.0,4.0
CHEMBL1952066,CCCCN1CC(C)(C)CN=C1/C=N/O.Cl,93000.0,inactive,247.77,2.4086000000000003,1.0,4.0
CHEMBL1952067,CCCCCN1CC(C)(C)CN=C1/C=N/O.Cl,89000.0,inactive,261.79699999999997,2.7987000000000015,1.0,4.0
CHEMBL1952047,CCC/N=C(/C=N/O)N(C)C.Cl,200000.0,inactive,193.678,1.2383,1.0,3.0
CHEMBL1952048,CCCC/N=C(/C=N/O)N(C)C.Cl,54000.0,inactive,207.70499999999998,1.6284,1.0,3.0
CHEMBL1952049,CCCCC/N=C(/C=N/O)N(C)C.Cl,13000.0,inactive,221.73200000000003,2.0185,1.0,3.0
CHEMBL1952050,CC(C)CC/N=C(/C=N/O)N(C)C.Cl,17000.0,inactive,221.73200000000003,1.8744,1.0,3.0
CHEMBL1952051,COCC/N=C(/C=N/O)N(C)C.Cl,200000.0,inactive,209.67700000000002,0.47469999999999996,1.0,4.0
CHEMBL1952052,COCCC/N=C(/C=N/O)N(C)C.Cl,200000.0,inactive,223.70400000000004,0.8647999999999998,1.0,4.0
CHEMBL1952053,CN(C)C(/C=N/O)=N\C1CC1.Cl,200000.0,inactive,191.66199999999998,0.9906999999999997,1.0,3.0
CHEMBL1952054,CN(C)C(/C=N/O)=N\C1CCC1.Cl,200000.0,inactive,205.68899999999996,1.3807999999999998,1.0,3.0
CHEMBL1952055,CN(C)C(/C=N/O)=N\Cc1ccccc1.Cl,200000.0,inactive,241.722,2.0284999999999997,1.0,3.0
CHEMBL1952056,CN(C)C(/C=N/O)=N\c1ccccc1.Cl,200000.0,inactive,227.69500000000002,2.1600000000000006,1.0,3.0
CHEMBL2011402,COc1ccc([C@H]2Oc3cc(O)c(C/C=C(\C)CCC=C(C)C)c(O)c3C(=O)[C@@H]2O)cc1O,31900.0,inactive,454.51900000000023,4.724500000000006,4.0,7.0
CHEMBL459258,COc1cc([C@H]2Oc3cc(O)c(C/C=C(\C)CCC=C(C)C)c(O)c3C(=O)[C@@H]2O)ccc1O,48500.0,inactive,454.5190000000002,4.724500000000006,4.0,7.0
CHEMBL2011403,COc1c(O)cc(C2Oc3cc(O)c(C/C=C(\C)CCC=C(C)C)c(O)c3C(=O)[C@@H]2O)cc1O,15600.0,inactive,470.51800000000026,4.430100000000005,5.0,8.0
CHEMBL2011404,COc1ccc([C@@H]2CC(=O)c3c(cc(O)c(C/C=C(\C)CCC=C(C)C)c3O)O2)cc1O,92400.0,inactive,438.5200000000002,5.7537000000000065,3.0,6.0
CHEMBL253152,COc1cc([C@@H]2CC(=O)c3c(cc(O)c(C/C=C(\C)CCC=C(C)C)c3O)O2)ccc1O,109200.0,inactive,438.5200000000002,5.753700000000006,3.0,6.0
CHEMBL2011405,COc1c(O)cc(C2CC(=O)c3c(cc(O)c(C/C=C(\C)CCC=C(C)C)c3O)O2)cc1O,22900.0,inactive,454.51900000000023,5.459300000000004,4.0,7.0
CHEMBL374130,CC(C)=CCC/C(C)=C/Cc1c(O)cc2c(c1O)C(=O)C[C@@H](c1ccc(O)cc1)O2,91500.0,inactive,408.49400000000014,5.745100000000007,3.0,5.0
CHEMBL223256,CC(C)=CCC/C(C)=C/Cc1c(O)cc2c(c1O)C(=O)C[C@@H](c1ccc(O)c(O)c1)O2,7200.0,intermediate,424.49300000000017,5.4507000000000065,4.0,6.0
CHEMBL2011406,COc1cc(C2CC(=O)c3c(cc(O)c(C/C=C(\C)CCC=C(C)C)c3O)O2)cc(OC)c1O,316300.0,inactive,468.5460000000003,5.762300000000006,3.0,7.0
CHEMBL399121,COc1ccc([C@@H]2CC(=O)c3c(O)cc(O)cc3O2)cc1O,2476100.0,inactive,302.28200000000004,2.518500000000001,3.0,6.0
CHEMBL9352,O=C1C[C@@H](c2ccc(O)cc2)Oc2cc(O)cc(O)c21,2045000.0,inactive,272.25600000000003,2.5099000000000014,3.0,5.0
CHEMBL8996,O=C1C[C@@H](c2ccc(O)c(O)c2)Oc2cc(O)cc(O)c21,1663800.0,inactive,288.25500000000005,2.215500000000001,4.0,6.0
CHEMBL2011483,CC1=CC2Cc3nc4cc(Cl)ccc4c(NCCCCCCNc4c5c(nc6ccccc46)CCCC5)c3C(C1)C2.Cl,0.89,active,601.6660000000004,9.817399999999994,2.0,4.0
CHEMBL3215882,CC1=CC2Cc3nc4cc(Cl)ccc4c(NCCCCCCCNc4c5c(nc6ccccc46)CCCC5)c3C(C1)C2.Cl.Cl.Cl,1.89,active,688.6150000000004,11.051099999999982,2.0,4.0
CHEMBL3216777,CC1=C[C@@H]2Cc3nc4cc(Cl)ccc4c(NCCCCCCCNc4c5c(nc6ccccc46)CCCC5)c3[C@H](C1)C2.Cl.Cl.Cl,1.33,active,688.6150000000004,11.051099999999982,2.0,4.0
CHEMBL3217208,CC1=C[C@H]2Cc3nc4cc(Cl)ccc4c(NCCCCCCCNc4c5c(nc6ccccc46)CCCC5)c3[C@@H](C1)C2.Cl.Cl.Cl,6.84,active,688.6150000000004,11.051099999999982,2.0,4.0
CHEMBL2011487,CC1=CC2Cc3nc4cc(Cl)ccc4c(NCCCN(C)CCCNc4c5c(nc6ccccc46)CCCC5)c3C(C1)C2.Cl,0.42,active,630.7080000000002,8.969,2.0,5.0
CHEMBL2011488,CC1=CC2Cc3nc4cc(Cl)ccc4c(NCCCCCCCCNc4c5c(nc6ccccc46)CCCC5)c3C(C1)C2.Cl,1.38,active,629.7200000000003,10.59759999999999,2.0,4.0
CHEMBL3216116,CC1=CC2Cc3nc4cc(Cl)ccc4c(NCCCCCCCCCNc4c5c(nc6ccccc46)CCCC5)c3C(C1)C2.Cl.Cl.Cl,3.53,active,716.6690000000002,11.83129999999998,2.0,4.0
CHEMBL3216554,CC1=CC2Cc3nc4cc(Cl)ccc4c(NCCCCCCCCCCNc4c5c(nc6ccccc46)CCCC5)c3C(C1)C2.Cl.Cl.Cl,4.19,active,730.6960000000001,12.221399999999978,2.0,4.0
CHEMBL2011491,CC1=CC2Cc3nc4cc(Cl)ccc4c(NCCCCCCNc4c5c(nc6cc(Cl)ccc46)CCCC5)c3C(C1)C2.Cl,0.74,active,636.1110000000001,10.47079999999999,2.0,4.0
CHEMBL3216555,CC1=CC2Cc3nc4cc(Cl)ccc4c(NCCCCCCCNc4c5c(nc6cc(Cl)ccc46)CCCC5)c3C(C1)C2.Cl.Cl.Cl.Cl,4.02,active,759.5210000000001,12.126299999999976,2.0,4.0
CHEMBL3216556,CC1=C[C@@H]2Cc3nc4cc(Cl)ccc4c(NCCCCCCCNc4c5c(nc6cc(Cl)ccc46)CCCC5)c3[C@H](C1)C2.Cl.Cl.Cl.Cl,2.04,active,759.5210000000001,12.126299999999976,2.0,4.0
CHEMBL3216557,CC1=C[C@H]2Cc3nc4cc(Cl)ccc4c(NCCCCCCCNc4c5c(nc6cc(Cl)ccc46)CCCC5)c3[C@@H](C1)C2.Cl.Cl.Cl.Cl,11.5,active,759.5210000000001,12.126299999999976,2.0,4.0
CHEMBL2011495,CC1=CC2Cc3nc4cc(Cl)ccc4c(NCCCN(C)CCCNc4c5c(nc6cc(Cl)ccc46)CCCC5)c3C(C1)C2.Cl,0.31,active,665.1529999999999,9.622399999999995,2.0,5.0
CHEMBL2011496,CC1=CC2Cc3nc4cc(Cl)ccc4c(NCCCCCCCCNc4c5c(nc6cc(Cl)ccc46)CCCC5)c3C(C1)C2.Cl,1.32,active,664.165,11.250999999999985,2.0,4.0
CHEMBL3216778,CC1=CC2Cc3nc4cc(Cl)ccc4c(NCCCCCCCCCNc4c5c(nc6cc(Cl)ccc46)CCCC5)c3C(C1)C2.Cl.Cl.Cl.Cl,3.26,active,787.575,12.906499999999971,2.0,4.0
CHEMBL3216779,CC1=CC2Cc3nc4cc(Cl)ccc4c(NCCCCCCCCCCNc4c5c(nc6cc(Cl)ccc46)CCCC5)c3C(C1)C2.Cl.Cl.Cl.Cl,9.09,active,801.6020000000001,13.29659999999997,2.0,4.0
CHEMBL1994202,CC1=C[C@@H]2Cc3nc4cc(Cl)ccc4c(N)c3[C@H](C1)C2.Cl,0.43,active,321.25100000000003,4.888200000000003,1.0,2.0
CHEMBL2011499,CC1=C[C@H]2Cc3nc4cc(Cl)ccc4c(N)c3[C@@H](C1)C2.Cl,13.6,active,321.25100000000003,4.888200000000003,1.0,2.0
CHEMBL340807,COc1ccc2c3c([nH]c2c1)C(C)=NCC3,23700.0,inactive,214.26799999999997,2.5416000000000007,1.0,2.0
CHEMBL2018160,COc1ccc2c(ccc[n+]2C)c1.[I-],49730.0,inactive,301.12699999999995,-1.3230999999999988,0.0,1.0
CHEMBL2018161,COc1ccc2c(ccc[n+]2Cc2ccccc2)c1.[I-],5290.0,intermediate,377.225,0.1881999999999997,0.0,1.0
CHEMBL376478,CC[C@H]1C[C@@H]2C[C@H]3c4[nH]c5cc([C@@H]6C[C@H]7C(C(=O)OC)[C@@H](Cc8c6[nH]c6ccccc86)N(C)C[C@H]7CC)ccc5c4CCN(C2)[C@@H]13,227.0,active,618.866,7.233000000000008,2.0,4.0
CHEMBL2018162,CC[C@H]1C[C@@H]2CN3CCc4c([nH]c5cc([C@H]6C[C@H]7C(C(=O)OC)[C@H](Cc8c6[nH]c6ccccc86)N(C)C[C@H]7CC)ccc45)[C@](C(=O)OC)(C2)[C@H]13,71.0,active,676.9020000000002,6.560200000000007,2.0,6.0
CHEMBL2019053,Cl.O=C(NCCCCCCCCCCNc1c2c(nc3cc(Cl)ccc13)CCCC2)c1cc(=O)c2cc(O)c(O)cc2o1,0.09,active,628.5970000000004,7.6691000000000065,4.0,7.0
CHEMBL2019052,Cl.O=C(NCCCCCCCCCCNc1c2c(nc3ccccc13)CCCC2)c1cc(=O)c2cc(O)c(O)cc2o1,6.5,active,594.1520000000004,7.015700000000008,4.0,7.0
CHEMBL2019049,Cl.O=C(NCCCCCCCCCCNc1c2c(nc3cc(Cl)ccc13)CCCC2)c1cc(=O)c2c(O)cc(O)cc2o1,0.065,active,628.5970000000004,7.669100000000007,4.0,7.0
CHEMBL2019048,COc1cc(O)c2c(=O)cc(C(=O)NCCCCCCCCCCNc3c4c(nc5cc(Cl)ccc35)CCCC4)oc2c1.Cl,0.035,active,642.6240000000001,7.972100000000006,3.0,7.0
CHEMBL2019047,Cl.O=C(NCCCCCCCCCCNc1c2c(nc3ccccc13)CCCC2)c1cc(=O)c2c(O)cc(O)cc2o1,2.3,active,594.1520000000004,7.015700000000008,4.0,7.0
CHEMBL2019046,COc1cc(O)c2c(=O)cc(C(=O)NCCCCCCCCCCNc3c4c(nc5ccccc35)CCCC4)oc2c1.Cl,1.0,active,608.1790000000003,7.318700000000008,3.0,7.0
CHEMBL2019044,Cl.O=C(NCCCCCCCCCCNc1c2c(nc3cc(Cl)ccc13)CCCC2)c1cc(=O)c2cc(O)ccc2o1,1.0,active,612.5980000000004,7.963500000000008,3.0,6.0
CHEMBL2019043,Cl.O=C(NCCCCCCCCCCNc1c2c(nc3ccccc13)CCCC2)c1cc(=O)c2cc(O)ccc2o1,8.0,active,578.1530000000004,7.310100000000007,3.0,6.0
CHEMBL2019041,COc1cc2oc(C(=O)NCCCCCCCCCCNc3c4c(nc5cc(Cl)ccc35)CCCC4)cc(=O)c2cc1OC.Cl,0.2,active,656.6510000000003,8.275100000000004,2.0,7.0
CHEMBL2019040,COc1cc2oc(C(=O)NCCCCCCCCCCNc3c4c(nc5ccccc35)CCCC4)cc(=O)c2cc1OC.Cl,1.8,active,622.2060000000002,7.621700000000009,2.0,7.0
CHEMBL2019038,COc1cc(OC)c2c(=O)cc(C(=O)NCCCCCCCCCCNc3c4c(nc5cc(Cl)ccc35)CCCC4)oc2c1.Cl,0.35,active,656.6510000000001,8.275100000000005,2.0,7.0
CHEMBL2019037,COc1cc(OC)c2c(=O)cc(C(=O)NCCCCCCCCCCNc3c4c(nc5ccccc35)CCCC4)oc2c1.Cl,2.3,active,622.2060000000002,7.621700000000009,2.0,7.0
CHEMBL2019035,COc1ccc2oc(C(=O)NCCCCCCCCCCNc3c4c(nc5cc(Cl)ccc35)CCCC4)cc(=O)c2c1.Cl,0.1,active,626.6250000000002,8.266500000000004,2.0,6.0
CHEMBL2019034,COc1ccc2oc(C(=O)NCCCCCCCCCCNc3c4c(nc5ccccc35)CCCC4)cc(=O)c2c1.Cl,0.775,active,592.1800000000003,7.613100000000008,2.0,6.0
CHEMBL2019032,Cl.O=C(NCCCCCCCCCCNc1c2c(nc3cc(Cl)ccc13)CCCC2)c1cc(=O)c2ccccc2o1,0.3,active,596.5990000000004,8.257900000000005,2.0,5.0
CHEMBL2019030,Cl.O=C(NCCCCCCCCCCNc1c2c(nc3ccccc13)CCCC2)c1cc(=O)c2ccccc2o1,17.5,active,562.1540000000003,7.604500000000007,2.0,5.0
CHEMBL2022933,C#CCN1CCc2nc3nc(N4CCCC4)c(C#N)cc3c(N)c2C1,650.0,active,332.41100000000006,1.6751800000000001,1.0,6.0
CHEMBL2047528,CN(CCCOc1ccc2ccc(=O)oc2c1)Cc1cccc(OC(=O)NCCCCCc2ccccc2)c1,74.9,active,528.6490000000003,6.195300000000007,1.0,6.0
CHEMBL2047529,CN(CCCOc1ccc2ccc(=O)oc2c1)Cc1cccc(OC(=O)NCCCCCCCN2CCOCC2)c1,119.0,active,565.7110000000004,5.065000000000005,1.0,8.0
CHEMBL2047530,CN(CCCOc1ccc2c(=O)c3cccnc3oc2c1)Cc1cccc(OC(=O)NCCCCCc2ccccc2)c1,89.5,active,579.6970000000005,6.743500000000007,1.0,7.0
CHEMBL2047531,CN(CCCOc1ccc2c(=O)c3cccnc3oc2c1)Cc1cccc(OC(=O)NCCCCCCCN2CCOCC2)c1,139.0,active,616.7590000000001,5.613200000000005,1.0,9.0
CHEMBL2047375,c1ccc(CN2CCC(Nc3nccc(NCc4ccc5c(c4)OCO5)n3)CC2)cc1,12600.0,inactive,417.51300000000026,3.893900000000002,2.0,7.0
CHEMBL2047231,COc1cc(CNc2ccnc(NC3CCN(Cc4ccccc4)CC3)n2)cc(OC)c1OC,10300.0,inactive,463.5820000000003,4.191000000000003,2.0,8.0
CHEMBL2047230,COc1ccc(CNc2ccnc(NC3CCN(Cc4ccccc4)CC3)n2)cc1OC,9900.0,intermediate,433.55600000000027,4.182400000000003,2.0,7.0
CHEMBL2047229,COc1ccc(CNc2ccnc(NC3CCN(Cc4ccccc4)CC3)n2)cc1,9400.0,intermediate,403.5300000000002,4.1738000000000035,2.0,6.0
CHEMBL2047228,Cc1ccc(CNc2ccnc(NC3CCN(Cc4ccccc4)CC3)n2)cc1,12900.0,inactive,387.5310000000001,4.473620000000004,2.0,5.0
CHEMBL2047227,Fc1ccc(CNc2ccnc(NC3CCN(Cc4ccccc4)CC3)n2)cc1,7700.0,intermediate,391.49400000000014,4.304300000000004,2.0,5.0
CHEMBL2047226,Brc1ccc(CNc2ccnc(NC3CCN(Cc4ccccc4)CC3)n2)cc1,9900.0,intermediate,452.40000000000026,4.927700000000003,2.0,5.0
CHEMBL2047225,Clc1ccc(CNc2ccnc(NC3CCN(Cc4ccccc4)CC3)n2)cc1,8800.0,intermediate,407.9490000000002,4.818600000000003,2.0,5.0
CHEMBL2047224,Clc1cccc(CNc2ccnc(NC3CCN(Cc4ccccc4)CC3)n2)c1,7700.0,intermediate,407.9490000000002,4.818600000000003,2.0,5.0
CHEMBL2047223,Clc1ccccc1CNc1ccnc(NC2CCN(Cc3ccccc3)CC2)n1,7700.0,intermediate,407.94900000000024,4.818600000000003,2.0,5.0
CHEMBL2064471,O=C(CCNCCNc1c2c(nc3ccccc13)CCCC2)N1CCN(CCNc2c3c(nc4ccccc24)CCCC3)CC1,4.49,active,605.831,5.188500000000005,3.0,7.0
CHEMBL2064470,CN(CCCN1CCN(CCNc2c3c(nc4ccccc24)CCCC3)CC1)c1ccccc1,84.8,active,457.66600000000034,4.669600000000004,1.0,5.0
CHEMBL2064469,CCN(CCCN1CCN(CCNc2c3c(nc4ccccc24)CCCC3)CC1)C1CCCCC1,194.0,active,477.7410000000005,5.1878000000000055,1.0,5.0
CHEMBL2064468,CN(CCCN1CCN(CCNc2c3c(nc4ccccc24)CCCC3)CC1)C1CCCCC1,40.7,active,463.7140000000005,4.797700000000004,1.0,5.0
CHEMBL2064466,CN(CCC(=O)N1CCN(CCNc2c3c(nc4ccccc24)CCCC3)CC1)c1ccccc1,70.3,active,471.64900000000034,4.196200000000003,1.0,5.0
CHEMBL2064465,CCN(CCC(=O)N1CCN(CCNc2c3c(nc4ccccc24)CCCC3)CC1)C1CCCCC1,4.97,active,491.7240000000005,4.714400000000004,1.0,5.0
CHEMBL2064464,CN(CCC(=O)N1CCN(CCNc2c3c(nc4ccccc24)CCCC3)CC1)C1CCCCC1,14.9,active,477.6970000000005,4.324300000000003,1.0,5.0
CHEMBL2064404,O=C(CCN1CCCCC1)N1CCN(CCNc2c3c(nc4ccccc24)CCCC3)CC1,51.7,active,449.6430000000003,3.5457000000000027,1.0,5.0
CHEMBL2071424,CC(C)=CCC/C(C)=C/Cc1ccc(O)c2nc3cccc(O)c3nc12,2620.0,intermediate,348.4460000000001,5.4294000000000056,2.0,4.0
CHEMBL2071425,CC(=O)Oc1cccc2nc3c(OC(C)=O)ccc(C/C=C(\C)CCC=C(C)C)c3nc12,2010.0,intermediate,432.52000000000027,5.868800000000006,0.0,6.0
CHEMBL2071426,Oc1cccc2nc3c(O)cccc3nc12,4520.0,intermediate,212.20800000000003,2.1941999999999995,2.0,4.0
CHEMBL2071427,Oc1ccc2nc3ccccc3nc2c1,50000.0,inactive,196.209,2.4886,1.0,3.0
CHEMBL463686,O=C(O)c1cccc2nc3ccccc3nc12,50000.0,inactive,224.219,2.4812000000000003,1.0,3.0
CHEMBL2071428,CC(C)=CCc1cccc2nc3cccc(C(=O)O)c3nc12,50000.0,inactive,292.338,3.9899000000000022,1.0,3.0
CHEMBL1952289,CC(C)=CCc1cc(=O)cc2n(C)c3cccc(C(=O)O)c3nc1-2,50000.0,inactive,322.3640000000001,3.2452000000000014,1.0,3.0
CHEMBL2088687,N#Cc1c(N)nc(NC2CCN(Cc3ccccc3)CC2)c(C#N)c1-c1ccccc1,8800.0,intermediate,408.5090000000002,4.150660000000004,2.0,6.0
CHEMBL2088780,N#Cc1c(N)nc(NCCC2CCN(Cc3ccccc3)CC2)c(C#N)c1-c1ccccc1,390.0,active,436.5630000000002,4.788360000000004,2.0,6.0
CHEMBL2088781,N#Cc1c(N)nc(NCCCC2CCN(Cc3ccccc3)CC2)c(C#N)c1-c1ccccc1,240.0,active,450.5900000000002,5.178460000000005,2.0,6.0
CHEMBL2088782,N#Cc1c(N)nc(NCCCCC2CCN(Cc3ccccc3)CC2)c(C#N)c1-c1ccccc1,120.0,active,464.6170000000002,5.568560000000006,2.0,6.0
CHEMBL2088783,N#Cc1cc(C#N)c(NC2CCN(Cc3ccccc3)CC2)nc1N,3100.0,intermediate,332.4110000000001,2.4836599999999995,2.0,6.0
CHEMBL2088784,N#Cc1cc(C#N)c(NCCC2CCN(Cc3ccccc3)CC2)nc1N,220.0,active,360.4650000000001,3.121360000000001,2.0,6.0
CHEMBL2088785,N#Cc1cc(C#N)c(NCCCC2CCN(Cc3ccccc3)CC2)nc1N,9.4,active,374.4920000000001,3.5114600000000014,2.0,6.0
CHEMBL2088786,N#Cc1cc(C#N)c(NCCCCC2CCN(Cc3ccccc3)CC2)nc1N,70.0,active,388.51900000000006,3.9015600000000026,2.0,6.0
CHEMBL2147460,CN(C)c1ccccc1CNCCCCCCCNc1c2c(nc3ccccc13)CCCC2,5.18,active,444.66700000000014,6.3318000000000065,2.0,4.0
CHEMBL2147462,CN(C)c1ccccc1CNCCCCCCCCCNc1c2c(nc3ccccc13)CCCC2,3.52,active,472.72100000000023,7.112000000000007,2.0,4.0
CHEMBL2147461,CN(C)c1ccccc1CNCCCCCCCCNc1c2c(nc3ccccc13)CCCC2,4.04,active,458.6940000000002,6.721900000000007,2.0,4.0
CHEMBL2160227,CN(CCCCCCCOc1cccc(-c2oc3ccccc3c2C(=O)c2ccccc2)c1)Cc1ccccc1,240.0,active,531.6960000000003,8.792100000000003,0.0,4.0
CHEMBL2160226,CNC(=O)Oc1cccc(CN(C)CCCCCCCOc2ccc(-c3oc4ccccc4c3C(=O)c3ccc(C)cc3)cc2)c1,340.0,active,618.7740000000002,8.818720000000004,1.0,6.0
CHEMBL2160223,CCN(CC)CCOc1cccc(C(=O)c2c(-c3ccc(OCCCCCCCN(C)Cc4ccccc4)cc3)oc3ccccc23)c1,37100.0,inactive,646.8720000000005,9.5127,0.0,6.0
CHEMBL2160225,CN(CCCCCCCOc1ccc(-c2oc3ccccc3c2C(=O)c2ccc(OCCN3CCOCC3)cc2)cc1)Cc1ccccc1,39000.0,inactive,660.8550000000004,8.503100000000005,0.0,7.0
CHEMBL2160221,CCN(CC)Cc1cccc(C(=O)c2c(-c3ccc(OCCCCCCCN(C)Cc4ccccc4)cc3)oc3ccccc23)c1,53000.0,inactive,616.8460000000003,9.633899999999999,0.0,5.0
CHEMBL2160220,CN(CCCCCCCOc1ccc(-c2oc3ccccc3c2C(=O)c2c3ccccc3cc3ccccc23)cc1)Cc1ccccc1,67700.0,inactive,631.8160000000001,11.098499999999987,0.0,4.0
CHEMBL2160224,CCN(CC)CCOc1ccc(C(=O)c2c(-c3ccc(OCCCCCCCN(C)Cc4ccccc4)cc3)oc3ccccc23)cc1,78000.0,inactive,646.8720000000005,9.5127,0.0,6.0
CHEMBL2160222,CCN(CC)Cc1ccc(C(=O)c2c(-c3ccc(OCCCCCCCN(C)Cc4ccccc4)cc3)oc3ccccc23)cc1,100000.0,inactive,616.8460000000003,9.633899999999999,0.0,5.0
CHEMBL2160217,CN(CCCCCCCOc1ccc(-c2oc3ccccc3c2C(=O)c2cccc3ccccc23)cc1)Cc1ccccc1,101000.0,inactive,581.7560000000003,9.945299999999996,0.0,4.0
CHEMBL2160228,Cc1cccc(C(=O)c2c(-c3cccc(OCCCCCCCN(C)Cc4ccccc4)c3)oc3ccccc23)c1,102000.0,inactive,545.7230000000003,9.100520000000001,0.0,4.0
CHEMBL2160213,CN(CCCCCOc1ccc(-c2cc3ccccc3o2)cc1)Cc1ccccc1,215000.0,inactive,399.53400000000016,6.780900000000006,0.0,3.0
CHEMBL258893,COc1ccc2c(c[n+](C)c3c4cc5c(cc4ccc23)OCO5)c1OC.[Cl-],1540.0,intermediate,383.83100000000013,0.7206000000000004,0.0,4.0
CHEMBL2163795,COc1cc2c(cc1OC)-c1cc3ccc(OC)c(OC)c3c[n+]1CC2.O.[Cl-],1690.0,intermediate,405.87800000000016,-0.4358999999999996,0.0,4.0
CHEMBL2181440,COc1cc2c(cc1OC)C(c1ccccc1)N(CCCCCc1cnc(/C=N/O)c(O)c1)CC2,500000.0,inactive,475.58900000000034,4.973000000000004,2.0,7.0
CHEMBL2181438,COc1cc2c(cc1OC)C(c1ccccc1)N(CCCCCCc1cc(C)nc(/C=N/O)c1O)CC2,300000.0,inactive,503.6430000000004,5.671520000000006,2.0,7.0
CHEMBL2181437,COc1cc2c(cc1OC)C(c1ccccc1)N(CCCCCc1ccnc(/C=N/O)c1O)CC2,320000.0,inactive,475.58900000000034,4.973000000000005,2.0,7.0
CHEMBL2181435,COc1cc2c(cc1OC)C(c1ccccc1)N(CCCc1ccnc(/C=N/O)c1O)CC2,200000.0,inactive,447.53500000000025,4.192800000000003,2.0,7.0
CHEMBL2181433,COc1cc2c(cc1OC)C(c1ccccc1)N(CCCCCCc1ccc(O)c(/C=N/O)n1)CC2,400000.0,inactive,489.6160000000004,5.3631000000000055,2.0,7.0
CHEMBL2181432,COc1cc2c(cc1OC)C(c1ccccc1)N(CCCCCc1ccc(O)c(/C=N/O)n1)CC2,100000.0,inactive,475.58900000000034,4.973000000000005,2.0,7.0
CHEMBL2181431,COc1cc2c(cc1OC)C(c1ccccc1)N(CCCCc1ccc(O)c(/C=N/O)n1)CC2,100000.0,inactive,461.5620000000003,4.582900000000003,2.0,7.0
CHEMBL2181430,COc1cc2c(cc1OC)C(c1ccccc1)N(CCCc1ccc(O)c(/C=N/O)n1)CC2,260000.0,inactive,447.53500000000025,4.192800000000003,2.0,7.0
CHEMBL2206900,Nc1c2c(nc3c1C(c1ccc(Cl)c(Cl)c1)c1ccc4ccccc4c1O3)CCCC2,5070.0,intermediate,447.3650000000003,7.288500000000004,1.0,3.0
CHEMBL2206899,Nc1c2c(nc3c1C(c1c(Cl)cccc1Cl)c1ccc4ccccc4c1O3)CCCC2,4010.0,intermediate,447.3650000000003,7.288500000000004,1.0,3.0
CHEMBL2206898,Nc1c2c(nc3c1C(c1ccc([N+](=O)[O-])cc1)c1ccc4ccccc4c1O3)CCCC2,5740.0,intermediate,423.47200000000026,5.8899000000000035,1.0,5.0
CHEMBL2206897,COc1cc(C2c3ccc4ccccc4c3Oc3nc4c(c(N)c32)CCCC4)cc(OC)c1OC,3510.0,intermediate,468.5530000000004,6.007500000000006,1.0,6.0
CHEMBL2206896,COc1ccc(C2c3ccc4ccccc4c3Oc3nc4c(c(N)c32)CCCC4)c(OC)c1,370.0,active,438.5270000000003,5.998900000000005,1.0,5.0
CHEMBL2206895,COc1cc(C2c3ccc4ccccc4c3Oc3nc4c(c(N)c32)CCCC4)ccc1O,330.0,active,424.5000000000003,5.695900000000004,2.0,5.0
CHEMBL2206894,COc1ccccc1C1c2ccc3ccccc3c2Oc2nc3c(c(N)c21)CCCC3,4530.0,intermediate,408.5010000000003,5.990300000000005,1.0,4.0
CHEMBL2206893,Nc1c2c(nc3c1C(c1ccc(O)cc1)c1ccc4ccccc4c1O3)CCCC2,7830.0,intermediate,394.4740000000003,5.687300000000003,2.0,4.0
CHEMBL2206892,Cc1ccc(C2c3ccc4ccccc4c3Oc3nc4c(c(N)c32)CCCC4)cc1,400.0,active,392.5020000000003,6.290120000000005,1.0,3.0
CHEMBL2206891,Nc1c2c(nc3c1C(c1ccccc1)c1ccc4ccccc4c1O3)CCCC2,300.0,active,378.47500000000025,5.9817000000000045,1.0,3.0
CHEMBL2238007,Nc1c2c(nc3nc(-c4ccccc4)cc(C(F)(F)F)c13)-c1ccccc1CC2,23140.0,inactive,391.3960000000002,5.663400000000003,1.0,3.0
CHEMBL2238006,Nc1c2c(nc3nc(-c4ccccc4)cc(C(F)(F)F)c13)-c1ccccc1C2,17560.0,inactive,377.36900000000014,5.469000000000003,1.0,3.0
CHEMBL2238005,CC1CCc2nc3nc(-c4ccccc4)cc(C(F)(F)F)c3c(N)c2C1,510.0,active,357.37900000000013,5.022600000000002,1.0,3.0
CHEMBL2238004,CC1CCc2c(nc3nc(-c4ccccc4)cc(C(F)(F)F)c3c2N)C1,3250.0,intermediate,357.37900000000013,5.022600000000002,1.0,3.0
CHEMBL2238003,CC1Cc2nc3nc(-c4ccccc4)cc(C(F)(F)F)c3c(N)c2C1,9370.0,intermediate,343.35200000000015,4.632500000000002,1.0,3.0
CHEMBL2238002,Nc1c2c(nc3nc(-c4ccccc4)cc(C(F)(F)F)c13)CCCCCC2,7690.0,intermediate,371.4060000000003,5.556800000000003,1.0,3.0
CHEMBL2238001,Nc1c2c(nc3nc(-c4ccccc4)cc(C(F)(F)F)c13)CCCCC2,10130.0,inactive,357.37900000000025,5.166700000000002,1.0,3.0
CHEMBL2238000,Nc1c2c(nc3nc(-c4ccccc4)cc(C(F)(F)F)c13)CCCC2,350.0,active,343.3520000000002,4.776600000000002,1.0,3.0
CHEMBL2237999,Nc1c2c(nc3nc(-c4ccccc4)cc(C(F)(F)F)c13)CCC2,8050.0,intermediate,329.32500000000016,4.386500000000002,1.0,3.0
CHEMBL2237998,CC(C)Cc1cc(N)c2c(C(F)(F)F)cc(-c3ccccc3)nc2n1,19090.0,inactive,345.368,5.096300000000004,1.0,3.0
CHEMBL2237997,Nc1cc(-c2cccs2)nc2nc(-c3ccccc3)cc(C(F)(F)F)c12,10360.0,inactive,371.38700000000006,5.626300000000002,1.0,4.0
CHEMBL2237996,COc1ccc(-c2cc(N)c3c(C(F)(F)F)cc(-c4ccccc4)nc3n2)cc1,8240.0,intermediate,395.384,5.573400000000004,1.0,4.0
CHEMBL2237995,Nc1cc(-c2ccccc2Br)nc2nc(-c3ccccc3)cc(C(F)(F)F)c12,890.0,active,444.2540000000001,6.327300000000004,1.0,3.0
CHEMBL2237994,Nc1cc(-c2ccc(Cl)cc2)nc2nc(-c3ccccc3)cc(C(F)(F)F)c12,520.0,active,399.80300000000005,6.218200000000003,1.0,3.0
CHEMBL2237993,Nc1cc(-c2ccc(F)cc2)nc2nc(-c3ccccc3)cc(C(F)(F)F)c12,6580.0,intermediate,383.34800000000007,5.703900000000003,1.0,3.0
CHEMBL2237992,Nc1cc(-c2cccc(F)c2)nc2nc(-c3ccccc3)cc(C(F)(F)F)c12,7030.0,intermediate,383.348,5.703900000000003,1.0,3.0
CHEMBL2237991,Nc1cc(-c2ccccc2)nc2nc(-c3ccccc3)cc(C(F)(F)F)c12,7100.0,intermediate,365.35800000000006,5.564800000000003,1.0,3.0
CHEMBL400257,COc1c2[nH]c3occc3c(OC)c-2ccc1=O,100.0,active,245.23399999999995,2.243099999999999,1.0,4.0
CHEMBL607537,COc1cc2oc(=O)ccc2c(OC)c1OC,100.0,active,236.22299999999996,1.8188,0.0,5.0
CHEMBL256497,COc1cc(=O)[nH]c2c(OC)cccc12,100.0,active,205.213,1.5453,1.0,3.0
CHEMBL21396,COc1ccc2c(OC)c3ccoc3nc2c1OC,8.6,active,259.26099999999997,3.006800000000001,0.0,5.0
CHEMBL128392,CCCNC(=O)Oc1cccc(CN(C)CCCOc2ccc3c(=O)ccoc3c2)c1,250.0,active,424.4970000000001,4.192300000000004,1.0,6.0
CHEMBL128780,CCCCCCCNC(=O)Oc1cccc(CN(C)CCCCOc2ccc3c(=O)c4ccccc4oc3c2)c1,100.0,active,544.6920000000005,7.296000000000008,1.0,6.0
CHEMBL129577,CCCCCCCNC(=O)Oc1cccc(CN(CCCOc2ccc3c(=O)c4ccccc4oc3c2)C(C)C)c1,170.0,active,558.7190000000004,7.684500000000009,1.0,6.0
CHEMBL128390,CCCCCCCNC(=O)Oc1cccc(CN(C)CCCOc2ccc3c(=O)c4cccnc4oc3c2)c1,42.0,active,531.6530000000005,6.3009000000000075,1.0,7.0
CHEMBL2236394,CCN(CCCCCOc1ccc2c(=O)c3ccccc3oc2c1)Cc1cccc(OC(=O)NC)c1,0.82,active,488.5840000000003,5.735600000000005,1.0,6.0
CHEMBL2236393,CNCOc1cccc(CN(C)CCCCCCCOc2ccc3c(=O)c4ccccc4oc3c2)c1,0.32,active,488.62800000000016,5.963200000000007,1.0,6.0
CHEMBL2234537,CC1(C)CC(=O)C2=C(C1)Nc1nc3c(c(N)c1[C@H]2c1ccncc1)CCCC3,602.56,active,374.48800000000017,4.138200000000003,2.0,5.0
CHEMBL2234536,COc1ccc([C@H]2C3=C(CC(C)(C)CC3=O)Nc3nc4c(c(N)c32)CCCC4)cc1,218.78,active,403.52600000000024,4.751800000000004,2.0,5.0
CHEMBL2234535,Cc1ccc([C@H]2C3=C(CC(C)(C)CC3=O)Nc3nc4c(c(N)c32)CCCC4)cc1,229.09,active,387.52700000000027,5.051620000000003,2.0,4.0
CHEMBL2234534,CC1(C)CC(=O)C2=C(C1)Nc1nc3c(c(N)c1[C@H]2c1ccc(F)cc1)CCCC3,537.03,active,391.4900000000002,4.882300000000003,2.0,4.0
CHEMBL2234533,CC1(C)CC(=O)C2=C(C1)Nc1nc3c(c(N)c1[C@H]2c1ccccc1)CCCC3,323.59,active,373.50000000000017,4.743200000000003,2.0,4.0
CHEMBL2234532,CCOC(=O)C1=C(C)Nc2nc3c(c(N)c2[C@H]1c1cccc(OC)c1)CCCC3,61.66,active,393.48700000000025,3.945700000000003,2.0,6.0
CHEMBL2234531,CCOC(=O)C1=C(C)Nc2nc3c(c(N)c2[C@@H]1c1ccccc1OC)CCCC3,158.49,active,393.48700000000025,3.945700000000003,2.0,6.0
CHEMBL2234530,CCOC(=O)C1=C(C)Nc2nc3c(c(N)c2[C@H]1c1ccc(C)cc1)CCCC3,91.2,active,377.4880000000002,4.2455200000000035,2.0,5.0
CHEMBL2234529,CCOC(=O)C1=C(C)Nc2nc3c(c(N)c2[C@H]1c1ccc([N+](=O)[O-])cc1)CCCC3,602.56,active,408.45800000000025,3.8453000000000026,2.0,7.0
CHEMBL2234528,CCOC(=O)C1=C(C)Nc2nc3c(c(N)c2[C@H]1c1cccc([N+](=O)[O-])c1)CCCC3,109.65,active,408.45800000000025,3.8453000000000026,2.0,7.0
CHEMBL2234527,CCOC(=O)C1=C(C)Nc2nc3c(c(N)c2[C@H]1c1ccccc1[N+](=O)[O-])CCCC3,302.0,active,408.45800000000025,3.8453000000000026,2.0,7.0
CHEMBL2234526,CCOC(=O)C1=C(C)Nc2nc3c(c(N)c2[C@H]1c1ccc(F)cc1)CCCC3,52.48,active,381.4510000000002,4.076200000000003,2.0,5.0
CHEMBL2234525,CCOC(=O)C1=C(C)Nc2nc3c(c(N)c2[C@H]1c1ccccc1)CCCC3,79.43,active,363.4610000000002,3.9371000000000027,2.0,5.0
CHEMBL2234524,COc1ccc([C@H]2C3=C(CC(C)(C)CC3=O)Oc3nc4c(c(N)c32)CCCC4)cc1,40738.03,inactive,404.5100000000002,4.718700000000004,1.0,5.0
CHEMBL2234523,COc1cccc([C@H]2C3=C(CC(C)(C)CC3=O)Oc3nc4c(c(N)c32)CCCC4)c1,21379.62,inactive,404.5100000000002,4.718700000000004,1.0,5.0
CHEMBL2234522,COc1ccccc1[C@H]1C2=C(CC(C)(C)CC2=O)Oc2nc3c(c(N)c21)CCCC3,7079.46,intermediate,404.5100000000003,4.718700000000003,1.0,5.0
CHEMBL2234521,Cc1ccc([C@H]2C3=C(CC(C)(C)CC3=O)Oc3nc4c(c(N)c32)CCCC4)cc1,51286.14,inactive,388.51100000000025,5.018520000000004,1.0,4.0
CHEMBL2234520,CC1(C)CC(=O)C2=C(C1)Oc1nc3c(c(N)c1[C@H]2c1ccc([N+](=O)[O-])cc1)CCCC3,93325.43,inactive,419.4810000000002,4.618300000000003,1.0,6.0
CHEMBL2234519,CC1(C)CC(=O)C2=C(C1)Oc1nc3c(c(N)c1[C@H]2c1cccc([N+](=O)[O-])c1)CCCC3,12022.64,inactive,419.4810000000002,4.618300000000003,1.0,6.0
CHEMBL2234518,CC1(C)CC(=O)C2=C(C1)Oc1nc3c(c(N)c1[C@H]2c1ccccc1C(F)(F)F)CCCC3,17782.79,inactive,442.48100000000017,5.728900000000005,1.0,4.0
CHEMBL2234517,CC1(C)CC(=O)C2=C(C1)Oc1nc3c(c(N)c1[C@H]2c1ccc(F)cc1)CCCC3,69183.1,inactive,392.47400000000016,4.849200000000003,1.0,4.0
CHEMBL2234516,CC1(C)CC(=O)C2=C(C1)Oc1nc3c(c(N)c1[C@H]2c1ccccc1)CCCC3,48977.88,inactive,374.48400000000015,4.710100000000003,1.0,4.0
CHEMBL2234515,CCOC(=O)C1=C(C)Oc2nc3c(c(N)c2[C@H]1c1cccnc1Cl)CCCC3,2137.96,intermediate,399.87800000000016,3.9524000000000026,1.0,6.0
CHEMBL2234514,CCOC(=O)C1=C(C)Oc2nc3c(c(N)c2[C@H]1c1cccnc1Br)CCCC3,1862.09,intermediate,444.3290000000002,4.061500000000002,1.0,6.0
CHEMBL2234513,CCOC(=O)C1=C(C)Oc2nc3c(c(N)c2[C@H]1c1cccnc1OC)CCCC3,3890.45,intermediate,395.45900000000023,3.3076000000000016,1.0,7.0
CHEMBL2234512,CCOC(=O)C1=C(C)Oc2nc3c(c(N)c2[C@H]1c1ccccc1)CCC3,3890.45,intermediate,350.4180000000001,3.5139000000000022,1.0,5.0
CHEMBL2234511,CCOC(=O)C1=C(C)Oc2nc3c(c(N)c2[C@H]1c1cccc([N+](=O)[O-])c1)CCCC3,1905.46,intermediate,409.44200000000023,3.8122000000000025,1.0,7.0
CHEMBL2234845,CCOC(=O)C1=C(C)Oc2nc3c(c(N)c2[C@H]1c1ccc(C#N)cc1)CCCC3,3467.37,intermediate,389.4550000000002,3.775680000000003,1.0,6.0
CHEMBL2234844,CCOC(=O)C1=C(C)Oc2nc3c(c(N)c2[C@H]1c1ccc(Cl)cc1)CCCC3,1949.84,intermediate,398.8900000000002,4.557400000000003,1.0,5.0
CHEMBL2234843,CCOC(=O)C1=C(C)Oc2nc3c(c(N)c2[C@H]1c1ccc(C)cc1)CCCC3,1819.7,intermediate,378.4720000000002,4.212420000000003,1.0,5.0
CHEMBL2234842,CCOC(=O)C1=C(C)Oc2nc3c(c(N)c2[C@H]1c1ccccc1)CCCC3,1548.82,intermediate,364.44500000000016,3.9040000000000026,1.0,5.0
CHEMBL2234841,CCOC(=O)C1=C(C)Oc2nc3c(c(N)c2[C@H]1c1ccc(OC)c(OC)c1)CCCCC3,33113.11,inactive,438.52400000000034,4.311300000000004,1.0,7.0
CHEMBL2234840,CCOC(=O)C1=C(C)Oc2nc3c(c(N)c2[C@H]1c1ccccc1OC)CCCCC3,20892.96,inactive,408.4980000000003,4.302700000000004,1.0,6.0
CHEMBL2234839,CCOC(=O)C1=C(C)Oc2nc3c(c(N)c2[C@H]1c1cccc(OC)c1)CCCCC3,12882.5,inactive,408.4980000000003,4.302700000000004,1.0,6.0
CHEMBL2234838,CCOC(=O)C1=C(C)Oc2nc3c(c(N)c2[C@H]1c1ccc(OC)c(OC)c1)CCCC3,4570.88,intermediate,424.4970000000003,3.9212000000000033,1.0,7.0
CHEMBL2234837,CCOC(=O)C1=C(C)Oc2nc3c(c(N)c2[C@H]1c1cccc(OC)c1)CCCC3,7762.47,intermediate,394.47100000000023,3.912600000000003,1.0,6.0
CHEMBL2234836,CCOC(=O)C1=C(C)Oc2nc3c(c(N)c2[C@H]1c1ccc(OC)c(OC)c1)CCC3,26915.35,inactive,410.47000000000025,3.531100000000002,1.0,7.0
CHEMBL2234835,CCOC(=O)C1=C(C)Oc2nc3c(c(N)c2[C@H]1c1cccc(OC)c1)CCC3,23988.33,inactive,380.4440000000002,3.5225000000000026,1.0,6.0
CHEMBL2234834,CCOC(=O)C1=C(C)Oc2nc3c(c(N)c2[C@H]1c1cccs1)CCCCC3,14454.4,inactive,384.5010000000002,4.3556000000000035,1.0,6.0
CHEMBL2234833,CCOC(=O)C1=C(C)Oc2nc3c(c(N)c2[C@H]1c1cccnc1)CCCCC3,32359.37,inactive,379.4600000000002,3.6891000000000025,1.0,6.0
CHEMBL2234832,CCOC(=O)C1=C(C)Oc2nc3c(c(N)c2[C@H]1c1ccncc1)CCCCC3,8511.38,intermediate,379.4600000000002,3.6891000000000025,1.0,6.0
CHEMBL2234831,CCOC(=O)C1=C(C)Oc2nc3c(c(N)c2[C@H]1c1ccco1)CCCC3,1698.24,intermediate,354.4060000000002,3.4970000000000026,1.0,6.0
CHEMBL2234830,CCOC(=O)C1=C(C)Oc2nc3c(c(N)c2[C@H]1c1cccs1)CCCC3,24547.09,inactive,370.47400000000016,3.9655000000000022,1.0,6.0
CHEMBL2234829,CCOC(=O)C1=C(C)Oc2nc3c(c(N)c2[C@H]1c1cccnc1)CCCC3,7079.46,intermediate,365.43300000000016,3.299000000000002,1.0,6.0
CHEMBL2234547,CCOC(=O)C1=C(C)Oc2nc3c(c(N)c2[C@H]1c1ccncc1)CCCC3,3019.95,intermediate,365.43300000000016,3.299000000000002,1.0,6.0
CHEMBL2234546,CCOC(=O)C1=C(C)Oc2nc3c(c(N)c2[C@H]1c1ccc(OC)cc1)CCCC3,870.96,active,394.47100000000023,3.912600000000003,1.0,6.0
CHEMBL2234545,CCOC(=O)C1=C(C)Oc2nc3c(c(N)c2[C@H]1c1cccs1)CCC3,27542.29,inactive,356.4470000000001,3.575400000000002,1.0,6.0
CHEMBL2234544,CCOC(=O)C1=C(C)Oc2nc3c(c(N)c2[C@H]1c1ccncc1)CCC3,6606.93,intermediate,351.4060000000001,2.908900000000001,1.0,6.0
CHEMBL252378,CCOC(=O)c1c(C)nc2nc3c(c(N)c2c1-c1ccc(OC)cc1)CCCCC3,1348.96,intermediate,405.4980000000003,4.641620000000003,1.0,6.0
CHEMBL253603,CCOC(=O)c1c(C)nc2nc3c(c(N)c2c1-c1ccc(OC)cc1)CCCC3,8912.51,intermediate,391.47100000000023,4.251520000000004,1.0,6.0
CHEMBL398250,CCOC(=O)c1c(C)nc2nc3c(c(N)c2c1-c1ccc(OC)cc1)CCC3,13803.84,inactive,377.4440000000002,3.8614200000000025,1.0,6.0
CHEMBL253602,CCOC(=O)c1c(C)nc2nc3c(c(N)c2c1-c1ccccc1)CCCCC3,20892.96,inactive,375.4720000000002,4.633020000000004,1.0,5.0
CHEMBL398249,CCOC(=O)c1c(C)nc2nc3c(c(N)c2c1-c1ccccc1)CCC3,12022.64,inactive,347.4180000000001,3.852820000000002,1.0,5.0
CHEMBL252781,Cc1nc2nc3c(c(N)c2c(-c2ccccc2)c1C(=O)OC(C)C)CCCC3,1202.26,intermediate,375.47200000000026,4.631420000000004,1.0,5.0
CHEMBL2234543,CCOC(=O)c1c(C)nc2nc3c(c(N)c2c1-c1ccc(OC)cc1)CCCCCC3,16982.44,inactive,419.5250000000003,5.031720000000004,1.0,6.0
CHEMBL2234542,CCOC(=O)c1c(C)nc2nc3c(c(N)c2c1-c1ccccc1)CCCCCC3,16982.44,inactive,389.49900000000025,5.023120000000004,1.0,5.0
CHEMBL2234541,CCOC(=O)c1c(C)nc2nc3c(c(N)c2c1-c1cccc([N+](=O)[O-])c1)CCCCC3,14125.38,inactive,420.4690000000003,4.541220000000004,1.0,7.0
CHEMBL2234540,CCOC(=O)c1c(C)nc2nc3c(c(N)c2c1-c1ccc(Cl)cc1)CCCCC3,19054.61,inactive,409.91700000000026,5.286420000000004,1.0,5.0
CHEMBL252578,CCOC(=O)c1c(C)nc2nc3c(c(N)c2c1-c1ccc(F)cc1)CCCCC3,5370.32,intermediate,393.4620000000002,4.772120000000004,1.0,5.0
CHEMBL252580,CCOC(=O)c1c(C)nc2nc3c(c(N)c2c1-c1ccc(OC)c(OC)c1)CCCCC3,6456.54,intermediate,435.52400000000034,4.6502200000000045,1.0,7.0
CHEMBL2234539,CCOC(=O)c1c(C)nc2nc3c(c(N)c2c1-c1ccccc1OC)CCCCC3,21877.62,inactive,405.4980000000003,4.641620000000003,1.0,6.0
CHEMBL2234538,CCOC(=O)c1c(C)nc2nc3c(c(N)c2c1-c1ccc(C)cc1)CCCCC3,12882.5,inactive,389.49900000000025,4.941440000000004,1.0,5.0
CHEMBL400675,CCOC(=O)c1c(C)nc2nc3c(c(N)c2c1-c1cccc([N+](=O)[O-])c1)CCCC3,933.25,active,406.44200000000023,4.151120000000002,1.0,7.0
CHEMBL252579,CCOC(=O)c1c(C)nc2nc3c(c(N)c2c1-c1ccc(Cl)cc1)CCCC3,1288.25,intermediate,395.8900000000002,4.896320000000004,1.0,5.0
CHEMBL252380,CCOC(=O)c1c(C)nc2nc3c(c(N)c2c1-c1ccc(F)cc1)CCCC3,707.95,active,379.4350000000002,4.3820200000000025,1.0,5.0
CHEMBL252379,CCOC(=O)c1c(C)nc2nc3c(c(N)c2c1-c1ccc(OC)c(OC)c1)CCCC3,1288.25,intermediate,421.4970000000003,4.260120000000003,1.0,7.0
CHEMBL399040,CCOC(=O)c1c(C)nc2nc3c(c(N)c2c1-c1cccc(OC)c1)CCCC3,1202.26,intermediate,391.47100000000023,4.251520000000004,1.0,6.0
CHEMBL404407,CCOC(=O)c1c(C)nc2nc3c(c(N)c2c1-c1ccncc1)CCCCC3,5128.61,intermediate,376.4600000000002,4.028020000000003,1.0,6.0
CHEMBL253783,CCOC(=O)c1c(C)nc2nc3c(c(N)c2c1-c1ccncc1)CCCC3,1412.54,intermediate,362.43300000000016,3.637920000000003,1.0,6.0
CHEMBL253782,CCOC(=O)c1c(C)nc2nc3c(c(N)c2c1-c1ccncc1)CCC3,8128.31,intermediate,348.4060000000001,3.2478200000000017,1.0,6.0
CHEMBL253386,CCOC(=O)c1c(C)nc2nc3c(c(N)c2c1-c1ccccc1)CCCC3,812.83,active,361.44500000000016,4.242920000000003,1.0,5.0
CHEMBL2297277,CC(C)=CCC/C(C)=C/Cc1cc(-c2cc(=O)c3c(O)cc(O)cc3o2)c(O)cc1O,16210.0,inactive,422.4770000000001,5.517600000000007,4.0,6.0
CHEMBL2297278,COc1cc(O)c(-c2cc(=O)c3c(O)cc(O)cc3o2)cc1C/C=C(\C)CCC=C(C)C,10950.0,inactive,436.5040000000003,5.820600000000003,3.0,6.0
CHEMBL28,O=c1cc(-c2ccc(O)cc2)oc2cc(O)cc(O)c12,12.0,active,270.24,2.576800000000001,3.0,5.0
CHEMBL31574,O=c1c(O)c(-c2ccc(O)c(O)c2)oc2cc(O)ccc12,12.0,active,286.23900000000003,2.282400000000001,4.0,6.0
CHEMBL164,O=c1c(O)c(-c2cc(O)c(O)c(O)c2)oc2cc(O)cc(O)c12,12.0,active,318.237,1.6935999999999998,6.0,8.0
CHEMBL309490,O=c1c(O)c(-c2ccccc2)oc2cc(O)cc(O)c12,12.0,active,270.24,2.576800000000001,3.0,5.0
CHEMBL2297279,O=c1c(OC2O[C@H](CO)[C@H](O)[C@H](O)[C@H]2O)c(-c2ccc(O)cc2)oc2cc(O)cc(O)c12,12.0,active,448.3800000000002,-0.24449999999999966,7.0,11.0
CHEMBL226335,C[C@@H]1O[C@@H](OC[C@H]2O[C@@H](Oc3c(-c4ccc(O)c(O)c4)oc4cc(O)cc(O)c4c3=O)[C@H](O)[C@@H](O)[C@@H]2O)[C@H](O)[C@H](O)[C@H]1O,12.0,active,610.5210000000004,-1.6871000000000003,10.0,16.0
CHEMBL594229,COc1cc2occ(-c3ccc(N4CCCC4)cc3)c(=O)c2cc1OC,1630.0,intermediate,351.4020000000001,4.077400000000003,0.0,5.0
CHEMBL2297280,COc1cc2occ(-c3ccc(OC4CCN(Cc5ccccc5)CC4)cc3)c(=O)c2cc1OC,93.0,active,471.5530000000002,5.520600000000005,0.0,6.0
CHEMBL50,O=c1c(O)c(-c2ccc(O)c(O)c2)oc2cc(O)cc(O)c12,353860.0,inactive,302.23800000000006,1.988,5.0,7.0
CHEMBL2314726,COc1cc2cc(NC(=O)[C@H]3CCC[C@@H](NCc4ccccc4)C3)c(=O)oc2cc1OC,43.0,active,436.5080000000002,4.097300000000003,2.0,6.0
CHEMBL2323356,CCOc1ccc(/C=N/NC(=O)CN2CCC(Cc3ccccc3)CC2)cc1,53100.0,inactive,379.5040000000001,3.4901000000000026,1.0,4.0
CHEMBL2323355,COc1ccc(/C=N/NC(=O)CN2CCC(Cc3ccccc3)CC2)cc1,73500.0,inactive,365.47700000000003,3.1000000000000014,1.0,4.0
CHEMBL2323354,COc1ccc(/C=N/NC(=O)CN2CCC(Cc3ccccc3)CC2)cc1OC,62800.0,inactive,395.5030000000001,3.108600000000002,1.0,5.0
CHEMBL2323353,CCOc1ccc(/C=N/NC(=O)CN2CCN(Cc3ccccc3)CC2)cc1,81400.0,inactive,380.4920000000001,2.3531999999999993,1.0,5.0
CHEMBL2323352,COc1ccc(/C=N/NC(=O)CN2CCN(Cc3ccccc3)CC2)cc1,88500.0,inactive,366.46500000000003,1.9630999999999994,1.0,5.0
CHEMBL2323351,COc1ccc(/C=N/NC(=O)CN2CCN(Cc3ccccc3)CC2)cc1OC,81100.0,inactive,396.4910000000001,1.9716999999999996,1.0,6.0
CHEMBL2332981,O=C(C[C@H]1C[C@H]2CCCN2[C@]12C(=O)Nc1ccccc12)N1C/C(=C\c2cccc3ccccc23)C(=O)[C@]2(C[C@H]3CCCN3[C@@]23C(=O)Nc2ccccc23)C1,20630.0,inactive,717.8699999999999,6.058600000000006,2.0,6.0
CHEMBL2332540,O=C(C[C@H]1C[C@H]2CCCN2[C@]12C(=O)Nc1ccccc12)N1C/C(=C\c2ccc(F)cc2)C(=O)[C@]2(C[C@H]3CCCN3[C@@]23C(=O)Nc2ccccc23)C1,23670.0,inactive,685.8000000000001,5.044500000000005,2.0,6.0
CHEMBL2332541,O=C(C[C@H]1C[C@H]2CCCN2[C@]12C(=O)Nc1ccccc12)N1C/C(=C\c2ccc(Cl)cc2)C(=O)[C@]2(C[C@H]3CCCN3[C@@]23C(=O)Nc2ccccc23)C1,7920.0,intermediate,702.2549999999999,5.558800000000005,2.0,6.0
CHEMBL2332530,Cc1ccc(/C=C2\CN(C(=O)C[C@H]3C[C@H]4CCCN4[C@]34C(=O)Nc3ccccc34)C[C@@]3(C[C@H]4CCCN4[C@@]34C(=O)Nc3ccccc34)C2=O)cc1,19590.0,inactive,681.8370000000003,5.213820000000005,2.0,6.0
CHEMBL2332531,O=C(C[C@H]1C[C@H]2CCCN2[C@]12C(=O)Nc1ccccc12)N1C/C(=C\c2ccc(Cl)cc2Cl)C(=O)[C@]2(C[C@H]3CCCN3[C@@]23C(=O)Nc2ccccc23)C1,6960.0,intermediate,736.6999999999998,6.2122000000000055,2.0,6.0
CHEMBL2332532,O=C(C[C@H]1C[C@H]2CCCN2[C@]12C(=O)Nc1ccccc12)N1C/C(=C\c2cccc([N+](=O)[O-])c2)C(=O)[C@]2(C[C@H]3CCCN3[C@@]23C(=O)Nc2ccccc23)C1,26600.0,inactive,712.8069999999999,4.813600000000004,2.0,8.0
CHEMBL2332533,O=C(C[C@H]1C[C@H]2CCCN2[C@]12C(=O)Nc1ccccc12)N1C/C(=C\c2ccccc2F)C(=O)[C@]2(C[C@H]3CCCN3[C@@]23C(=O)Nc2ccccc23)C1,24580.0,inactive,685.8000000000001,5.044500000000005,2.0,6.0
CHEMBL2332534,O=C(C[C@H]1C[C@H]2CCCN2[C@]12C(=O)Nc1ccccc12)N1C/C(=C\c2ccccc2Cl)C(=O)[C@]2(C[C@H]3CCCN3[C@@]23C(=O)Nc2ccccc23)C1,13640.0,inactive,702.2549999999999,5.558800000000005,2.0,6.0
CHEMBL2332542,COc1ccccc1/C=C1\CN(C(=O)C[C@H]2C[C@H]3CCCN3[C@]23C(=O)Nc2ccccc23)C[C@@]2(C[C@H]3CCCN3[C@@]23C(=O)Nc2ccccc23)C1=O,11410.0,inactive,697.8360000000001,4.914000000000004,2.0,7.0
CHEMBL2332543,Cc1ccccc1/C=C1\CN(C(=O)C[C@H]2C[C@H]3CCCN3[C@]23C(=O)Nc2ccccc23)C[C@@]2(C[C@H]3CCCN3[C@@]23C(=O)Nc2ccccc23)C1=O,27450.0,inactive,681.8370000000002,5.213820000000005,2.0,6.0
CHEMBL2332544,O=C(C[C@H]1C[C@H]2CCCN2[C@]12C(=O)Nc1ccccc12)N1C/C(=C\c2ccccc2)C(=O)[C@]2(C[C@H]3CCCN3[C@@]23C(=O)Nc2ccccc23)C1,19650.0,inactive,667.8100000000002,4.905400000000005,2.0,6.0
CHEMBL2332545,O=C1/C(=C/c2cccc3ccccc23)CN(C(=O)C[C@H]2C[C@H]3CCCN3[C@]23C(=O)Nc2ccccc23)C/C1=C\c1cccc2ccccc12,6760.0,intermediate,643.7870000000003,7.593300000000007,1.0,4.0
CHEMBL2332980,O=C1/C(=C/c2ccc(F)cc2)CN(C(=O)C[C@H]2C[C@H]3CCCN3[C@]23C(=O)Nc2ccccc23)C/C1=C\c1ccc(F)cc1,19840.0,inactive,579.6470000000004,5.5651000000000055,1.0,4.0
CHEMBL2332979,O=C1/C(=C/c2ccc(Cl)cc2)CN(C(=O)C[C@H]2C[C@H]3CCCN3[C@]23C(=O)Nc2ccccc23)C/C1=C\c1ccc(Cl)cc1,3360.0,intermediate,612.5570000000004,6.593700000000006,1.0,4.0
CHEMBL2332978,Cc1ccc(/C=C2\CN(C(=O)C[C@H]3C[C@H]4CCCN4[C@]34C(=O)Nc3ccccc34)C/C(=C\c3ccc(C)cc3)C2=O)cc1,20070.0,inactive,571.7210000000002,5.903740000000006,1.0,4.0
CHEMBL2332977,O=C1/C(=C/c2ccc(Cl)cc2Cl)CN(C(=O)C[C@H]2C[C@H]3CCCN3[C@]23C(=O)Nc2ccccc23)C/C1=C\c1ccc(Cl)cc1Cl,4110.0,intermediate,681.4470000000002,7.900500000000006,1.0,4.0
CHEMBL2332976,O=C1/C(=C/c2cccc([N+](=O)[O-])c2)CN(C(=O)C[C@H]2C[C@H]3CCCN3[C@]23C(=O)Nc2ccccc23)C/C1=C\c1cccc([N+](=O)[O-])c1,5990.0,intermediate,633.6610000000003,5.103300000000005,1.0,8.0
CHEMBL2332975,O=C1/C(=C/c2ccccc2F)CN(C(=O)C[C@H]2C[C@H]3CCCN3[C@]23C(=O)Nc2ccccc23)C/C1=C\c1ccccc1F,34370.0,inactive,579.6470000000004,5.5651000000000055,1.0,4.0
CHEMBL2332974,O=C1/C(=C/c2ccccc2Cl)CN(C(=O)C[C@H]2C[C@H]3CCCN3[C@]23C(=O)Nc2ccccc23)C/C1=C\c1ccccc1Cl,11920.0,inactive,612.5570000000002,6.593700000000006,1.0,4.0
CHEMBL2332550,COc1ccccc1/C=C1\CN(C(=O)C[C@H]2C[C@H]3CCCN3[C@]23C(=O)Nc2ccccc23)C/C(=C\c2ccccc2OC)C1=O,15860.0,inactive,603.7190000000003,5.304100000000005,1.0,6.0
CHEMBL2332549,Cc1ccccc1/C=C1\CN(C(=O)C[C@H]2C[C@H]3CCCN3[C@]23C(=O)Nc2ccccc23)C/C(=C\c2ccccc2C)C1=O,12470.0,inactive,571.7210000000001,5.903740000000006,1.0,4.0
CHEMBL2332548,O=C1/C(=C/c2ccccc2)CN(C(=O)C[C@H]2C[C@H]3CCCN3[C@]23C(=O)Nc2ccccc23)C/C1=C\c1ccccc1,17490.0,inactive,543.6670000000003,5.2869000000000055,1.0,4.0
CHEMBL2332547,C=CC(=O)N1C/C(=C\c2cccc3ccccc23)C(=O)/C(=C/c2cccc3ccccc23)C1,13840.0,inactive,429.51900000000023,6.057300000000005,0.0,2.0
CHEMBL350032,C=CC(=O)N1C/C(=C\c2ccc(F)cc2)C(=O)/C(=C/c2ccc(F)cc2)C1,15120.0,inactive,365.3790000000001,4.029100000000003,0.0,2.0
CHEMBL152675,C=CC(=O)N1C/C(=C\c2ccc(Cl)cc2)C(=O)/C(=C/c2ccc(Cl)cc2)C1,22040.0,inactive,398.2890000000001,5.057700000000004,0.0,2.0
CHEMBL454594,C=CC(=O)N1C/C(=C\c2ccc(C)cc2)C(=O)/C(=C/c2ccc(C)cc2)C1,18060.0,inactive,357.45300000000015,4.367740000000004,0.0,2.0
CHEMBL2332546,C=CC(=O)N1C/C(=C\c2ccc(Cl)cc2Cl)C(=O)/C(=C/c2ccc(Cl)cc2Cl)C1,15750.0,inactive,467.1790000000002,6.364500000000003,0.0,2.0
CHEMBL2332537,C=CC(=O)N1C/C(=C\c2cccc([N+](=O)[O-])c2)C(=O)/C(=C/c2cccc([N+](=O)[O-])c2)C1,9760.0,intermediate,419.3930000000002,3.567300000000002,0.0,6.0
CHEMBL2332536,C=CC(=O)N1C/C(=C\c2ccccc2F)C(=O)/C(=C/c2ccccc2F)C1,11810.0,inactive,365.3790000000001,4.029100000000003,0.0,2.0
CHEMBL2332535,C=CC(=O)N1C/C(=C\c2ccccc2Cl)C(=O)/C(=C/c2ccccc2Cl)C1,16320.0,inactive,398.2890000000001,5.057700000000004,0.0,2.0
CHEMBL2332539,C=CC(=O)N1C/C(=C\c2ccccc2OC)C(=O)/C(=C/c2ccccc2OC)C1,8720.0,intermediate,389.45100000000014,3.7681000000000022,0.0,4.0
CHEMBL2332538,C=CC(=O)N1C/C(=C\c2ccccc2C)C(=O)/C(=C/c2ccccc2C)C1,17390.0,inactive,357.45300000000015,4.367740000000004,0.0,2.0
CHEMBL156016,C=CC(=O)N1C/C(=C\c2ccccc2)C(=O)/C(=C/c2ccccc2)C1,17680.0,inactive,329.39900000000006,3.7509000000000023,0.0,2.0
CHEMBL2377874,Clc1ccc(-c2nnc3sc(-c4ccoc4)nn23)cc1,1780.0,intermediate,302.74600000000004,3.766200000000002,0.0,5.0
CHEMBL2377878,COc1cccc(-c2nnc3sc(-c4ccoc4)nn23)c1,1780.0,intermediate,298.327,3.1214000000000013,0.0,6.0
CHEMBL2377877,COc1ccccc1-c1nnc2sc(-c3ccoc3)nn12,1780.0,intermediate,298.327,3.121400000000002,0.0,6.0
CHEMBL2377876,Fc1ccc(Cc2nnc3sc(-c4ccoc4)nn23)cc1,1780.0,intermediate,300.31800000000004,3.1757000000000017,0.0,5.0
CHEMBL2377875,Fc1ccccc1Cc1nnc2sc(-c3ccoc3)nn12,1780.0,intermediate,300.31800000000004,3.1757000000000026,0.0,5.0
CHEMBL2375480,Fc1cccc(Cc2nnc3sc(-c4ccoc4)nn23)c1,1780.0,intermediate,300.318,3.1757000000000026,0.0,5.0
CHEMBL2377873,Clc1ccccc1-c1nnc2sc(-c3ccoc3)nn12,1780.0,intermediate,302.746,3.7662000000000013,0.0,5.0
CHEMBL2375483,Brc1cccc(-c2nnc3sc(-c4ccoc4)nn23)c1,344.0,active,347.197,3.875300000000002,0.0,5.0
CHEMBL2375482,Brc1ccc(-c2nnc3sc(-c4ccoc4)nn23)cc1,1780.0,intermediate,347.197,3.875300000000002,0.0,5.0
CHEMBL2375481,COc1ccc(-c2nnc3sc(-c4ccoc4)nn23)cc1,1780.0,intermediate,298.327,3.1214000000000013,0.0,6.0
CHEMBL2380667,O=C1/C(=C/c2cccc3ccccc23)CN(C(=O)[C@H]2C[C@H]3CCCN3[C@]23C(=O)Nc2cc(Cl)ccc23)C/C1=C\c1cccc2ccccc12,5810.0,intermediate,664.2050000000002,7.856600000000007,1.0,4.0
CHEMBL2380677,O=C1/C(=C/c2ccc(F)cc2)CN(C(=O)[C@H]2C[C@H]3CCCN3[C@]23C(=O)Nc2cc(Cl)ccc23)C/C1=C\c1ccc(F)cc1,22320.0,inactive,600.0650000000003,5.828400000000006,1.0,4.0
CHEMBL2380676,O=C1/C(=C/c2ccc(Cl)cc2)CN(C(=O)[C@H]2C[C@H]3CCCN3[C@]23C(=O)Nc2cc(Cl)ccc23)C/C1=C\c1ccc(Cl)cc1,3360.0,intermediate,632.9750000000003,6.8570000000000055,1.0,4.0
CHEMBL2380675,Cc1ccc(/C=C2\CN(C(=O)[C@H]3C[C@H]4CCCN4[C@]34C(=O)Nc3cc(Cl)ccc34)C/C(=C\c3ccc(C)cc3)C2=O)cc1,7600.0,intermediate,592.1390000000002,6.167040000000006,1.0,4.0
CHEMBL2380674,O=C1/C(=C/c2ccc(Cl)cc2Cl)CN(C(=O)[C@H]2C[C@H]3CCCN3[C@]23C(=O)Nc2cc(Cl)ccc23)C/C1=C\c1ccc(Cl)cc1Cl,3330.0,intermediate,701.865,8.163800000000004,1.0,4.0
CHEMBL2380673,O=C1/C(=C/c2cccc([N+](=O)[O-])c2)CN(C(=O)[C@H]2C[C@H]3CCCN3[C@]23C(=O)Nc2cc(Cl)ccc23)C/C1=C\c1cccc([N+](=O)[O-])c1,4280.0,intermediate,654.0790000000003,5.366600000000005,1.0,8.0
CHEMBL2380672,O=C1/C(=C/c2ccccc2F)CN(C(=O)[C@H]2C[C@H]3CCCN3[C@]23C(=O)Nc2cc(Cl)ccc23)C/C1=C\c1ccccc1F,29510.0,inactive,600.0650000000003,5.828400000000006,1.0,4.0
CHEMBL2380671,O=C1/C(=C/c2ccccc2Cl)CN(C(=O)[C@H]2C[C@H]3CCCN3[C@]23C(=O)Nc2cc(Cl)ccc23)C/C1=C\c1ccccc1Cl,5080.0,intermediate,632.9750000000003,6.8570000000000055,1.0,4.0
CHEMBL2380670,COc1ccccc1/C=C1\CN(C(=O)[C@H]2C[C@H]3CCCN3[C@]23C(=O)Nc2cc(Cl)ccc23)C/C(=C\c2ccccc2OC)C1=O,14520.0,inactive,624.1370000000003,5.5674000000000055,1.0,6.0
CHEMBL2380669,Cc1ccccc1/C=C1\CN(C(=O)[C@H]2C[C@H]3CCCN3[C@]23C(=O)Nc2cc(Cl)ccc23)C/C(=C\c2ccccc2C)C1=O,11200.0,inactive,592.1390000000001,6.167040000000006,1.0,4.0
CHEMBL2380668,O=C1/C(=C/c2ccccc2)CN(C(=O)[C@H]2C[C@H]3CCCN3[C@]23C(=O)Nc2cc(Cl)ccc23)C/C1=C\c1ccccc1,15720.0,inactive,564.0850000000003,5.550200000000006,1.0,4.0
CHEMBL2381401,COc1ccc2cc(C(=O)CN3CCN(Cc4ccccc4)CC3)c(=O)oc2c1,1760.0,intermediate,392.45500000000015,2.802100000000001,0.0,6.0
CHEMBL2386558,CN(C)C(=O)[C@H]1C[C@@H]1c1ccc(-c2ncn(C)c2Sc2ccc(Cl)cn2)cc1,1630.0,intermediate,412.9460000000001,4.478400000000004,0.0,4.0
CHEMBL2396914,c1ccc2c(c1)CCCN2c1nc2ccccc2[nH]1,100000.0,inactive,249.317,3.6472000000000016,1.0,2.0
CHEMBL2396913,CC1CCCCN1c1nc2ccccc2[nH]1,88920.0,inactive,215.30000000000004,2.941700000000001,1.0,2.0
CHEMBL2396912,c1ccc2[nH]c(N3CCCCC3)nc2c1,59200.0,inactive,201.27299999999997,2.5532000000000004,1.0,2.0
CHEMBL1429841,c1ccc(Nc2nc3ccccc3[nH]2)nc1,100000.0,inactive,210.24000000000004,2.7014999999999993,2.0,3.0
CHEMBL2396911,c1ccc2[nH]c(NC34CC5CC(CC(C5)C3)C4)nc2c1,100000.0,inactive,267.3759999999999,3.9436000000000027,2.0,2.0
CHEMBL2396910,CN(C)CCCN(c1nc2ccccc2[nH]1)c1nc2ccccc2[nH]1,59680.0,inactive,334.4270000000001,3.5290000000000017,2.0,4.0
CHEMBL2396909,NCCNc1nc2ccccc2[nH]1,100000.0,inactive,176.223,0.9334999999999998,3.0,3.0
CHEMBL2396908,CC(C)(C)OC(=O)NCCNc1nc2ccccc2[nH]1,100000.0,inactive,276.34,2.4995000000000003,3.0,4.0
CHEMBL1572608,CCN(CC)CCCNc1nc2ccccc2[nH]1,100000.0,inactive,246.35800000000003,2.7067000000000005,2.0,3.0
CHEMBL2396907,c1ccc(CCCNc2nc3ccccc3[nH]2)cc1,100000.0,inactive,251.33300000000003,3.6076000000000015,2.0,2.0
CHEMBL2396906,COCCNc1nc2ccccc2[nH]1,100000.0,inactive,191.234,1.6211999999999998,2.0,3.0
CHEMBL2396905,CCCCN(C)c1nc2ccccc2[nH]1,100000.0,inactive,203.28900000000002,2.799200000000001,1.0,2.0
CHEMBL2396904,CCCCN(C)c1nc2ccccc2n1C,100000.0,inactive,217.316,2.8096000000000014,0.0,2.0
CHEMBL2396903,CCCCNc1nc2ccccc2n1C,100000.0,inactive,203.289,2.785300000000001,1.0,2.0
CHEMBL1376358,CCCCNc1nc2ccccc2[nH]1,100000.0,inactive,189.262,2.7749000000000006,2.0,2.0
CHEMBL145,O=C(O)/C=C/c1ccc(O)c(O)c1,100000.0,inactive,180.159,1.1956,3.0,3.0
CHEMBL1443379,C/C=C(\C)C(=O)OC(C)(C)[C@@H]1Cc2cc3ccc(=O)oc3cc2O1,100000.0,inactive,328.3640000000001,3.384500000000002,0.0,5.0
CHEMBL2402007,CC(C)=CC(=O)OC(C)(C)[C@@H]1Cc2cc3ccc(=O)oc3cc2O1,100000.0,inactive,328.3640000000001,3.384500000000002,0.0,5.0
CHEMBL164660,O=c1ccc2cc3ccoc3cc2o1,6480.0,intermediate,186.16599999999997,2.539200000000001,0.0,3.0
CHEMBL1079905,CCCn1cnc2c1c(=O)n(CCCCC(C)=O)c(=O)n2C,6400.0,intermediate,306.366,1.0659999999999998,0.0,4.0
CHEMBL628,CC(=O)CCCCn1c(=O)c2c(ncn2C)n(C)c1=O,6600.0,intermediate,278.31200000000007,0.19300000000000006,0.0,4.0
CHEMBL113,Cn1c(=O)c2c(ncn2C)n(C)c1=O,7250.0,intermediate,194.194,-1.0293,0.0,3.0
CHEMBL1424,O=c1[nH]c(=O)c2nc[nH]c2[nH]1,9000.0,intermediate,152.113,-1.0605000000000004,3.0,3.0
CHEMBL2409142,C=C[C@@H]1[C@H]2C=C(C)C[C@]1(N)c1ccc(=O)[nH]c1C2,489.0,active,242.32199999999997,1.8534,2.0,2.0
CHEMBL448799,C=C[C@@H]1[C@H]2C=C(C)C[C@]1(NC)c1ccc(=O)[nH]c1C2,15000.0,inactive,256.349,2.1140999999999996,2.0,2.0
CHEMBL2409141,CC1=C[C@H]2Cc3[nH]c(=O)ccc3[C@@]3(C1)[C@@H]2[C@H](C)CN3C,12100.0,inactive,270.37600000000003,2.2902000000000005,1.0,2.0
CHEMBL2409140,CC1=C[C@H]2Cc3[nH]c(=O)ccc3[C@@]3(C1)[C@@H]2[C@H](Cl)CCN3C,20900.0,inactive,304.82100000000014,2.651600000000001,1.0,2.0
CHEMBL2413744,Clc1ccc2[nH]c(-c3ccc(OCCN4CCOCC4)cc3)nc2c1,9730.0,intermediate,357.84100000000007,3.5943000000000014,1.0,4.0
CHEMBL2413743,Clc1ccc2[nH]c(-c3ccc(OCCN4CCCCC4)cc3)nc2c1,130.0,active,355.8690000000001,4.748000000000003,1.0,3.0
CHEMBL2413742,Clc1ccc2[nH]c(-c3ccc(OCCN4CCCC4)cc3)nc2c1,1400.0,intermediate,341.84200000000004,4.3579000000000025,1.0,3.0
CHEMBL2413741,CC(C)N(CCOc1ccc(-c2nc3cc(Cl)ccc3[nH]2)cc1)C(C)C,3680.0,intermediate,371.9120000000001,5.380900000000005,1.0,3.0
CHEMBL2413740,CCN(CC)CCOc1ccc(-c2nc3cc(Cl)ccc3[nH]2)cc1,8750.0,intermediate,343.858,4.603900000000003,1.0,3.0
CHEMBL2413739,CN(C)CCOc1ccc(-c2nc3cc(Cl)ccc3[nH]2)cc1,8020.0,intermediate,315.804,3.8237000000000023,1.0,3.0
CHEMBL2413738,Oc1ccc(-c2nc3cc(Cl)ccc3[nH]2)cc1,100000.0,inactive,244.68100000000004,3.5889000000000015,2.0,2.0
CHEMBL2413737,Cc1ccc2[nH]c(-c3ccc(OCCN4CCOCC4)cc3)nc2c1,12920.0,inactive,337.42300000000006,3.2493200000000018,1.0,4.0
CHEMBL2413736,Cc1ccc2[nH]c(-c3ccc(OCCN4CCCCC4)cc3)nc2c1,390.0,active,335.451,4.403020000000003,1.0,3.0
CHEMBL2413735,Cc1ccc2[nH]c(-c3ccc(OCCN4CCCC4)cc3)nc2c1,400.0,active,321.424,4.012920000000003,1.0,3.0
CHEMBL2413734,CCN(CC)CCOc1ccc(-c2nc3cc(C)ccc3[nH]2)cc1,50980.0,inactive,323.44,4.258920000000003,1.0,3.0
CHEMBL2413733,Cc1ccc2[nH]c(-c3ccc(OCCN(C)C)cc3)nc2c1,12340.0,inactive,295.386,3.478720000000002,1.0,3.0
CHEMBL2413732,Cc1ccc2[nH]c(-c3ccc(O)cc3)nc2c1,100000.0,inactive,224.26300000000003,3.243920000000001,2.0,2.0
CHEMBL2413561,c1ccc2[nH]c(-c3ccc(OCCN4CCOCC4)cc3)nc2c1,100000.0,inactive,323.39599999999996,2.940900000000001,1.0,4.0
CHEMBL2413560,c1ccc2[nH]c(-c3ccc(OCCN4CCCCC4)cc3)nc2c1,1030.0,intermediate,321.4239999999999,4.094600000000003,1.0,3.0
CHEMBL2413559,c1ccc2[nH]c(-c3ccc(OCCN4CCCC4)cc3)nc2c1,2130.0,intermediate,307.39699999999993,3.704500000000002,1.0,3.0
CHEMBL2413558,CC(C)N(CCOc1ccc(-c2nc3ccccc3[nH]2)cc1)C(C)C,23420.0,inactive,337.46700000000004,4.727500000000004,1.0,3.0
CHEMBL2413745,CCN(CC)CCOc1ccc(-c2nc3ccccc3[nH]2)cc1,100000.0,inactive,309.413,3.9505000000000026,1.0,3.0
CHEMBL2413746,CN(C)CCOc1ccc(-c2nc3ccccc3[nH]2)cc1,10680.0,inactive,281.359,3.170300000000001,1.0,3.0
CHEMBL377740,Oc1ccc(-c2nc3ccccc3[nH]2)cc1,100000.0,inactive,210.23600000000005,2.9355,2.0,2.0
CHEMBL2419690,N#Cc1cc(C#N)c(NC2CCN(Cc3ccccc3)CC2)nc1NC1CCN(Cc2ccccc2)CC1,7300.0,intermediate,505.67000000000036,4.977960000000005,2.0,7.0
CHEMBL2419689,N#Cc1c(NCCC2CCN(Cc3ccccc3)CC2)nc(NCCC2CCN(Cc3ccccc3)CC2)c(C#N)c1-c1ccccc1,9770.0,intermediate,637.8760000000003,7.920360000000009,2.0,7.0
CHEMBL2419688,N#Cc1cc(C#N)c(NCCCCC2CCN(Cc3ccccc3)CC2)nc1Cl,13.0,active,407.94900000000007,4.972760000000005,1.0,5.0
CHEMBL2419687,N#Cc1cc(C#N)c(NCCCC2CCN(Cc3ccccc3)CC2)nc1Cl,54.0,active,393.922,4.582660000000004,1.0,5.0
CHEMBL2419686,N#Cc1cc(C#N)c(NCCC2CCN(Cc3ccccc3)CC2)nc1Cl,310.0,active,379.8950000000001,4.192560000000004,1.0,5.0
CHEMBL2419685,N#Cc1cc(C#N)c(NC2CCN(Cc3ccccc3)CC2)nc1Cl,5350.0,intermediate,351.8410000000001,3.5548600000000024,1.0,5.0
CHEMBL2419684,N#Cc1c(Cl)nc(NCCCCC2CCN(Cc3ccccc3)CC2)c(C#N)c1-c1ccccc1,31.0,active,484.0470000000002,6.639760000000007,1.0,5.0
CHEMBL2419683,N#Cc1c(Cl)nc(NCCCC2CCN(Cc3ccccc3)CC2)c(C#N)c1-c1ccccc1,3860.0,intermediate,470.02000000000015,6.249660000000007,1.0,5.0
CHEMBL2419682,N#Cc1c(Cl)nc(NCCC2CCN(Cc3ccccc3)CC2)c(C#N)c1-c1ccccc1,4400.0,intermediate,455.99300000000017,5.859560000000005,1.0,5.0
CHEMBL2419681,N#Cc1c(Cl)nc(NC2CCN(Cc3ccccc3)CC2)c(C#N)c1-c1ccccc1,9430.0,intermediate,427.9390000000002,5.221860000000005,1.0,5.0
CHEMBL2425415,COc1ccc(NC(=S)NNC=C2C(=O)NC(=S)NC2=O)cc1,206310.0,inactive,351.41300000000007,-0.09900000000000081,5.0,6.0
CHEMBL2425414,O=C1NC(=S)NC(=O)C1=CNNC(=S)Nc1ccc(C(F)(F)F)cc1,99410.0,inactive,389.3840000000001,0.9112000000000002,5.0,5.0
CHEMBL2425413,O=C1NC(=O)C(=CNNC(=S)Nc2cccc(C(F)(F)F)c2)C(=O)N1,40780.0,inactive,373.31600000000003,0.7462999999999995,5.0,5.0
CHEMBL2425412,O=C1NC(=S)NC(=O)C1=CNNC(=S)Nc1ccc(Br)cc1,79210.0,inactive,400.28300000000013,0.6549,5.0,5.0
CHEMBL2425410,O=C1NC(=S)NC(=O)C1=CNNC(=S)Nc1ccc(Cl)cc1,121110.0,inactive,355.8320000000001,0.5458000000000001,5.0,5.0
CHEMBL2425409,O=C1NC(=S)NC(=O)C1=CNNC(=S)Nc1ccc(F)cc1,78410.0,inactive,339.3770000000001,0.031499999999999695,5.0,5.0
CHEMBL2425408,O=C1NC(=S)NC(=O)C1=CNNC(=S)Nc1ccccc1,115110.0,inactive,321.3870000000001,-0.10759999999999992,5.0,5.0
CHEMBL2425407,O=C(NNC=C1C(=O)NC(=S)NC1=O)Nc1ccccc1,74210.0,inactive,305.319,-0.2724999999999995,5.0,5.0
CHEMBL2425418,NC(=S)NNC=C1C(=O)NC(=O)NC1=O,119110.0,inactive,229.221,-2.4259000000000004,5.0,5.0
CHEMBL2425417,CC(=O)NC=C1C(=O)NC(=O)NC1=O,90910.0,inactive,197.14999999999998,-1.6275999999999993,3.0,4.0
CHEMBL2441695,COc1c(F)c[n+](CCC[n+]2cc(F)c(OC)c(F)c2)cc1F.O=S(=O)([O-])C(F)(F)F.O=S(=O)([O-])C(F)(F)F,28000.0,inactive,630.4350000000002,2.0283,0.0,8.0
CHEMBL2441694,COc1c(F)c[n+](C)cc1F.O=S(=O)([O-])C(F)(F)F,98000.0,inactive,309.212,0.8493,0.0,4.0
CHEMBL2441693,COc1cccc(C#N)[n+]1C.F[B-](F)(F)F,18000.0,inactive,235.97699999999995,1.6913799999999999,0.0,2.0
CHEMBL2441692,COc1ccc(C#N)c[n+]1C.F[B-](F)(F)F,64000.0,inactive,235.97699999999995,1.6913799999999999,0.0,2.0
CHEMBL2441691,COc1cc(C#N)cc[n+]1C.F[B-](F)(F)F,61000.0,inactive,235.97699999999995,1.6913799999999999,0.0,2.0
CHEMBL2441690,COc1ccc([N+](=O)[O-])c[n+]1C.F[B-](F)(F)F,35000.0,inactive,255.96399999999997,1.7278999999999998,0.0,3.0
CHEMBL2441689,COc1cccc(C(F)(F)F)[n+]1C.F[B-](F)(F)F,46000.0,inactive,278.96399999999994,2.8385000000000016,0.0,1.0
CHEMBL2441688,COc1ccc(C(F)(F)F)c[n+]1C.F[B-](F)(F)F,31000.0,inactive,278.964,2.8385000000000016,0.0,1.0
CHEMBL2441687,COc1ccc(F)c[n+]1C.F[B-](F)(F)F,17000.0,inactive,228.95699999999997,1.9588,0.0,1.0
CHEMBL2441686,COc1c(F)ccc[n+]1C.F[B-](F)(F)F,110000.0,inactive,228.95699999999997,1.9588,0.0,1.0
CHEMBL2441685,COc1cccc[n+]1C.F[B-](F)(F)F,46000.0,inactive,210.96699999999996,1.8197,0.0,1.0
CHEMBL2441684,COc1c(F)c[n+](CCCCCOc2ccc3c(C)cc(=O)oc3c2)cc1F.O=S(=O)([O-])C(F)(F)F,470.0,active,539.4750000000003,3.9764200000000036,0.0,7.0
CHEMBL2440134,COc1c(F)c[n+](CCCCOc2ccc3c(C)cc(=O)oc3c2)cc1F.O=S(=O)([O-])C(F)(F)F,530.0,active,525.4480000000002,3.5863200000000024,0.0,7.0
CHEMBL2441683,COc1c(F)c[n+](CCCOc2ccc3c(C)cc(=O)oc3c2)cc1F.O=S(=O)([O-])C(F)(F)F,1900.0,intermediate,511.42100000000016,3.196220000000002,0.0,7.0
CHEMBL2441682,COc1ccc(C(F)(F)F)c[n+]1CCCCCOc1ccc2c(C)cc(=O)oc2c1.O=S(=O)([O-])C(F)(F)F,1030.0,intermediate,571.4920000000004,4.717020000000004,0.0,7.0
CHEMBL2441681,COc1ccc(C(F)(F)F)c[n+]1CCCCOc1ccc2c(C)cc(=O)oc2c1.O=S(=O)([O-])C(F)(F)F,1110.0,intermediate,557.4650000000004,4.326920000000004,0.0,7.0
CHEMBL2441680,COc1ccc(C(F)(F)F)c[n+]1CCCOc1ccc2c(C)cc(=O)oc2c1.O=S(=O)([O-])C(F)(F)F,3600.0,intermediate,543.4380000000003,3.9368200000000027,0.0,7.0
CHEMBL2441679,COc1ccc(C(F)(F)F)c[n+]1CCCCC[n+]1cc(C(F)(F)F)ccc1OC.O=S(=O)([O-])C(F)(F)F.O=S(=O)([O-])C(F)(F)F,22000.0,inactive,722.5230000000005,4.289700000000003,0.0,8.0
CHEMBL2441678,COc1ccc(C(F)(F)F)c[n+]1CCC[n+]1cc(C(F)(F)F)ccc1OC.O=S(=O)([O-])C(F)(F)F.O=S(=O)([O-])C(F)(F)F,3600.0,intermediate,694.4690000000004,3.5095000000000027,0.0,8.0
CHEMBL2441677,COc1ccc(C(F)(F)F)c[n+]1CCCCCO.O=S(=O)([O-])C(F)(F)F,131000.0,inactive,413.336,2.215500000000001,1.0,5.0
CHEMBL2441676,COc1cc2c(cc1OC)C(=O)C(CCCCCCCc1cccc(OC)[n+]1C)C2.O=S(=O)([O-])C(F)(F)F,270.0,active,561.6190000000004,4.526600000000004,0.0,7.0
CHEMBL2441675,COc1cc2c(cc1OC)C(=O)C(CCCCCCc1cccc(OC)[n+]1C)C2.O=S(=O)([O-])C(F)(F)F,100.0,active,547.5920000000003,4.136500000000003,0.0,7.0
CHEMBL2441674,COc1cc2c(cc1OC)C(=O)C(CCCCCc1cccc(OC)[n+]1C)C2.O=S(=O)([O-])C(F)(F)F,130.0,active,533.5650000000003,3.746400000000002,0.0,7.0
CHEMBL2441673,COc1cc2c(cc1OC)C[N+](C)(CCCCCCCc1cccc(OC)[n+]1C)CC2.O=S(=O)([O-])C(F)(F)F.O=S(=O)([O-])C(F)(F)F,110.0,active,726.7550000000006,4.335600000000004,0.0,9.0
CHEMBL2441672,COc1cc2c(cc1OC)C[N+](C)(CCCCCCc1cccc(OC)[n+]1C)CC2.O=S(=O)([O-])C(F)(F)F.O=S(=O)([O-])C(F)(F)F,190.0,active,712.7280000000005,3.9455000000000036,0.0,9.0
CHEMBL2441671,COc1cc2c(cc1OC)C[N+](C)(CCCCCc1cccc(OC)[n+]1C)CC2.O=S(=O)([O-])C(F)(F)F.O=S(=O)([O-])C(F)(F)F,460.0,active,698.7010000000005,3.5554000000000023,0.0,9.0
CHEMBL2441670,COc1cc2c(cc1OC)C[N+](C)(CCCCc1cccc(OC)[n+]1C)CC2.O=S(=O)([O-])C(F)(F)F.O=S(=O)([O-])C(F)(F)F,5500.0,intermediate,684.6740000000004,3.165300000000002,0.0,9.0
CHEMBL2441669,COc1cccc(CCCCCCCCc2cccc(OC)[n+]2C)[n+]1C.O=S(=O)([O-])C(F)(F)F.O=S(=O)([O-])C(F)(F)F,190.0,active,656.6640000000003,3.581400000000002,0.0,8.0
CHEMBL2441668,COc1cccc(CCCCCCCc2cccc(OC)[n+]2C)[n+]1C.O=S(=O)([O-])C(F)(F)F.O=S(=O)([O-])C(F)(F)F,120.0,active,642.6370000000003,3.191300000000002,0.0,8.0
CHEMBL2441667,COc1cccc(CCCCCCc2cccc(OC)[n+]2C)[n+]1C.O=S(=O)([O-])C(F)(F)F.O=S(=O)([O-])C(F)(F)F,70.0,active,628.6100000000002,2.8012000000000015,0.0,8.0
CHEMBL2441666,COc1cccc(CCCCCc2cccc(OC)[n+]2C)[n+]1C.O=S(=O)([O-])C(F)(F)F.O=S(=O)([O-])C(F)(F)F,110.0,active,614.5830000000002,2.4111000000000002,0.0,8.0
CHEMBL2441665,COc1cccc(CCc2cccc(OC)[n+]2C)[n+]1C.O=S(=O)([O-])C(F)(F)F.O=S(=O)([O-])C(F)(F)F,1100.0,intermediate,572.5020000000003,1.2408000000000001,0.0,8.0
CHEMBL3087683,CC(C(=O)NCCCNCCCNC1=CC(=O)c2ccccc2C1=O)c1ccc(-c2ccccc2)c(F)c1,107000.0,inactive,513.6130000000002,4.6349000000000045,3.0,5.0
CHEMBL3087682,CC(C(=O)NCCCNC1=CC(=O)C(NCCCNC(=O)C(C)c2ccc(-c3ccccc3)c(F)c2)=CC1=O)c1ccc(-c2ccccc2)c(F)c1,20000.0,inactive,704.8180000000001,6.317400000000007,4.0,6.0
CHEMBL3087681,CC(C(=O)NCCCCCCNC1=CC(=O)C(NCCCCCCNC(=O)C(C)c2ccc(-c3ccccc3)c(F)c2)=CC1=O)c1ccc(-c2ccccc2)c(F)c1,20000.0,inactive,788.9800000000005,8.658000000000005,4.0,6.0
CHEMBL3087680,C[C@H](C(=O)NCCCNCCCNC1=CC(=O)C(NCCCNCCCNC(=O)[C@@H](C)c2ccc(-c3ccccc3)c(F)c2)=CC1=O)c1ccc(-c2ccccc2)c(F)c1,2890.0,intermediate,819.0100000000003,6.276800000000009,6.0,8.0
CHEMBL3087679,C[C@@H](C(=O)NCCCNCCCNC1=CC(=O)C(NCCCNCCCNC(=O)[C@H](C)c2ccc(-c3ccccc3)c(F)c2)=CC1=O)c1ccc(-c2ccccc2)c(F)c1,27800.0,inactive,819.0100000000003,6.276800000000009,6.0,8.0
CHEMBL3087677,COc1ccc2c(c1)c(CC(=O)NCCCNCCCNC1=CC(=O)C(NCCCNCCCNC(=O)Cc3c(C)n(C(=O)c4ccc(Cl)cc4)c4ccc(OC)cc34)=CC1=O)c(C)n2C(=O)c1ccc(Cl)cc1,10300.0,inactive,1046.0659999999998,6.769840000000008,6.0,12.0
CHEMBL3087676,O=C(Cc1ccccc1Nc1c(Cl)cccc1Cl)NCCCNCCCNC1=CC(=O)C(NCCCNCCCNC(=O)Cc2ccccc2Nc2c(Cl)cccc2Cl)=CC1=O,15400.0,inactive,922.7859999999997,7.643400000000007,8.0,10.0
CHEMBL3087675,CC1=C(CC(=O)NCCCNCCCNC2=CC(=O)C(NCCCNCCCNC(=O)CC3=C(C)/C(=C\c4ccc([S+](C)[O-])cc4)c4ccc(F)cc43)=CC2=O)c2cc(F)ccc2/C1=C/c1ccc([S+](C)[O-])cc1,9540.0,intermediate,1043.3160000000003,7.64620000000001,6.0,10.0
CHEMBL3087674,CC(C)Cc1ccc(C(C)C(=O)NCCCNCCCNC2=CC(=O)C(NCCCNCCCNC(=O)C(C)c3ccc(CC(C)C)cc3)=CC2=O)cc1,600.0,active,743.0500000000002,5.061600000000009,6.0,8.0
CHEMBL3085881,CCn1c(=O)n(C)s/c1=N\CCC1CCN(Cc2ccccc2)CC1,140.0,active,360.52700000000004,2.4711999999999996,0.0,4.0
CHEMBL430403,CCOC(=O)C1=C(C)Oc2nc3c(c(N)c2C1c1ccc(C)cc1)CCCC3,182.0,active,378.4720000000002,4.212420000000003,1.0,5.0
CHEMBL398628,CCOC(=O)C1=C(C)Oc2nc3c(c(N)c2C1c1ccc(OC)cc1)CCCC3,868.0,active,394.47100000000023,3.912600000000003,1.0,6.0
CHEMBL3086279,COc1cc2c(cc1OC)[Se](=O)N(CCC1CCN(Cc3ccccc3)CC1)C2=O,163.0,active,475.44700000000034,2.587600000000001,0.0,5.0
CHEMBL3086278,COc1cc2[se]n(CCCCC3CCN(Cc4ccccc4)CC3)c(=O)c2cc1OC,103.0,active,487.5020000000003,4.1582000000000034,0.0,4.0
CHEMBL3086277,COc1cc2[se]n(CCCC3CCN(Cc4ccccc4)CC3)c(=O)c2cc1OC,231.0,active,473.47500000000025,3.768100000000003,0.0,4.0
CHEMBL3086276,COc1cc2[se]n(CCC3CCN(Cc4ccccc4)CC3)c(=O)c2cc1OC,97.0,active,459.44800000000026,3.378000000000002,0.0,4.0
CHEMBL3093180,O=C1/C(=C/c2ccc(F)cc2)COc2cc(OCCCCCCNc3c4c(nc5ccccc35)CCCC4)ccc21,105.3,active,550.6740000000004,7.962700000000008,1.0,5.0
CHEMBL3093175,COc1ccc(/C=C2\COc3cc(OCCCCCCCCNc4c5c(nc6ccccc46)CCCC5)ccc3C2=O)cc1,121.6,active,590.7640000000004,8.612400000000004,1.0,6.0
CHEMBL3093174,COc1ccc(/C=C2\COc3cc(OCCCCCCNc4c5c(nc6ccccc46)CCCC5)ccc3C2=O)cc1,156.8,active,562.7100000000004,7.832200000000007,1.0,6.0
CHEMBL3093173,COc1ccc(/C=C2\COc3cc(OCCCCCNc4c5c(nc6ccccc46)CCCC5)ccc3C2=O)cc1,98.0,active,548.6830000000003,7.442100000000007,1.0,6.0
CHEMBL3093791,COc1cc2[se]n(CCCCCCNc3c4c(nc5ccccc35)CCCC4)c(=O)c2cc1OC,15.13,active,538.5500000000003,5.175200000000005,1.0,5.0
CHEMBL3093787,O=c1c2ccccc2[se]n1CCCCCCNc1c2c(nc3ccccc13)CCCC2,19.52,active,478.49800000000033,5.158000000000004,1.0,3.0
CHEMBL3093804,[Br-].[Br-].c1cc[n+](CCCCCCCCCCCC[n+]2cccc3ccccc32)cc1,4.7,active,536.3960000000005,0.02400000000000513,0.0,0.0
CHEMBL3093803,[Br-].[Br-].c1cc[n+](CCCCCCCCCCC[n+]2cccc3ccccc32)cc1,17.0,active,522.3690000000005,-0.36609999999999454,0.0,0.0
CHEMBL3093802,[Br-].[Br-].c1cc[n+](CCCCCCCCCC[n+]2cccc3ccccc32)cc1,5.0,active,508.3420000000004,-0.7561999999999942,0.0,0.0
CHEMBL3093801,[Br-].[Br-].c1cc[n+](CCCCCCCCC[n+]2cccc3ccccc32)cc1,120.0,active,494.31500000000034,-1.1462999999999937,0.0,0.0
CHEMBL3093800,[Br-].[Br-].c1cc[n+](CCCCCCCC[n+]2cccc3ccccc32)cc1,270.0,active,480.2880000000003,-1.5363999999999933,0.0,0.0
CHEMBL3093799,[Br-].[Br-].c1cc[n+](CCCCCCC[n+]2cccc3ccccc32)cc1,540.0,active,466.26100000000025,-1.926499999999993,0.0,0.0
CHEMBL3093798,[Br-].[Br-].c1cc[n+](CCCCCCCCCCC[n+]2ccc3ccccc3c2)cc1,30.0,active,522.3690000000005,-0.36609999999999454,0.0,0.0
CHEMBL3093797,[Br-].[Br-].c1cc[n+](CCCCCCCCCC[n+]2ccc3ccccc3c2)cc1,20.0,active,508.3420000000004,-0.7561999999999942,0.0,0.0
CHEMBL3093796,[Br-].[Br-].c1cc[n+](CCCCCCCCC[n+]2ccc3ccccc3c2)cc1,40.0,active,494.31500000000034,-1.1462999999999937,0.0,0.0
CHEMBL3093795,[Br-].[Br-].c1cc[n+](CCCCCCCC[n+]2ccc3ccccc3c2)cc1,140.0,active,480.2880000000003,-1.5363999999999933,0.0,0.0
CHEMBL3093794,[Br-].[Br-].c1cc[n+](CCCCCCC[n+]2ccc3ccccc3c2)cc1,800.0,active,466.26100000000025,-1.926499999999993,0.0,0.0
CHEMBL187266,Cc1coc2c1C(=O)C(=O)c1c-2ccc2c1CCCC2(C)C,140000.0,inactive,294.35,4.247920000000003,0.0,3.0
CHEMBL363535,Cc1coc2c1C(=O)C(=O)c1c-2ccc2c(C)cccc12,50000.0,inactive,276.291,4.095640000000003,0.0,3.0
CHEMBL227075,Cc1cccc2c3c(ccc12)C1=C(C(=O)C3=O)[C@@H](C)CO1,1000.0,active,278.307,3.2910200000000023,0.0,3.0
CHEMBL3099500,CN(CCCCNc1c2c(nc3c(NC(=O)CNC(=O)CC[C@H](NC(=O)CNC(=O)OCc4ccccc4)C(=O)N[C@@H](Cc4ccccc4)C(=O)OCc4ccccc4)cccc13)CCCC2)CCCNc1c2c(nc3ccccc13)CCCC2,113000.0,inactive,1151.4229999999998,8.88370000000001,7.0,13.0
CHEMBL51085,O=c1c2ccccc2[se]n1-c1ccccc1,15000.0,inactive,274.181,2.0477,0.0,1.0
CHEMBL3115026,COc1cc2[se]n(-c3ccc(OCCCCN4CCCCC4)cc3)c(=O)c2cc1OC,3410.0,intermediate,489.47400000000044,3.709800000000002,0.0,5.0
CHEMBL3112614,COc1cc2[se]n(-c3ccc(OCCCN4CCCCC4)cc3)c(=O)c2cc1OC,5150.0,intermediate,475.4470000000004,3.319700000000002,0.0,5.0
CHEMBL3115025,COc1cc2[se]n(-c3ccc(OCCN4CCCCC4)cc3)c(=O)c2cc1OC,450.0,active,461.42000000000036,2.9296000000000015,0.0,5.0
CHEMBL3115024,COc1cc2[se]n(-c3ccc(CCN4CCCCC4)cc3)c(=O)c2cc1OC,10520.0,inactive,445.42100000000033,3.093300000000002,0.0,4.0
CHEMBL3115023,COc1cc2[se]n(-c3ccc(CCN4CCCC4)cc3)c(=O)c2cc1OC,13940.0,inactive,431.3940000000003,2.7032000000000007,0.0,4.0
CHEMBL3115022,COc1cc2[se]n(-c3ccc(CN(C)Cc4ccccc4)cc3)c(=O)c2cc1OC,15000.0,inactive,467.42700000000025,3.696900000000003,0.0,4.0
CHEMBL3115021,COc1cc2[se]n(-c3ccc(CN4CCCCC4)cc3)c(=O)c2cc1OC,1440.0,intermediate,431.3940000000003,3.0508000000000015,0.0,4.0
CHEMBL3115020,COc1cc2[se]n(-c3ccc(CN4CCCC4)cc3)c(=O)c2cc1OC,4310.0,intermediate,417.36700000000025,2.660700000000001,0.0,4.0
CHEMBL3115029,O=c1c2ccccc2[se]n1-c1ccc(OCCN2CCCCC2)cc1,10930.0,inactive,401.36800000000034,2.9124000000000008,0.0,3.0
CHEMBL3115028,O=c1c2ccccc2[se]n1-c1ccc(CCN2CCCC2)cc1,15000.0,inactive,371.34200000000027,2.686000000000001,0.0,2.0
CHEMBL3115027,O=c1c2ccccc2[se]n1-c1ccc(CN2CCCCC2)cc1,10850.0,inactive,371.34200000000027,3.0336000000000016,0.0,2.0
CHEMBL3115038,CN1CC[C@@H](C(=O)N2C/C(=C\c3cccc4ccccc34)C(=O)[C@@]3(C2)[C@H](c2cccc4ccccc24)CN(C)[C@]32C(=O)Nc3ccccc32)[C@@]12C(=O)Nc1ccccc12,4930.0,intermediate,777.9250000000001,7.150200000000007,2.0,6.0
CHEMBL3115037,CN1CC[C@@H](C(=O)N2C/C(=C\c3ccc(F)cc3)C(=O)[C@@]3(C2)[C@H](c2ccc(F)cc2)CN(C)[C@]32C(=O)Nc3ccccc32)[C@@]12C(=O)Nc1ccccc12,2350.0,intermediate,713.7850000000002,5.122000000000004,2.0,6.0
CHEMBL3115036,CN1CC[C@@H](C(=O)N2C/C(=C\c3ccc(Cl)cc3)C(=O)[C@@]3(C2)[C@H](c2ccc(Cl)cc2)CN(C)[C@]32C(=O)Nc3ccccc32)[C@@]12C(=O)Nc1ccccc12,6140.0,intermediate,746.6950000000002,6.150600000000006,2.0,6.0
CHEMBL3115035,Cc1ccc(/C=C2\CN(C(=O)[C@@H]3CCN(C)[C@]34C(=O)Nc3ccccc34)C[C@]3(C2=O)[C@H](c2ccc(C)cc2)CN(C)[C@]32C(=O)Nc3ccccc32)cc1,7670.0,intermediate,705.859,5.460640000000005,2.0,6.0
CHEMBL3115034,CN1CC[C@@H](C(=O)N2C/C(=C\c3ccc(Cl)cc3Cl)C(=O)[C@@]3(C2)[C@H](c2ccc(Cl)cc2Cl)CN(C)[C@]32C(=O)Nc3ccccc32)[C@@]12C(=O)Nc1ccccc12,4420.0,intermediate,815.5849999999999,7.457400000000008,2.0,6.0
CHEMBL3115033,CN1CC[C@@H](C(=O)N2C/C(=C\c3cccc([N+](=O)[O-])c3)C(=O)[C@@]3(C2)[C@H](c2cccc([N+](=O)[O-])c2)CN(C)[C@]32C(=O)Nc3ccccc32)[C@@]12C(=O)Nc1ccccc12,2470.0,intermediate,767.7990000000002,4.660200000000003,2.0,10.0
CHEMBL3115032,CN1CC[C@@H](C(=O)N2C/C(=C\c3ccccc3F)C(=O)[C@@]3(C2)[C@H](c2ccccc2F)CN(C)[C@]32C(=O)Nc3ccccc32)[C@@]12C(=O)Nc1ccccc12,6180.0,intermediate,713.7850000000002,5.122000000000004,2.0,6.0
CHEMBL3115031,CN1CC[C@@H](C(=O)N2C/C(=C\c3ccccc3Cl)C(=O)[C@@]3(C2)[C@H](c2ccccc2Cl)CN(C)[C@]32C(=O)Nc3ccccc32)[C@@]12C(=O)Nc1ccccc12,5190.0,intermediate,746.6950000000002,6.150600000000007,2.0,6.0
CHEMBL3115030,COc1ccccc1/C=C1\CN(C(=O)[C@@H]2CCN(C)[C@]23C(=O)Nc2ccccc23)C[C@]2(C1=O)[C@H](c1ccccc1OC)CN(C)[C@]21C(=O)Nc2ccccc21,4730.0,intermediate,737.857,4.861000000000004,2.0,8.0
CHEMBL3115198,Cc1ccccc1/C=C1\CN(C(=O)[C@@H]2CCN(C)[C@]23C(=O)Nc2ccccc23)C[C@]2(C1=O)[C@H](c1ccccc1C)CN(C)[C@]21C(=O)Nc2ccccc21,9430.0,intermediate,705.8589999999999,5.460640000000005,2.0,6.0
CHEMBL3115197,CN1CC[C@@H](C(=O)N2C/C(=C\c3ccccc3)C(=O)[C@@]3(C2)[C@H](c2ccccc2)CN(C)[C@]32C(=O)Nc3ccccc32)[C@@]12C(=O)Nc1ccccc12,2630.0,intermediate,677.8050000000002,4.843800000000004,2.0,6.0
CHEMBL3115196,C=CC(=O)N1C/C(=C\c2cccc3ccccc23)C(=O)[C@@]2(C1)[C@H](c1cccc3ccccc13)CN(C)[C@]21C(=O)Nc2ccccc21,7590.0,intermediate,603.7220000000003,6.536900000000007,1.0,4.0
CHEMBL3115048,C=CC(=O)N1C/C(=C\c2ccc(F)cc2)C(=O)[C@@]2(C1)[C@H](c1ccc(F)cc1)CN(C)[C@]21C(=O)Nc2ccccc21,7800.0,intermediate,539.5820000000002,4.508700000000004,1.0,4.0
CHEMBL3115047,C=CC(=O)N1C/C(=C\c2ccc(Cl)cc2)C(=O)[C@@]2(C1)[C@H](c1ccc(Cl)cc1)CN(C)[C@]21C(=O)Nc2ccccc21,8400.0,intermediate,572.4920000000003,5.537300000000005,1.0,4.0
CHEMBL3115046,C=CC(=O)N1C/C(=C\c2ccc(C)cc2)C(=O)[C@@]2(C1)[C@H](c1ccc(C)cc1)CN(C)[C@]21C(=O)Nc2ccccc21,7490.0,intermediate,531.6560000000003,4.847340000000004,1.0,4.0
CHEMBL3115045,C=CC(=O)N1C/C(=C\c2ccc(Cl)cc2Cl)C(=O)[C@@]2(C1)[C@H](c1ccc(Cl)cc1Cl)CN(C)[C@]21C(=O)Nc2ccccc21,6140.0,intermediate,641.3820000000002,6.844100000000005,1.0,4.0
CHEMBL3115044,C=CC(=O)N1C/C(=C\c2cccc([N+](=O)[O-])c2)C(=O)[C@@]2(C1)[C@H](c1cccc([N+](=O)[O-])c1)CN(C)[C@]21C(=O)Nc2ccccc21,5340.0,intermediate,593.5960000000003,4.046900000000003,1.0,8.0
CHEMBL3115043,C=CC(=O)N1C/C(=C\c2ccccc2F)C(=O)[C@@]2(C1)[C@H](c1ccccc1F)CN(C)[C@]21C(=O)Nc2ccccc21,6880.0,intermediate,539.5820000000002,4.508700000000004,1.0,4.0
CHEMBL3115042,C=CC(=O)N1C/C(=C\c2ccccc2Cl)C(=O)[C@@]2(C1)[C@H](c1ccccc1Cl)CN(C)[C@]21C(=O)Nc2ccccc21,5120.0,intermediate,572.4920000000003,5.5373000000000046,1.0,4.0
CHEMBL3115041,C=CC(=O)N1C/C(=C\c2ccccc2OC)C(=O)[C@@]2(C1)[C@H](c1ccccc1OC)CN(C)[C@]21C(=O)Nc2ccccc21,4100.0,intermediate,563.6540000000003,4.247700000000003,1.0,6.0
CHEMBL3115040,C=CC(=O)N1C/C(=C\c2ccccc2C)C(=O)[C@@]2(C1)[C@H](c1ccccc1C)CN(C)[C@]21C(=O)Nc2ccccc21,3970.0,intermediate,531.6560000000003,4.847340000000004,1.0,4.0
CHEMBL3115039,C=CC(=O)N1C/C(=C\c2ccccc2)C(=O)[C@@]2(C1)[C@H](c1ccccc1)CN(C)[C@]21C(=O)Nc2ccccc21,8740.0,intermediate,503.60200000000026,4.230500000000004,1.0,4.0
CHEMBL3116301,Brc1ccc2c(c1)c(OCc1ccc3ccccc3c1)nn2CCN1CCCCC1,10000.0,inactive,464.4070000000003,6.016900000000006,0.0,3.0
CHEMBL3116300,Nc1ccc2c(c1)c(OCc1ccc3ccccc3c1)nn2CCN1CCCCC1,10000.0,inactive,400.5260000000003,4.836600000000004,1.0,4.0
CHEMBL3116299,Nc1ccc2c(c1)c(OCc1cccc3ccccc13)nn2CCN1CCCC1,25000.0,inactive,386.4990000000003,4.446500000000004,1.0,4.0
CHEMBL3116298,Nc1ccc2c(c1)c(OCc1ccccc1)nn2Cc1ccccc1,8600.0,intermediate,329.403,4.245800000000003,1.0,3.0
CHEMBL3116297,O=[N+]([O-])c1ccc2c(c1)c(OCc1ccc3ccccc3c1)nn2Cc1ccc2ccccc2c1,10000.0,inactive,459.50500000000017,6.878200000000006,0.0,4.0
CHEMBL3116296,O=[N+]([O-])c1ccc2c(c1)c(OCc1ccc3ccccc3c1)nn2Cc1ccccc1,6300.0,intermediate,409.4450000000001,5.725000000000005,0.0,4.0
CHEMBL3116295,O=[N+]([O-])c1ccc2c(c1)c(OCc1ccc3ccccc3c1)nn2CCN1CCOCC1,10000.0,inactive,432.4800000000003,4.008900000000003,0.0,6.0
CHEMBL3116294,O=[N+]([O-])c1ccc2c(c1)c(OCc1ccc3ccccc3c1)nn2CCN1CCCCC1,10000.0,inactive,430.5080000000003,5.162600000000006,0.0,5.0
CHEMBL3116293,CCCCCn1nc(OCc2ccc3ccccc3c2)c2cc([N+](=O)[O-])ccc21,8200.0,intermediate,389.45500000000015,5.866900000000005,0.0,4.0
CHEMBL3116292,O=[N+]([O-])c1ccc2c(c1)c(OCc1cccc3ccccc13)nn2Cc1cccc2ccccc12,6700.0,intermediate,459.50500000000017,6.878200000000005,0.0,4.0
CHEMBL3116291,O=[N+]([O-])c1ccc2c(c1)c(OCc1cccc3ccccc13)nn2CCN1CCCC1,25000.0,inactive,416.4810000000003,4.772500000000004,0.0,5.0
CHEMBL3116290,COc1ccc(COc2nn(CCN(C(C)C)C(C)C)c3ccc([N+](=O)[O-])cc23)cc1,91000.0,inactive,426.51700000000017,4.6509000000000045,0.0,6.0
CHEMBL3116289,CCCCCn1nc(OCc2ccc(OC)cc2)c2cc([N+](=O)[O-])ccc21,9700.0,intermediate,369.4210000000001,4.722300000000005,0.0,5.0
CHEMBL1973869,O=[N+]([O-])c1ccc2c(c1)c(OCc1ccccc1)nn2Cc1ccccc1,7300.0,intermediate,359.38500000000005,4.571800000000003,0.0,4.0
CHEMBL3116288,O=[N+]([O-])c1ccc2c(c1)c(OCC1CCCCC1)nn2Cc1ccccc1,10000.0,inactive,365.433,4.951900000000004,0.0,4.0
CHEMBL3116287,CCCCCOc1nn(CCCCC)c2ccc([N+](=O)[O-])cc12,4200.0,intermediate,319.40500000000003,4.703700000000004,0.0,4.0
CHEMBL3116286,c1ccc2cc(COc3nn(CCN4CCCCC4)c4ccccc34)ccc2c1,10000.0,inactive,385.511,5.254400000000005,0.0,3.0
CHEMBL3116285,c1ccc2c(COc3nn(Cc4cccc5ccccc45)c4ccccc34)cccc2c1,10000.0,inactive,414.50800000000015,6.970000000000005,0.0,2.0
CHEMBL3116284,c1ccc2c(COc3nn(CCN4CCCCC4)c4ccccc34)cccc2c1,10000.0,inactive,385.511,5.254400000000005,0.0,3.0
CHEMBL3116283,c1ccc2c(COc3nn(CCN4CCCC4)c4ccccc34)cccc2c1,10000.0,inactive,371.484,4.8643000000000045,0.0,3.0
CHEMBL3116282,CC(C)N(CCn1nc(OCc2cccc3ccccc23)c2ccccc21)C(C)C,10000.0,inactive,401.55400000000014,5.887300000000006,0.0,3.0
CHEMBL3116281,COc1ccc(COc2nn(Cc3ccc(OC)cc3)c3ccccc23)cc1,10000.0,inactive,374.44000000000005,4.680800000000004,0.0,4.0
CHEMBL3116280,COc1ccc(COc2nn(CCN(C(C)C)C(C)C)c3ccccc23)cc1,10000.0,inactive,381.5200000000001,4.742700000000005,0.0,4.0
CHEMBL3116279,c1ccc(COc2nn(Cc3ccccc3)c3ccccc23)cc1,2900.0,intermediate,314.38800000000003,4.663600000000003,0.0,2.0
CHEMBL3116278,c1ccc2c(c1)c(OCC1CCCCC1)nn2CC1CCCCC1,7100.0,intermediate,326.48400000000015,5.575700000000005,0.0,2.0
CHEMBL3122169,CCNCc1ccc2nc(-c3cccnc3)c3c(c2c1)NCCC3,15800.0,inactive,318.4240000000001,3.764400000000002,2.0,4.0
CHEMBL3122168,CCNCc1ccc2nc(-c3ccc(Cl)cc3)c3c(c2c1)NCCC3,556.0,active,351.8810000000002,5.022800000000004,2.0,3.0
CHEMBL3122167,CCNC(=O)c1ccc2nc(-c3ccc(Cl)cc3)c3c(c2c1)NCCC3,65.0,active,365.86400000000015,4.663000000000003,2.0,3.0
CHEMBL3122166,CCOC(=O)c1ccc2nc(-c3cccnc3)c3c(c2c1)NCCC3,22800.0,inactive,333.39100000000013,3.8316000000000026,1.0,5.0
CHEMBL3122150,CCNCc1ccc2nc(-c3ccc(Cl)cc3)c3c(c2c1)N(Cc1ccccc1)CCC3,942.0,active,442.0060000000003,6.617500000000007,1.0,3.0
CHEMBL3122149,CCNC(=O)c1ccc2nc(-c3ccc(Cl)cc3)c3c(c2c1)N(Cc1ccccc1)CCC3,801.0,active,455.98900000000026,6.257700000000006,1.0,3.0
CHEMBL3122148,CCOC(=O)c1ccc2nc(-c3ccc(Cl)cc3)c3c(c2c1)N(Cc1ccc(OC)cc1)CCC3,25000.0,inactive,486.99900000000036,6.693300000000006,0.0,5.0
CHEMBL3122147,CCOC(=O)c1ccc2nc(-c3ccc(Cl)cc3)c3c(c2c1)NCCC3,25000.0,inactive,366.8480000000002,5.090000000000003,1.0,4.0
CHEMBL3122146,CCOC(=O)c1ccc2nc(-c3ccc(C(=O)OC)cc3)c3c(c2c1)N(Cc1ccccc1)CCC3,25000.0,inactive,480.56400000000025,5.817900000000006,0.0,6.0
CHEMBL3122145,CCOC(=O)c1ccc2nc(-c3cccnc3)c3c(c2c1)N(Cc1ccccc1)CCC3,1060.0,intermediate,423.51600000000025,5.426300000000005,0.0,5.0
CHEMBL3122172,CCOC(=O)c1ccc2nc(-c3ccc(Cl)cc3)c3c(c2c1)N(Cc1ccccc1)CCC3,25000.0,inactive,456.9730000000003,6.6847000000000065,0.0,4.0
CHEMBL3120185,CCOC(=O)c1ccc2nc(-c3ccc(C(=O)OC)cc3)c3c(c2c1)N(Cc1ccccc1)C(=O)CC3,25000.0,inactive,494.54700000000025,5.344500000000005,0.0,6.0
CHEMBL3122171,CCOC(=O)c1ccc2nc(-c3cccnc3)c3c(c2c1)N(Cc1ccccc1)C(=O)CC3,13000.0,inactive,437.49900000000025,4.952900000000005,0.0,5.0
CHEMBL3122170,CCOC(=O)c1ccc2nc(-c3ccc(Cl)cc3)c3c(c2c1)N(Cc1ccccc1)C(=O)CC3,4150.0,intermediate,470.9560000000003,6.211300000000006,0.0,4.0
CHEMBL3127003,CCN(CCCCOc1ccc(-c2coc3cc(OCCCCN(CC)Cc4ccccc4OC)cc(O)c3c2=O)cc1)Cc1ccccc1OC,350.0,active,708.8960000000003,8.545000000000007,1.0,9.0
CHEMBL3126996,CCN(CCCCOc1ccc(-c2coc3cc(O)cc(O)c3c2=O)cc1)Cc1ccccc1OC,3880.0,intermediate,489.56800000000027,5.560900000000007,2.0,7.0
CHEMBL3127006,CCN(CCCCCCOc1cc(O)c2c(=O)c(-c3ccc(O)cc3)coc2c1)Cc1ccccc1,5800.0,intermediate,487.59600000000023,6.332500000000008,2.0,6.0
CHEMBL3133436,Cn1ncc2c1-c1c(Br)sc(Br)c1C2NC(=O)CN1CCN(Cc2ccccc2F)CC1,880.0,active,583.3250000000002,4.149500000000003,1.0,5.0
CHEMBL3133434,O=C(CN1CCN(Cc2ccccc2)CC1)NC1c2cnn(-c3ccccc3)c2-c2c(Br)sc(Br)c21,870.0,active,627.4060000000001,5.462600000000005,1.0,5.0
CHEMBL3133433,Cn1ncc2c1-c1c(Br)sc(Br)c1C2NC(=O)CN1CCN(Cc2ccccc2)CC1,330.0,active,565.3350000000002,4.010400000000003,1.0,5.0
CHEMBL3133432,O=C(CN1CCN(Cc2ccccc2)CC1)NC1c2cn[nH]c2-c2c(Br)sc(Br)c21,1130.0,intermediate,551.3080000000001,4.000000000000003,2.0,5.0
CHEMBL3133430,Cn1ncc2c1-c1sccc1C2NC(=O)CN1CCN(Cc2ccccc2F)CC1,1320.0,intermediate,425.5330000000003,2.624500000000001,1.0,5.0
CHEMBL3133427,Cn1ncc2c1-c1sccc1C2NC(=O)CN1CCN(Cc2ccccc2)CC1,930.0,active,407.5430000000003,2.485400000000001,1.0,5.0
CHEMBL3133444,O=C(CN1CCN(Cc2ccccc2)CC1)NC1c2cn[nH]c2-c2sccc21,9180.0,intermediate,393.51600000000013,2.4750000000000005,2.0,5.0
CHEMBL3133443,COc1cc2c(cc1OC)C(NC(=O)CN1CCN(Cc3ccccc3F)CC1)c1cnn(-c3ccccc3)c1-2,2430.0,intermediate,541.6270000000002,4.032400000000003,1.0,6.0
CHEMBL3133442,COc1cc2c(cc1OC)C(NC(=O)CN1CCN(Cc3ccccc3F)CC1)c1cnn(C)c1-2,2440.0,intermediate,479.5560000000002,2.5802000000000005,1.0,6.0
CHEMBL3133440,COc1cc2c(cc1OC)C(NC(=O)CN1CCN(Cc3ccccc3)CC1)c1cnn(-c3ccccc3)c1-2,2990.0,intermediate,523.6370000000002,3.8933000000000026,1.0,6.0
CHEMBL3133439,COc1cc2c(cc1OC)C(NC(=O)CN1CCN(Cc3ccccc3)CC1)c1cnn(C)c1-2,1840.0,intermediate,461.5660000000002,2.4411000000000005,1.0,6.0
CHEMBL3220507,Cc1ccc(C(=O)Nc2cc3cc(C)ccc3oc2=O)cc1,41370.0,inactive,293.322,3.6621400000000017,1.0,3.0
CHEMBL1325943,Cc1ccc(C(=O)Nc2cc3ccccc3oc2=O)cc1,18380.0,inactive,279.295,3.353720000000002,1.0,3.0
CHEMBL3220508,COc1ccc(C(=O)Nc2cc3ccccc3oc2=O)cc1,69470.0,inactive,295.29400000000004,3.0539000000000014,1.0,4.0
CHEMBL3220509,O=C(Nc1cc2ccccc2oc1=O)c1ccc(Cl)cc1,18710.0,inactive,299.71299999999997,3.6987000000000023,1.0,3.0
CHEMBL3220510,O=C(Nc1cc2ccccc2oc1=O)c1ccc([N+](=O)[O-])cc1,12890.0,inactive,310.265,2.953500000000001,1.0,5.0
CHEMBL3220513,O=C(Nc1cc2ccccc2oc1=O)c1ccc(Cl)c(Cl)c1,15010.0,inactive,334.158,4.352100000000002,1.0,3.0
CHEMBL3220801,C[C@@]12CC[C@@H]3[C@@](CC[C@H]4[C@@]3(C)CCC[C@@]4(C)C(=O)OCC[N+](C)(C)C)(CC1=O)C2.[I-],150000.0,inactive,531.5190000000002,1.6119000000000026,0.0,3.0
CHEMBL3220802,C[C@@]12CC[C@@H]3[C@@](CC[C@H]4[C@@]3(C)CCC[C@@]4(C)C(=O)OCC[N+](C)(C)Cc3ccccc3)(CC1=O)C2.[Br-],30000.0,inactive,560.6170000000003,3.1823000000000015,0.0,3.0
CHEMBL3220803,C[C@@]12CC[C@@H]3[C@@](CC[C@H]4[C@@]3(C)CCC[C@@]4(C)C(=O)OCC[N+](C)(C)CCCCCCCCCC[N+](C)(C)CCOC(=O)[C@]3(C)CCC[C@@]4(C)[C@@H]5CC[C@@]6(C)C[C@]5(CC[C@@H]43)CC6=O)(CC1=O)C2.[Br-].[Br-],88000.0,inactive,1079.2379999999994,6.0986000000000145,0.0,6.0
CHEMBL3220804,C[C@@]12CC[C@@H]3[C@@](CC[C@H]4[C@@]3(C)CCC[C@@]4(C)C(=O)OCC[N+](C)(C)CCCCCCCCCCCC[N+](C)(C)CCOC(=O)[C@]3(C)CCC[C@@]4(C)[C@@H]5CC[C@@]6(C)C[C@]5(CC[C@@H]43)CC6=O)(CC1=O)C2.[Br-].[Br-],2200.0,intermediate,1107.2919999999995,6.878800000000014,0.0,6.0
CHEMBL3220805,C[C@@]12CC[C@@H]3[C@]4(CC[C@H]5[C@@]3(C)CCC[C@@]5(C)C(=O)OCC[N+](C)(C)CCCCCCCCC[N+](C)(C)CCOC(=O)[C@]3(C)CCC[C@@]5(C)[C@@H]6CC[C@@]7(C)C[C@]6(CC[C@@H]53)C[C@H]7OC(=O)CCCCCCCCC(=O)O[C@@H]1C4)C2.[Br-].[Br-],5000.0,intermediate,1235.462999999999,8.528300000000014,0.0,8.0
CHEMBL3220806,CC[N+](CC)(CC)CCOCCOCCOC(=O)[C@]1(C)CCC[C@@]2(C)[C@@H]3CC[C@@]4(C)C[C@]3(CC[C@@H]21)CC4=O.[Br-],80000.0,inactive,614.7060000000005,2.815400000000003,0.0,5.0
CHEMBL3220807,C[C@H]1C[C@@]23CC[C@H]4[C@@](C)(CCC[C@@]4(C)C(=O)OCC[N+](C)(C)C)[C@@H]2CC[C@]1(Cl)C3.[I-],34000.0,inactive,551.9810000000002,2.6502000000000017,0.0,2.0
CHEMBL3220808,C[C@H]1C[C@@]23CC[C@H]4[C@@](C)(CCC[C@@]4(C)C(=O)OCC[N+](C)(C)Cc4ccccc4)[C@@H]2CC[C@]1(Cl)C3.[Br-],9000.0,intermediate,581.0790000000003,4.220600000000004,0.0,2.0
CHEMBL3237628,CC[C@H]1[C@H](C[C@H](C)C(=O)OC)O[C@]23CC[C@@H]([C@@H]4C[C@H](C)C(=O)O4)N2CCCC[C@H]13,71500.0,inactive,407.5510000000002,3.5230000000000024,0.0,6.0
CHEMBL3237629,CC[C@H]1[C@H](C[C@H](C)C(=O)OC)O[C@]23CC[C@@H]([C@@H]4C[C@H](C)C(=O)O4)N2CCCC[C@]13O,100000.0,inactive,423.55000000000024,2.6379000000000006,1.0,7.0
CHEMBL3237630,CC[C@H]1[C@H]2OC(=O)[C@](C)(O)[C@H]2[C@]23CC[C@@H]([C@@H]4C[C@@H](C)C(=O)O4)N2CCCC[C@@H]13,9100.0,intermediate,391.50800000000027,2.2737,1.0,6.0
CHEMBL3237631,CC[C@@H]1[C@H]2OC(=O)[C@](C)(O)[C@H]2[C@]23CC[C@@H]([C@@H]4C[C@@H](C)C(=O)O4)N2CCCC[C@@H]13,100000.0,inactive,391.50800000000027,2.2737,1.0,6.0
CHEMBL3237632,CC[C@@H]1[C@H]2OC(=O)[C@@](C)(O)[C@H]2[C@]23CC[C@@H]([C@@H]4C[C@H](C)C(=O)O4)N2CCCC[C@H]13,68800.0,inactive,391.50800000000027,2.2737,1.0,6.0
CHEMBL3237633,CC[C@H]1[C@@H]2OC(=O)[C@@](C)(O)[C@@H]2[C@@]23CC[C@@H]([C@@H]4C[C@H](C)C(=O)O4)N2CCCC[C@H]13,17100.0,inactive,391.50800000000027,2.2737,1.0,6.0
CHEMBL3237634,CC[C@H]1[C@H]2OC(=O)[C@@](C)(O)[C@H]2[C@]23CC[C@@H]([C@@H]4C[C@H](C)C(=O)O4)N2CCCC[C@H]13,100000.0,inactive,391.50800000000027,2.2737,1.0,6.0
CHEMBL3237520,CN(Cc1ccccc1)Cc1ccc(C(=O)c2ccc(O)c(F)c2)cc1,3660.0,intermediate,349.405,4.394300000000005,1.0,3.0
CHEMBL3237527,O=C(c1ccc(CN2CCC(CCO)CC2)cc1)c1ccc(O)c(F)c1,2320.0,intermediate,357.425,3.356700000000002,2.0,4.0
CHEMBL1377579,N#CC(c1ccc(O)cc1)N1CCCCC1,93000.0,inactive,216.2839999999999,2.44278,1.0,3.0
CHEMBL1344483,COc1ccc(C(C#N)N2CCCCC2)cc1OC,45000.0,inactive,260.33699999999993,2.754380000000001,0.0,4.0
CHEMBL3233990,COc1ccc(C(C#N)N2CCCC2)cc1OC,42000.0,inactive,246.30999999999992,2.36428,0.0,4.0
CHEMBL3233991,COc1ccc(C(C#N)N2CCOCC2)cc1OC,54000.0,inactive,262.3089999999999,1.60068,0.0,5.0
CHEMBL3233022,COc1ccc(C(C#N)N2CCN(C)CC2)cc1OC,379000.0,inactive,275.352,1.51588,0.0,5.0
CHEMBL3233992,N#CC(c1ccc2c(c1)OCO2)N1CCCCC1,61400.0,inactive,244.2939999999999,2.4658800000000003,0.0,4.0
CHEMBL3233993,N#CC(c1ccc2c(c1)OCO2)N1CCCC1,51000.0,inactive,230.2669999999999,2.07578,0.0,4.0
CHEMBL1191355,N#CC(c1ccc2c(c1)OCO2)N1CCOCC1,58000.0,inactive,246.2659999999999,1.3121799999999997,0.0,5.0
CHEMBL1194868,CN1CCN(C(C#N)c2ccc3c(c2)OCO3)CC1,275300.0,inactive,259.30899999999997,1.22738,0.0,5.0
CHEMBL3233994,COc1cc(C(C#N)N2CCCCC2)cc(OC)c1OC,381000.0,inactive,290.363,2.7629800000000007,0.0,5.0
CHEMBL3233995,COc1cc(C(C#N)N2CCCC2)cc(OC)c1OC,321000.0,inactive,276.33599999999996,2.3728800000000003,0.0,5.0
CHEMBL1192998,COc1cc(C(C#N)N2CCOCC2)cc(OC)c1OC,389000.0,inactive,292.335,1.6092799999999998,0.0,6.0
CHEMBL1190535,COc1cc(C(C#N)N2CCN(C)CC2)cc(OC)c1OC,406000.0,inactive,305.37800000000004,1.5244799999999998,0.0,6.0
CHEMBL3233996,COc1ccc(C(C#N)N2CCCCC2)cc1O,478000.0,inactive,246.30999999999992,2.451380000000001,1.0,4.0
CHEMBL3233997,COc1ccc(C(C#N)N2CCCC2)cc1O,394000.0,inactive,232.28299999999993,2.0612800000000004,1.0,4.0
CHEMBL3233998,COc1ccc(C(C#N)N2CCOCC2)cc1O,363000.0,inactive,248.28199999999993,1.29768,1.0,5.0
CHEMBL3233999,COc1ccc(C(C#N)N2CCN(C)CC2)cc1O,350100.0,inactive,261.32499999999993,1.21288,1.0,5.0
CHEMBL1556015,COc1cc(C(C#N)N2CCCCC2)ccc1O,448000.0,inactive,246.30999999999995,2.451380000000001,1.0,4.0
CHEMBL3234000,COc1cc(C(C#N)N2CCCC2)ccc1O,358200.0,inactive,232.28299999999996,2.0612800000000004,1.0,4.0
CHEMBL1611608,COc1cc(C(C#N)N2CCOCC2)ccc1O,409200.0,inactive,248.28199999999995,1.2976799999999997,1.0,5.0
CHEMBL3234001,COc1cc(C(C#N)N2CCN(C)CC2)ccc1O,340200.0,inactive,261.32499999999993,1.21288,1.0,5.0
CHEMBL388560,CCOP(=S)(OCC)Oc1cc(C)nc(C(C)C)n1,1900.0,intermediate,304.35200000000003,3.5847200000000026,0.0,6.0
CHEMBL3235502,O=C(CCCOc1cccc2[nH]c3ccccc3c12)NCCCNc1c2c(nc3ccccc13)CCCC2,2.15,active,506.65000000000043,6.525500000000005,3.0,4.0
CHEMBL3235503,c1ccc2c(NCCSSCCNc3c4c(nc5ccccc35)CCCC4)c3c(nc2c1)CCCC3,5.04,active,514.7640000000004,7.446000000000006,2.0,6.0
CHEMBL2171309,COc1cc(/C=C/C(=O)NCCCCCCNc2c3c(nc4ccccc24)CCCC3)ccc1O,11.64,active,473.61700000000025,5.629700000000006,3.0,5.0
CHEMBL3234591,N/C(=N\O)c1nc(CCCCCNc2c3c(nc4ccccc24)CCCC3)ccc1O,260.0,active,419.5290000000002,4.133600000000004,4.0,6.0
CHEMBL3234592,O/N=C/c1nccc(CCCCCNc2c3c(nc4ccccc24)CCCC3)c1O,77.0,active,404.5140000000002,4.847200000000004,3.0,6.0
CHEMBL3234587,O/N=C/c1nc(CCCCCNc2c3c(nc4ccccc24)CCCC3)ccc1O,260.0,active,404.51400000000024,4.847200000000004,3.0,6.0
CHEMBL3234588,O/N=C/c1nc(CCCCNc2c3c(nc4ccccc24)CCCC3)ccc1O,1400.0,intermediate,390.48700000000025,4.457100000000005,3.0,6.0
CHEMBL3234589,O/N=C/c1ncc(CCCCCNc2c3c(nc4ccccc24)CCCC3)cc1O,163.0,active,404.51400000000024,4.847200000000005,3.0,6.0
CHEMBL3234590,O/N=C/c1nc(CCCCCSc2c3c(nc4ccccc24)CCCC3)ccc1O,307000.0,inactive,421.56600000000026,5.527400000000005,2.0,6.0
CHEMBL3234593,c1ccc(CCCCCNc2c3c(nc4ccccc24)CCCC3)nc1,150.0,active,345.49000000000024,5.333500000000004,1.0,3.0
CHEMBL3234594,c1ccc(CCCCCSc2c3c(nc4ccccc24)CCCC3)nc1,130000.0,inactive,362.5420000000002,6.013700000000006,0.0,3.0
CHEMBL3233826,CC1=CC2Cc3nc4cc(Cl)ccc4c(NCCCCCNC(=O)c4cc(O)c5c(c4)C(=O)c4cccc(O)c4C5=O)c3C(C1)C2.Cl,1.07,active,672.6090000000003,7.5048000000000075,4.0,7.0
CHEMBL3233827,CC1=CC2Cc3nc4cc(Cl)ccc4c(NCCCCCCNC(=O)c4cc(O)c5c(c4)C(=O)c4cccc(O)c4C5=O)c3C(C1)C2.Cl,1.52,active,686.6360000000003,7.894900000000007,4.0,7.0
CHEMBL3233828,CC1=CC2Cc3nc4cc(Cl)ccc4c(NCCCCCCCNC(=O)c4cc(O)c5c(c4)C(=O)c4cccc(O)c4C5=O)c3C(C1)C2.Cl,3.18,active,700.6630000000004,8.285000000000002,4.0,7.0
CHEMBL3233829,CC1=CC2Cc3nc4cc(Cl)ccc4c(NCCCCCCCCNC(=O)c4cc(O)c5c(c4)C(=O)c4cccc(O)c4C5=O)c3C(C1)C2.Cl,4.36,active,714.6900000000004,8.675099999999999,4.0,7.0
CHEMBL3233830,CC1=CC2Cc3nc4cc(Cl)ccc4c(NCCCCCCCCCNC(=O)c4cc(O)c5c(c4)C(=O)c4cccc(O)c4C5=O)c3C(C1)C2.Cl,3.6,active,728.7170000000003,9.065199999999997,4.0,7.0
CHEMBL3233831,CC1=C[C@H]2Cc3nc4cc(Cl)ccc4c(NCCCCCCCCCNC(=O)c4cc(O)c5c(c4)C(=O)c4cccc(O)c4C5=O)c3[C@@H](C1)C2.Cl,2930.0,intermediate,728.7170000000003,9.065199999999997,4.0,7.0
CHEMBL3233832,CC1=C[C@@H]2Cc3nc4cc(Cl)ccc4c(NCCCCCCCCCNC(=O)c4cc(O)c5c(c4)C(=O)c4cccc(O)c4C5=O)c3[C@H](C1)C2.Cl,2.39,active,728.7170000000003,9.065199999999997,4.0,7.0
CHEMBL3234038,CC1=CC2Cc3nc4cc(Cl)ccc4c(NCCCCCCCCCCNC(=O)c4cc(O)c5c(c4)C(=O)c4cccc(O)c4C5=O)c3C(C1)C2.Cl,7.61,active,742.7440000000004,9.455299999999994,4.0,7.0
CHEMBL3234039,CC1=CC2Cc3nc4cc(Cl)ccc4c(NCCCCCCCCCCCNC(=O)c4cc(O)c5c(c4)C(=O)c4cccc(O)c4C5=O)c3C(C1)C2.Cl,17.4,active,756.7710000000004,9.845399999999993,4.0,7.0
CHEMBL3234040,CC1=CC2Cc3nc4cc(Cl)ccc4c(NCc4ccc(CNC(=O)c5cc(O)c6c(c5)C(=O)c5cccc(O)c5C6=O)cc4)c3C(C1)C2.Cl,18.2,active,706.6260000000002,8.034700000000006,4.0,7.0
CHEMBL418068,O=C(O)c1cc(O)c2c(c1)C(=O)c1cccc(O)c1C2=O,10000.0,inactive,284.22300000000007,1.5714000000000004,3.0,5.0
CHEMBL2007996,CC1=C[C@@H]2Cc3nc4cc(Cl)ccc4c(N)c3[C@H](C1)C2,0.74,active,284.7900000000001,4.466400000000003,1.0,2.0
CHEMBL3233934,COc1cc2[nH]c(=O)c(C(=O)NCC3CCN(Cc4ccccc4)CC3)c(O)c2cc1OC,230.0,active,451.5230000000002,2.892900000000001,3.0,6.0
CHEMBL3233935,O=C(NCC1CCN(Cc2ccccc2)CC1)c1c(O)c2cc(O)c(O)cc2[nH]c1=O,980.0,active,423.46900000000016,2.2869,5.0,6.0
CHEMBL3261984,O=C(/C=N/O)Nc1ccc[n+](CC[n+]2cccc(NC(=O)/C=N/O)c2)c1.[Br-].[Br-],2530000.0,inactive,518.1659999999999,-6.233200000000001,4.0,6.0
CHEMBL3261985,O=C(/C=N\O)Nc1ccc[n+](CCC[n+]2cccc(NC(=O)/C=N\O)c2)c1.[Br-].[Br-],1070000.0,inactive,532.193,-5.843099999999999,4.0,6.0
CHEMBL3261986,O=C(/C=N\O)Nc1ccc[n+](CCCC[n+]2cccc(NC(=O)/C=N\O)c2)c1.[Br-].[Br-],1060000.0,inactive,546.22,-5.4529999999999985,4.0,6.0
CHEMBL3261987,O=C(/C=N\O)Nc1ccc[n+](CCCCC[n+]2cccc(NC(=O)/C=N\O)c2)c1.[Br-].[Br-],1790000.0,inactive,560.2470000000001,-5.062899999999998,4.0,6.0
CHEMBL3261988,O=C(/C=N\O)Nc1ccc[n+](CCCCCC[n+]2cccc(NC(=O)/C=N\O)c2)c1.[Br-].[Br-],1430000.0,inactive,574.274,-4.672799999999998,4.0,6.0
CHEMBL3261989,O=C(/C=N\O)Nc1ccc[n+](CCCCCCC[n+]2cccc(NC(=O)/C=N\O)c2)c1.[Br-].[Br-],930000.0,inactive,588.3009999999999,-4.282699999999995,4.0,6.0
CHEMBL3261990,O=C(/C=N/O)Nc1ccc[n+](Cc2ccccc2C[n+]2cccc(NC(=O)/C=N/O)c2)c1.[Br-].[Br-],1700000.0,inactive,594.2640000000001,-4.836799999999997,4.0,6.0
CHEMBL3261991,O=C(/C=N/O)Nc1ccc[n+](Cc2cccc(C[n+]3cccc(NC(=O)/C=N/O)c3)c2)c1.[Br-].[Br-],1670000.0,inactive,594.2640000000001,-4.836799999999997,4.0,6.0
CHEMBL3261992,O=C(/C=N/O)Nc1ccc[n+](Cc2ccc(C[n+]3cccc(NC(=O)/C=N/O)c3)cc2)c1.[Br-].[Br-],2100000.0,inactive,594.2640000000001,-4.836799999999997,4.0,6.0
CHEMBL3262658,CCN(CC)CCCCCCOc1ccc(CC2NCCc3cc(OC)c(OC)cc32)cc1,4990.0,intermediate,454.65500000000026,5.414300000000005,1.0,5.0
CHEMBL3262661,COc1cc2c(cc1OC)C(Cc1ccc(OCCCCCCN(C)C)cc1)NCC2,7130.0,intermediate,426.6010000000003,4.634100000000004,1.0,5.0
CHEMBL3262662,CCCN(CCC)CCCCCCOc1ccc(CC2NCCc3cc(OC)c(OC)cc32)cc1,3460.0,intermediate,482.70900000000023,6.194500000000007,1.0,5.0
CHEMBL3262663,CCCCN(CCCC)CCCCCCOc1ccc(CC2NCCc3cc(OC)c(OC)cc32)cc1,3850.0,intermediate,510.76300000000026,6.974700000000008,1.0,5.0
CHEMBL3262664,COc1cc2c(cc1OC)C(Cc1ccc(OCCCCCCN3CCCC3C)cc1)NCC2,4500.0,intermediate,466.6660000000004,5.556800000000005,1.0,5.0
CHEMBL3262665,COc1cc2c(cc1OC)C(Cc1ccc(OCCCCCCN3CCCCC3C)cc1)NCC2,2200.0,intermediate,480.69300000000044,5.946900000000006,1.0,5.0
CHEMBL3262666,COc1cc2c(cc1OC)C(Cc1ccc(OCCCCCCN3CCCCC3)cc1)NCC2,2140.0,intermediate,466.66600000000045,5.558400000000005,1.0,5.0
CHEMBL3262667,COc1cc2c(cc1OC)C(Cc1ccc(OCCCCCCN3CCCC3)cc1)NCC2,2980.0,intermediate,452.6390000000004,5.168300000000005,1.0,5.0
CHEMBL3262668,COc1cc2c(cc1OC)C(Cc1ccc(OCCCCCCN3CCC(O)CC3)cc1)NCC2,9590.0,intermediate,482.6650000000004,4.529200000000004,2.0,6.0
CHEMBL3262669,COc1cc2c(cc1OC)C(Cc1ccc(OCCCCCCN3CCOCC3)cc1)NCC2,35480.0,inactive,468.63800000000043,4.404700000000003,1.0,6.0
CHEMBL3262670,COc1cc2c(cc1OC)C(Cc1ccc(OCCCCCCN3CCC(O)(Cc4ccccc4)CC3)cc1)NCC2,39630.0,inactive,572.7900000000003,6.142100000000006,2.0,6.0
CHEMBL3262671,COc1cc2c(cc1OC)C(Cc1ccc(OCCCCCCN3CCN(c4ccccc4)CC3)cc1)NCC2,16330.0,inactive,543.7520000000003,5.894700000000006,1.0,6.0
CHEMBL3262672,COc1cc2c(cc1OC)C(Cc1ccc(OCCCCCCN3CCN(Cc4ccccc4)CC3)cc1)NCC2,5590.0,intermediate,557.7790000000003,5.890300000000006,1.0,6.0
CHEMBL3262673,COc1cc2c(cc1OC)C(Cc1ccc(OCCCCCCN3CCC(c4ccccc4)CC3)cc1)NCC2,9330.0,intermediate,542.7640000000002,6.952100000000008,1.0,5.0
CHEMBL510363,COc1cc2c(cc1OC)C(Cc1ccc(O)cc1)NCC2,100000.0,inactive,299.37000000000006,2.8389000000000006,2.0,4.0
CHEMBL3263725,CN(Cc1ccccc1)Cc1ccc(C(=O)NCCc2c[nH]c3ccc(O)cc23)cc1,4200.0,intermediate,413.521,4.478000000000004,3.0,3.0
CHEMBL3263724,CN(Cc1ccccc1)Cc1ccc(C(=O)NCCc2c[nH]c3ccccc23)cc1,1900.0,intermediate,397.522,4.772400000000004,2.0,2.0
CHEMBL3263726,COc1ccc2[nH]cc(CCNC(=O)c3ccc(CN(C)Cc4ccccc4)cc3)c2c1,6100.0,intermediate,427.5480000000001,4.781000000000004,2.0,3.0
CHEMBL3263727,COc1ccc2c(CCNC(=O)c3ccc(CN(C)Cc4ccccc4)cc3)c[nH]c2c1,4100.0,intermediate,427.5480000000001,4.781000000000004,2.0,3.0
CHEMBL3263728,CN(Cc1ccccc1)Cc1ccc(C(=O)NCCc2c[nH]c3cc(F)ccc23)cc1,2500.0,intermediate,415.512,4.911500000000004,2.0,2.0
CHEMBL3263729,CN(Cc1ccc(C(=O)NCCc2c[nH]c3ccccc23)cc1)Cc1ccccc1Cl,3800.0,intermediate,431.9670000000001,5.425800000000005,2.0,2.0
CHEMBL3263730,COc1ccc2[nH]cc(CCNC(=O)c3ccc(CN(C)Cc4ccccc4Cl)cc3)c2c1,2600.0,intermediate,461.9930000000001,5.434400000000005,2.0,3.0
CHEMBL3263731,CN(Cc1ccc(C(=O)NCCc2c[nH]c3ccccc23)cc1)Cc1cccc(Cl)c1,5100.0,intermediate,431.9670000000001,5.425800000000005,2.0,2.0
CHEMBL3263732,COc1ccc2[nH]cc(CCNC(=O)c3ccc(CN(C)Cc4cccc(Cl)c4)cc3)c2c1,5600.0,intermediate,461.9930000000001,5.434400000000005,2.0,3.0
CHEMBL3263733,COc1ccc2c(CCNC(=O)c3ccc(CN(C)Cc4cccc(Cl)c4)cc3)c[nH]c2c1,2100.0,intermediate,461.9930000000001,5.434400000000005,2.0,3.0
CHEMBL3263734,COc1ccccc1CN(C)Cc1ccc(C(=O)NCCc2c[nH]c3ccccc23)cc1,4700.0,intermediate,427.5480000000001,4.781000000000004,2.0,3.0
CHEMBL3263735,COc1ccc2[nH]cc(CCNC(=O)c3ccc(CN(C)Cc4ccccc4OC)cc3)c2c1,5400.0,intermediate,457.5740000000002,4.7896000000000045,2.0,4.0
CHEMBL3263736,COc1cccc(CN(C)Cc2ccc(C(=O)NCCc3c[nH]c4ccccc34)cc2)c1,3800.0,intermediate,427.5480000000002,4.781000000000004,2.0,3.0
CHEMBL3263737,COc1cccc(CN(C)Cc2ccc(C(=O)NCCc3c[nH]c4ccc(OC)cc34)cc2)c1,6800.0,intermediate,457.57400000000024,4.789600000000004,2.0,4.0
CHEMBL3289924,CCOC(OCC)c1ccc(/C=C2\CCC/C(=C\c3ccc(C(OCC)OCC)cc3)C2=O)cc1,12430.0,inactive,478.62900000000025,7.049800000000008,0.0,5.0
CHEMBL3289925,CCOC(OCC)c1ccc(/C=C2\COC/C(=C\c3ccc(C(OCC)OCC)cc3)C2=O)cc1,41220.0,inactive,480.6010000000003,5.896100000000006,0.0,6.0
CHEMBL3289926,CCOC(OCC)c1ccc(/C=C2\CNC/C(=C\c3ccc(C(OCC)OCC)cc3)C2=O)cc1,920.0,active,479.6170000000003,5.469100000000005,1.0,6.0
CHEMBL3289927,CCOC(OCC)c1ccc(/C=C2\CN(C)C/C(=C\c3ccc(C(OCC)OCC)cc3)C2=O)cc1,42.0,active,493.6440000000003,5.811300000000006,0.0,6.0
CHEMBL3289928,CCOC(OCC)c1ccc(/C=C2\CN(Cc3ccccc3)C/C(=C\c3ccc(C(OCC)OCC)cc3)C2=O)cc1,27540.0,inactive,569.7420000000003,7.381700000000009,0.0,6.0
CHEMBL3289929,CCOC(OCC)c1ccc(/C=C/C(=O)/C=C/c2ccc(C(OCC)OCC)cc2)cc1,55340.0,inactive,438.56400000000025,6.125500000000007,0.0,5.0
CHEMBL3289930,CCOC(OCC)c1ccc(/C=C2\CC/C(=C\c3ccc(C(OCC)OCC)cc3)C2=O)cc1,76640.0,inactive,464.60200000000026,6.659700000000007,0.0,5.0
CHEMBL3289931,CCOC(OCC)c1ccc(/C=C2\Cc3ccccc3C2=O)cc1,100000.0,inactive,322.40400000000005,4.580600000000004,0.0,3.0
CHEMBL3289932,CCOC(OCC)c1ccc(/C=C2\CCc3ccccc3C2=O)cc1,100000.0,inactive,336.43100000000004,4.970700000000004,0.0,3.0
CHEMBL3289933,CCOC(OCC)c1ccc(/C=C/C(=O)C2CCc3ccccc3C2=O)cc1,76930.0,inactive,378.4680000000001,4.7858000000000045,0.0,4.0
CHEMBL3289934,CN(C)c1ccc(/C=C2/CCC/C(=C\c3ccc(N(C)C)cc3[N+](=O)[O-])C2=O)c([N+](=O)[O-])c1,45290.0,inactive,450.4950000000002,4.855000000000005,0.0,7.0
CHEMBL3289935,CN(C)c1ccc(/C=C2/COC/C(=C\c3ccc(N(C)C)cc3[N+](=O)[O-])C2=O)c([N+](=O)[O-])c1,1540.0,intermediate,452.4670000000002,3.7013000000000025,0.0,8.0
CHEMBL3289936,CN(C)c1ccc(/C=C2/CNC/C(=C\c3ccc(N(C)C)cc3[N+](=O)[O-])C2=O)c([N+](=O)[O-])c1,880.0,active,451.48300000000023,3.274300000000002,1.0,8.0
CHEMBL3289937,CN1C/C(=C/c2ccc(N(C)C)cc2[N+](=O)[O-])C(=O)/C(=C/c2ccc(N(C)C)cc2[N+](=O)[O-])C1,57.0,active,465.5100000000002,3.616500000000003,0.0,8.0
CHEMBL3289938,CN(C)c1ccc(/C=C2/CN(Cc3ccccc3)C/C(=C\c3ccc(N(C)C)cc3[N+](=O)[O-])C2=O)c([N+](=O)[O-])c1,100000.0,inactive,541.6080000000003,5.186900000000005,0.0,8.0
CHEMBL3289939,CN(C)c1ccc(/C=C/C(=O)/C=C/c2ccc(N(C)C)cc2[N+](=O)[O-])c([N+](=O)[O-])c1,100000.0,inactive,410.4300000000001,3.9307000000000025,0.0,7.0
CHEMBL3289940,CN(C)c1ccc(/C=C2\CC/C(=C\c3ccc(N(C)C)cc3[N+](=O)[O-])C2=O)c([N+](=O)[O-])c1,100000.0,inactive,436.4680000000002,4.4649000000000045,0.0,7.0
CHEMBL3289941,CN(C)c1ccc(/C=C2\Cc3ccccc3C2=O)c([N+](=O)[O-])c1,100000.0,inactive,308.337,3.4832000000000027,0.0,4.0
CHEMBL3289942,CN(C)c1ccc(/C=C2\CCc3ccccc3C2=O)c([N+](=O)[O-])c1,79310.0,inactive,322.36400000000003,3.873300000000003,0.0,4.0
CHEMBL3289943,CN(C)c1ccc(/C=C/C(=O)C2CCc3ccccc3C2=O)cc1,39440.0,inactive,319.404,3.7802000000000024,0.0,3.0
CHEMBL3290187,O=C1/C(=C\c2ccc(N3CCCC3)cc2)CCC/C1=C\c1ccc(N2CCCC2)cc1,100000.0,inactive,412.57700000000017,6.107000000000007,0.0,3.0
CHEMBL3290188,O=C1/C(=C\c2ccc(N3CCCC3)cc2)COC/C1=C\c1ccc(N2CCCC2)cc1,100000.0,inactive,414.54900000000015,4.953300000000005,0.0,4.0
CHEMBL3290189,O=C1/C(=C\c2ccc(N3CCCC3)cc2)CNC/C1=C\c1ccc(N2CCCC2)cc1,9520.0,intermediate,413.56500000000017,4.5263000000000035,1.0,4.0
CHEMBL3290190,CN1C/C(=C/c2ccc(N3CCCC3)cc2)C(=O)/C(=C/c2ccc(N3CCCC3)cc2)C1,2780.0,intermediate,427.5920000000002,4.868500000000005,0.0,4.0
CHEMBL3290191,O=C1/C(=C\c2ccc(N3CCCC3)cc2)CN(Cc2ccccc2)C/C1=C\c1ccc(N2CCCC2)cc1,100000.0,inactive,503.6900000000003,6.438900000000007,0.0,4.0
CHEMBL3290192,O=C(/C=C/c1ccc(N2CCCC2)cc1)/C=C/c1ccc(N2CCCC2)cc1,100000.0,inactive,372.51200000000017,5.182700000000005,0.0,3.0
CHEMBL3290193,O=C1/C(=C/c2ccc(N3CCCC3)cc2)CC/C1=C\c1ccc(N2CCCC2)cc1,66430.0,inactive,398.5500000000002,5.716900000000006,0.0,3.0
CHEMBL3290194,O=C1/C(=C/c2ccc(N3CCCC3)cc2)Cc2ccccc21,100000.0,inactive,289.378,4.109200000000003,0.0,2.0
CHEMBL3290195,O=C1/C(=C/c2ccc(N3CCCC3)cc2)CCc2ccccc21,100000.0,inactive,303.405,4.499300000000004,0.0,2.0
CHEMBL3290196,O=C(/C=C/c1ccc(N2CCCC2)cc1)C1CCc2ccccc2C1=O,100000.0,inactive,345.442,4.314400000000004,0.0,3.0
CHEMBL40275,O=C1c2cccc(O)c2C(=O)c2c(O)cc(CO)cc21,18.37,active,270.23999999999995,1.3654999999999993,3.0,5.0
CHEMBL385181,NC(=O)c1cc[n+](COC[n+]2ccccc2/C=N/O)cc1,1360000.0,inactive,288.307,-0.1995999999999986,2.0,4.0
CHEMBL32778,O/N=C/c1cc[n+](CCC[n+]2ccc(/C=N/O)cc2)cc1,2570000.0,inactive,286.33500000000004,0.9680999999999997,2.0,4.0
CHEMBL3360486,COc1cc2c(cc1OC)C(c1ccccc1)N(CCCCCn1ccnc1/C=N/O)CC2,930000.0,inactive,448.5670000000003,4.526400000000003,1.0,6.0
CHEMBL3360487,COc1cc2c(cc1OC)C(c1ccccc1)N(CCCCCCn1ccnc1/C=N/O)CC2,870000.0,inactive,462.59400000000034,4.916500000000004,1.0,6.0
CHEMBL3353039,CC1=C[C@H]2Cc3nc4cc(Cl)ccc4c(NCCCCCCNc4c5c(nc6cc(Cl)ccc46)C[C@@H]4C=C(C)C[C@H]5C4)c3[C@@H](C1)C2,192.0,active,651.7260000000001,11.166199999999987,2.0,4.0
CHEMBL3353040,CC1=C[C@H]2Cc3nc4cc(Cl)ccc4c(NCCCCCCCCNc4c5c(nc6cc(Cl)ccc46)C[C@@H]4C=C(C)C[C@H]5C4)c3[C@@H](C1)C2,72.5,active,679.78,11.946399999999983,2.0,4.0
CHEMBL3353041,CC1=C[C@H]2Cc3nc4cc(Cl)ccc4c(NCCCCCCCCCCNc4c5c(nc6cc(Cl)ccc46)C[C@@H]4C=C(C)C[C@H]5C4)c3[C@@H](C1)C2,17.5,active,707.8340000000001,12.726599999999978,2.0,4.0
CHEMBL3353042,CC1=C[C@H]2Cc3nc4cc(Cl)ccc4c(NCCCCCCCCCCCCNc4c5c(nc6cc(Cl)ccc46)C[C@@H]4C=C(C)C[C@H]5C4)c3[C@@H](C1)C2,431.0,active,735.8880000000001,13.506799999999972,2.0,4.0
CHEMBL3353566,CNc1ccccc1-c1nc(C(=O)OC)cs1,63000.0,inactive,248.30699999999996,2.6384000000000007,1.0,5.0
CHEMBL3353567,CNc1ccccc1-c1nc(C(N)=O)cs1,53000.0,inactive,233.29599999999996,1.9506999999999999,2.0,4.0
CHEMBL3353568,CNc1ccccc1-c1nc(C(=O)O)cs1,68000.0,inactive,234.27999999999997,2.55,2.0,4.0
CHEMBL3361270,O=S(=O)(CCCN1CCN(Cc2ccccc2)CC1)NCCNc1cccc2ccccc12,160.0,active,466.65100000000024,3.3790000000000013,2.0,5.0
CHEMBL3323068,CCN(CC)CCCOc1ccc2nc3n(c(=O)c2c1)CCCCC3,12078.14,inactive,343.47100000000023,3.233600000000002,0.0,4.0
CHEMBL3323065,O=c1c2cc(OCCCN3CCCCC3)ccc2nc2n1CCCCC2,820.35,active,355.4820000000002,3.3777000000000026,0.0,4.0
CHEMBL3323062,CCN(CC)CCCOc1ccc2nc3n(c(=O)c2c1)CCCC3,1531.09,intermediate,329.4440000000002,2.8435000000000015,0.0,4.0
CHEMBL3323059,O=c1c2cc(OCCCN3CCCCC3)ccc2nc2n1CCCC2,224.91,active,341.45500000000015,2.9876000000000014,0.0,4.0
CHEMBL3323056,CCN(CC)CCCOc1ccc2nc3n(c(=O)c2c1)CCC3,1244.51,intermediate,315.41700000000014,2.4534000000000002,0.0,4.0
CHEMBL3323053,O=c1c2cc(OCCCN3CCCCC3)ccc2nc2n1CCC2,1081.43,intermediate,327.4280000000001,2.597500000000001,0.0,4.0
CHEMBL3323051,O=c1c2cc(OCCCn3ccnc3)ccc2nc2n1CCCc1ccccc1-2,56493.7,inactive,386.4550000000002,3.6753000000000027,0.0,4.0
CHEMBL3323049,CCN(CC)CCCOc1ccc2nc3n(c(=O)c2c1)CCCc1ccccc1-3,4178.3,intermediate,391.5150000000002,4.120400000000004,0.0,4.0
CHEMBL3323046,O=c1c2cc(OCCCN3CCCCC3)ccc2nc2n1CCCc1ccccc1-2,534.56,active,403.5260000000002,4.2645000000000035,0.0,4.0
CHEMBL3323043,CCN(CC)CCCOc1ccc2nc3n(c(=O)c2c1)CCc1ccccc1-3,669.88,active,377.48800000000017,3.7303000000000033,0.0,4.0
CHEMBL3323042,O=c1c2cc(OCCCN3CCCCC3)ccc2nc2n1CCc1ccccc1-2,216.77,active,389.49900000000014,3.874400000000003,0.0,4.0
CHEMBL3323039,CCN(CC)CCCOc1ccc2nc3n(c(=O)c2c1)Cc1ccccc1-3,200.91,active,363.4610000000001,3.5359000000000025,0.0,4.0
CHEMBL3323036,O=c1c2cc(OCCCN3CCCCC3)ccc2nc2n1Cc1ccccc1-2,142.89,active,375.4720000000001,3.6800000000000024,0.0,4.0
CHEMBL3323035,c1cc2c(cc1OCCCN1CCCCC1)CN1CCCC1=N2,33.9,active,313.44500000000005,3.5808000000000026,0.0,4.0
CHEMBL3322157,CN(CCC(=O)NCCCCNc1c2c(nc3ccccc13)CCCC2)C1CCCCC1,104.0,active,436.6440000000004,5.076500000000005,2.0,4.0
CHEMBL3322140,CCN(CCC(=O)NCCNc1c2c(nc3ccccc13)CCCC2)C1CCCCC1,233.0,active,422.6170000000004,4.686400000000004,2.0,4.0
CHEMBL3322141,CCN(CCC(=O)NCCCNc1c2c(nc3ccccc13)CCCC2)C1CCCCC1,26.3,active,436.6440000000004,5.076500000000005,2.0,4.0
CHEMBL3322142,CCN(CCC(=O)NCCCCNc1c2c(nc3ccccc13)CCCC2)C1CCCCC1,94.2,active,450.6710000000004,5.466600000000005,2.0,4.0
CHEMBL3322158,O=C(Cc1cc(=O)oc2cc(O)ccc12)NCCNc1c2c(nc3ccccc13)CCCC2,2910.0,intermediate,443.50300000000027,3.6964000000000024,3.0,6.0
CHEMBL3322159,O=C(Cc1cc(=O)oc2cc(O)ccc12)NCCCNc1c2c(nc3ccccc13)CCCC2,277.0,active,457.5300000000003,4.086500000000003,3.0,6.0
CHEMBL3322160,O=C(Cc1cc(=O)oc2cc(O)ccc12)NCCCCNc1c2c(nc3ccccc13)CCCC2,15.4,active,471.55700000000036,4.476600000000003,3.0,6.0
CHEMBL3322161,O=C(Cc1cc(=O)oc2cc(O)ccc12)NNC(=S)Nc1c2c(nc3ccccc13)CCCC2,8170.0,intermediate,474.5420000000003,3.4859000000000027,4.0,6.0
CHEMBL3322162,O=C(Cc1cc(=O)oc2cc(O)ccc12)N/N=C1\SCC(=O)N1c1c2c(nc3ccccc13)CCCC2,15700.0,inactive,514.5630000000003,3.6353000000000026,2.0,8.0
CHEMBL3322155,CN(CCC(=O)NCCNc1c2c(nc3ccccc13)CCCC2)C1CCCCC1,580.0,active,408.59000000000043,4.296300000000004,2.0,4.0
CHEMBL3322156,CN(CCC(=O)NCCCNc1c2c(nc3ccccc13)CCCC2)C1CCCCC1,398.0,active,422.6170000000004,4.686400000000004,2.0,4.0
CHEMBL3313966,O=C(C[n+]1ccccc1)N/N=C/c1ccc(/C=N/NC(=O)C[n+]2ccccc2)cc1.[Cl-].[Cl-],2.3,active,473.36400000000015,-5.429799999999997,2.0,4.0
CHEMBL1134,C[N+](C)(C)CCCCCCCCCC[N+](C)(C)C.[Br-].[Br-],1000.0,active,418.3019999999999,-2.4723999999999915,0.0,0.0
CHEMBL1196204,O=C(NCCCCCCCCNc1c2c(nc3cc(Cl)ccc13)CCCC2)c1ccc2nc(-c3ccc(Cl)cc3)c3c(c2c1)OCCC3,19.3,active,681.708,10.143099999999993,2.0,5.0
CHEMBL3322231,Cl.O=C(NCCCCCCCCNc1c2c(nc3cc(Cl)ccc13)CCCC2)c1ccc2nc(-c3ccc(Cl)cc3)c3c(c2c1)NCCC3,2.06,active,717.185,10.597999999999992,3.0,5.0
CHEMBL3322234,Cl.O=C(NCCCCCNc1c2c(nc3cc(Cl)ccc13)CCCC2)c1ccc2nc(-c3ccc(Cl)cc3)c3c(c2c1)NCCC3,14.2,active,675.104,9.4277,3.0,5.0
CHEMBL3322233,Cl.O=C(NCCCCNc1c2c(nc3cc(Cl)ccc13)CCCC2)c1ccc2nc(-c3ccc(Cl)cc3)c3c(c2c1)NCCC3,14.2,active,661.0770000000001,9.037600000000003,3.0,5.0
CHEMBL3322232,Cl.O=C(NCCCNc1c2c(nc3cc(Cl)ccc13)CCCC2)c1ccc2nc(-c3ccc(Cl)cc3)c3c(c2c1)NCCC3,0.006,active,647.0500000000001,8.647500000000003,3.0,5.0
CHEMBL278020,CN(C)C(=O)Oc1cccc([N+](C)(C)C)c1,2400.0,intermediate,223.29599999999996,1.9437,0.0,2.0
CHEMBL3310703,CC(=O)N1OC(C)(C)CC(c2ccccc2)=C1CN1C(=O)c2ccccc2C1=O,2500.0,intermediate,390.43900000000014,3.6563000000000025,0.0,4.0
CHEMBL3360758,COC(=O)CC1=NO[C@@H]2[C@H]3CC[C@H](C3)[C@@H]2[C@H]1c1ccccc1,6300.0,intermediate,299.37,3.1342000000000017,0.0,4.0
CHEMBL3310705,COC(=O)C(CC1=C(c2ccccc2)CC(C)(C)ON1C(C)=O)C(=O)OC,12000.0,inactive,375.42100000000016,2.7124000000000006,0.0,6.0
CHEMBL3310704,COC(=O)C(CC1=C(c2ccc(OC)cc2)CC(C)(C)ON1C(C)=O)C(=O)OC,14350.0,inactive,405.4470000000002,2.721000000000001,0.0,7.0
CHEMBL3360757,COC(=O)CC1=NO[C@@H]2CCCC[C@@H]2[C@H]1c1ccccc1,35120.0,inactive,287.359,3.2783000000000024,0.0,4.0
CHEMBL3310706,COC(=O)C(CC1=C(c2ccc(Cl)cc2)CC(C)(C)ON1C(C)=O)C(=O)OC,46760.0,inactive,409.8660000000002,3.365800000000002,0.0,6.0
CHEMBL3310697,CC1(C)C[C@@H](c2ccccc2)C(CN2C(=O)c3ccccc3C2=O)=NO1,65320.0,inactive,348.40200000000004,3.6213000000000024,0.0,4.0
CHEMBL3310699,COC(=O)C(CC1=NO[C@@H]2CCC[C@@H]2[C@H]1c1ccccc1)C(=O)OC,75350.0,inactive,345.3950000000001,2.6774000000000004,0.0,6.0
CHEMBL3318018,O=c1cc(-c2ccc(CN3CCCCC3)cc2)oc2ccccc12,55.0,active,319.40399999999994,4.4459000000000035,0.0,3.0
CHEMBL3318017,COc1cc2oc(-c3ccc(CN4CCCC4)cc3)cc(=O)c2cc1OC,34.0,active,365.4290000000001,4.073000000000002,0.0,5.0
CHEMBL2391486,Cc1cc(=O)oc2cc(OCCN3CCN(CC(=O)Nc4c5c(nc6ccccc46)CCCC5)CC3)ccc12,92.0,active,526.6370000000003,4.163520000000004,1.0,7.0
CHEMBL276473,O=C(/C=C/c1ccccc1)c1ccc(O)cc1,500000.0,inactive,224.25900000000001,3.2883000000000013,1.0,2.0
CHEMBL2158994,CN(C)CCOc1ccc(C(=O)/C=C/c2ccccc2)cc1,4680.0,intermediate,295.382,3.523100000000002,0.0,3.0
CHEMBL3338991,CN(C)CCCOc1ccc(C(=O)/C=C/c2ccccc2)cc1,10470.0,inactive,309.409,3.9132000000000033,0.0,3.0
CHEMBL3338992,CN(C)CCCCOc1ccc(C(=O)/C=C/c2ccccc2)cc1,8950.0,intermediate,323.43600000000004,4.303300000000004,0.0,3.0
CHEMBL3338993,CN(C)CCCCCOc1ccc(C(=O)/C=C/c2ccccc2)cc1,13070.0,inactive,337.463,4.693400000000005,0.0,3.0
CHEMBL3338994,CN(C)CCCCCCOc1ccc(C(=O)/C=C/c2ccccc2)cc1,14240.0,inactive,351.49000000000007,5.083500000000005,0.0,3.0
CHEMBL3337471,CCN(CC)CCOc1ccc(C(=O)/C=C/c2ccccc2)cc1,7630.0,intermediate,323.43600000000004,4.303300000000004,0.0,3.0
CHEMBL3338995,CCN(CC)CCCOc1ccc(C(=O)/C=C/c2ccccc2)cc1,22510.0,inactive,337.463,4.693400000000005,0.0,3.0
CHEMBL3338996,CCN(CC)CCCCOc1ccc(C(=O)/C=C/c2ccccc2)cc1,23210.0,inactive,351.49000000000007,5.083500000000005,0.0,3.0
CHEMBL3338997,CCN(CC)CCCCCOc1ccc(C(=O)/C=C/c2ccccc2)cc1,34140.0,inactive,365.51700000000005,5.473600000000006,0.0,3.0
CHEMBL3338998,CCN(CC)CCCCCCOc1ccc(C(=O)/C=C/c2ccccc2)cc1,50440.0,inactive,379.54400000000004,5.863700000000006,0.0,3.0
CHEMBL3338999,CCCN(CCC)CCOc1ccc(C(=O)/C=C/c2ccccc2)cc1,64550.0,inactive,351.49,5.083500000000005,0.0,3.0
CHEMBL3339000,CCCN(CCC)CCCOc1ccc(C(=O)/C=C/c2ccccc2)cc1,24630.0,inactive,365.517,5.473600000000006,0.0,3.0
CHEMBL3339001,CCCN(CCC)CCCCOc1ccc(C(=O)/C=C/c2ccccc2)cc1,5910.0,intermediate,379.544,5.863700000000006,0.0,3.0
CHEMBL3339002,CCCN(CCC)CCCCCOc1ccc(C(=O)/C=C/c2ccccc2)cc1,29480.0,inactive,393.571,6.253800000000007,0.0,3.0
CHEMBL3339003,CCCN(CCC)CCCCCCOc1ccc(C(=O)/C=C/c2ccccc2)cc1,44050.0,inactive,407.598,6.6439000000000075,0.0,3.0
CHEMBL3339004,CCCCN(CCCC)CCOc1ccc(C(=O)/C=C/c2ccccc2)cc1,252960.0,inactive,379.544,5.863700000000006,0.0,3.0
CHEMBL3339005,CCCCN(CCCC)CCCOc1ccc(C(=O)/C=C/c2ccccc2)cc1,151830.0,inactive,393.571,6.253800000000007,0.0,3.0
CHEMBL3339006,CCCCN(CCCC)CCCCOc1ccc(C(=O)/C=C/c2ccccc2)cc1,21940.0,inactive,407.598,6.6439000000000075,0.0,3.0
CHEMBL3339007,CCCCN(CCCC)CCCCCOc1ccc(C(=O)/C=C/c2ccccc2)cc1,76870.0,inactive,421.62500000000006,7.034000000000008,0.0,3.0
CHEMBL3339008,CCCCN(CCCC)CCCCCCOc1ccc(C(=O)/C=C/c2ccccc2)cc1,162590.0,inactive,435.65200000000004,7.424100000000009,0.0,3.0
CHEMBL3355581,COc1cc(CCC(=O)/C=C/c2ccc(CNc3c4c(nc5cc(Cl)ccc35)CC3CC(C)=CC4C3)cc2)cc(CN(C)C)c1O,21.1,active,636.2360000000002,8.487200000000003,2.0,6.0
CHEMBL3355580,COc1cc(CCC(=O)/C=C/c2ccc(CNc3c4c(nc5cc(Cl)ccc35)CC3CC(C)=CC4C3)cc2)ccc1O,18.3,active,579.1400000000004,8.425600000000003,2.0,5.0
CHEMBL3355579,COc1cc(CCC(=O)/C=C/CCCNc2c3c(nc4cc(Cl)ccc24)CC2CC(C)=CC3C2)ccc1O,6.7,active,531.0960000000003,7.548600000000007,2.0,5.0
CHEMBL3335072,COc1cccc(CN2CCN(CCCCOc3ccc4c(c3)oc(=O)c3ccccc34)CC2)c1,21300.0,inactive,472.5850000000002,4.931600000000005,0.0,6.0
CHEMBL3335071,O=c1oc2cc(OCCCCN3CCN(Cc4ccccc4)CC3)ccc2c2ccccc12,8200.0,intermediate,442.55900000000014,4.923000000000005,0.0,5.0
CHEMBL3335070,COc1cccc(CC2CCN(CCCCOc3ccc4c(c3)oc(=O)c3ccccc34)CC2)c1,27400.0,inactive,471.5970000000002,6.0685000000000064,0.0,5.0
CHEMBL3334506,O=c1oc2cc(OCCCCN3CCC(Cc4ccccc4)CC3)ccc2c2ccccc12,14200.0,inactive,441.57100000000014,6.059900000000006,0.0,4.0
CHEMBL3335069,COc1cccc(CN(C)CCCCOc2ccc3c(c2)oc(=O)c2ccccc23)c1,8300.0,intermediate,417.5050000000001,5.245800000000005,0.0,5.0
CHEMBL3335068,CN(CCCCOc1ccc2c(c1)oc(=O)c1ccccc12)Cc1ccccc1,1100.0,intermediate,387.4790000000001,5.237200000000005,0.0,4.0
CHEMBL3335067,COc1cccc(CN2CCN(CCCOc3ccc4c(c3)oc(=O)c3ccccc34)CC2)c1,18000.0,inactive,458.5580000000002,4.5415000000000045,0.0,6.0
CHEMBL3335066,O=c1oc2cc(OCCCN3CCN(Cc4ccccc4)CC3)ccc2c2ccccc12,800.0,active,428.53200000000015,4.532900000000004,0.0,5.0
CHEMBL3335065,COc1cccc(CC2CCN(CCCOc3ccc4c(c3)oc(=O)c3ccccc34)CC2)c1,18500.0,inactive,457.5700000000002,5.678400000000006,0.0,5.0
CHEMBL3335064,O=c1oc2cc(OCCCN3CCC(Cc4ccccc4)CC3)ccc2c2ccccc12,4100.0,intermediate,427.54400000000015,5.669800000000006,0.0,4.0
CHEMBL3335063,COc1cccc(CN(C)CCCOc2ccc3c(c2)oc(=O)c2ccccc23)c1,20900.0,inactive,403.4780000000001,4.855700000000005,0.0,5.0
CHEMBL3335062,CN(CCCOc1ccc2c(c1)oc(=O)c1ccccc12)Cc1ccccc1,8500.0,intermediate,373.4520000000001,4.847100000000005,0.0,4.0
CHEMBL3335061,COc1cccc(CN2CCN(CCOc3ccc4c(c3)oc(=O)c3ccccc34)CC2)c1,11400.0,inactive,444.53100000000023,4.151400000000003,0.0,6.0
CHEMBL3335060,O=c1oc2cc(OCCN3CCN(Cc4ccccc4)CC3)ccc2c2ccccc12,900.0,active,414.50500000000017,4.142800000000004,0.0,5.0
CHEMBL3335059,COc1cccc(CC2CCN(CCOc3ccc4c(c3)oc(=O)c3ccccc34)CC2)c1,29300.0,inactive,443.54300000000023,5.288300000000005,0.0,5.0
CHEMBL3335058,O=c1oc2cc(OCCN3CCC(Cc4ccccc4)CC3)ccc2c2ccccc12,20000.0,inactive,413.51700000000017,5.279700000000005,0.0,4.0
CHEMBL3335057,COc1cccc(CN(C)CCOc2ccc3c(c2)oc(=O)c2ccccc23)c1,18400.0,inactive,389.4510000000001,4.465600000000004,0.0,5.0
CHEMBL3335056,CN(CCOc1ccc2c(c1)oc(=O)c1ccccc12)Cc1ccccc1,6700.0,intermediate,359.42500000000007,4.457000000000003,0.0,4.0
CHEMBL3335055,COc1cccc(CN2CCN(CCCCOc3ccc4c5c(c(=O)oc4c3)CCCC5)CC2)c1,8700.0,intermediate,476.61700000000036,4.657200000000005,0.0,6.0
CHEMBL3335054,O=c1oc2cc(OCCCCN3CCN(Cc4ccccc4)CC3)ccc2c2c1CCCC2,6400.0,intermediate,446.5910000000003,4.6486000000000045,0.0,5.0
CHEMBL3335053,COc1cccc(CC2CCN(CCCCOc3ccc4c5c(c(=O)oc4c3)CCCC5)CC2)c1,13700.0,inactive,475.62900000000036,5.794100000000006,0.0,5.0
CHEMBL3335052,O=c1oc2cc(OCCCCN3CCC(Cc4ccccc4)CC3)ccc2c2c1CCCC2,9200.0,intermediate,445.6030000000003,5.785500000000006,0.0,4.0
CHEMBL3335051,COc1cccc(CN(C)CCCCOc2ccc3c4c(c(=O)oc3c2)CCCC4)c1,1700.0,intermediate,421.53700000000026,4.971400000000005,0.0,5.0
CHEMBL3335050,CN(CCCCOc1ccc2c3c(c(=O)oc2c1)CCCC3)Cc1ccccc1,1000.0,active,391.51100000000025,4.962800000000005,0.0,4.0
CHEMBL3335049,COc1cccc(CN2CCN(CCCOc3ccc4c5c(c(=O)oc4c3)CCCC5)CC2)c1,6200.0,intermediate,462.5900000000004,4.267100000000004,0.0,6.0
CHEMBL3335048,O=c1oc2cc(OCCCN3CCN(Cc4ccccc4)CC3)ccc2c2c1CCCC2,900.0,active,432.5640000000003,4.258500000000004,0.0,5.0
CHEMBL3335047,COc1cccc(CC2CCN(CCCOc3ccc4c5c(c(=O)oc4c3)CCCC5)CC2)c1,4900.0,intermediate,461.6020000000004,5.404000000000006,0.0,5.0
CHEMBL3335046,O=c1oc2cc(OCCCN3CCC(Cc4ccccc4)CC3)ccc2c2c1CCCC2,4300.0,intermediate,431.5760000000003,5.395400000000006,0.0,4.0
CHEMBL3335032,COc1cccc(CN(C)CCCOc2ccc3c4c(c(=O)oc3c2)CCCC4)c1,2700.0,intermediate,407.5100000000003,4.581300000000004,0.0,5.0
CHEMBL3335031,CN(CCCOc1ccc2c3c(c(=O)oc2c1)CCCC3)Cc1ccccc1,2100.0,intermediate,377.48400000000015,4.572700000000004,0.0,4.0
CHEMBL3335030,COc1cccc(CN2CCN(CCOc3ccc4c5c(c(=O)oc4c3)CCCC5)CC2)c1,7300.0,intermediate,448.5630000000004,3.8770000000000033,0.0,6.0
CHEMBL3335029,O=c1oc2cc(OCCN3CCN(Cc4ccccc4)CC3)ccc2c2c1CCCC2,1300.0,intermediate,418.5370000000003,3.868400000000003,0.0,5.0
CHEMBL3335028,COc1cccc(CC2CCN(CCOc3ccc4c5c(c(=O)oc4c3)CCCC5)CC2)c1,37200.0,inactive,447.5750000000004,5.013900000000005,0.0,5.0
CHEMBL3335027,O=c1oc2cc(OCCN3CCC(Cc4ccccc4)CC3)ccc2c2c1CCCC2,8100.0,intermediate,417.5490000000003,5.005300000000005,0.0,4.0
CHEMBL3335026,COc1cccc(CN(C)CCOc2ccc3c4c(c(=O)oc3c2)CCCC4)c1,6000.0,intermediate,393.48300000000023,4.191200000000004,0.0,5.0
CHEMBL3335025,CN(CCOc1ccc2c3c(c(=O)oc2c1)CCCC3)Cc1ccccc1,2800.0,intermediate,363.4570000000001,4.182600000000003,0.0,4.0
CHEMBL3335024,CCN(C)C(=O)Oc1cc(C(C)N(C)C)c2c(c1)oc(=O)c1ccccc12.Cl,40000.0,inactive,404.89400000000006,4.441100000000005,0.0,5.0
CHEMBL3335023,CCN(C)C(=O)Oc1cc(C(C)N(C)C)cc2oc(=O)c3ccccc3c12.Cl,39700.0,inactive,404.89400000000006,4.441100000000005,0.0,5.0
CHEMBL3335022,CC(c1cc(O)cc2oc(=O)c3ccccc3c12)N(C)C.Cl,33100.0,inactive,319.78799999999995,3.6962000000000024,1.0,4.0
CHEMBL3335021,CC(c1cc(O)c2c(c1)oc(=O)c1ccccc12)N(C)C.Cl,18900.0,inactive,319.78799999999995,3.6962000000000024,1.0,4.0
CHEMBL3335020,COc1cc(C(C)N(C)C)c2c(c1)oc(=O)c1ccccc12.Cl,15100.0,inactive,333.815,3.999200000000004,0.0,4.0
CHEMBL3335019,COc1cc(C(C)N(C)C)cc2oc(=O)c3ccccc3c12.Cl,2800.0,intermediate,333.815,3.999200000000003,0.0,4.0
CHEMBL3335018,C[C@@H](c1ccc2c(c1)oc(=O)c1ccccc12)N(C)C.Cl,7900.0,intermediate,303.78899999999993,3.990600000000003,0.0,3.0
CHEMBL3335017,CC(c1ccc2c(c1)oc(=O)c1ccccc12)N(C)C.Cl,10900.0,inactive,303.78899999999993,3.990600000000003,0.0,3.0
CHEMBL3343705,COc1cc2c(cc1OCCN1CCCCC1)C(=O)/C(=C/c1ccc(N(C)C)cc1)C2,285.1,active,420.5530000000001,4.448300000000004,0.0,5.0
CHEMBL3343708,CCN(CC)c1ccc(/C=C2\Cc3cc(OC)c(OCCN4CCCCC4)cc3C2=O)cc1,536.4,active,448.60700000000037,5.228500000000006,0.0,5.0
CHEMBL3343711,CNc1ccc(/C=C2\Cc3cc(OC)c(OCCN4CCCCC4)cc3C2=O)cc1,301.1,active,406.52600000000024,4.424000000000004,1.0,5.0
CHEMBL3343712,CCN(C)c1ccc(/C=C2\Cc3cc(OC)c(OCCN4CCCCC4)cc3C2=O)cc1,426.0,active,434.58000000000027,4.8384000000000045,0.0,5.0
CHEMBL3343713,CCCN(C)c1ccc(/C=C2\Cc3cc(OC)c(OCCN4CCCCC4)cc3C2=O)cc1,390.2,active,448.60700000000037,5.228500000000006,0.0,5.0
CHEMBL3343714,CCCN(CCC)c1ccc(/C=C2\Cc3cc(OC)c(OCCN4CCCCC4)cc3C2=O)cc1,954.2,active,476.6610000000004,6.008700000000007,0.0,5.0
CHEMBL3355594,C/C=C1/[C@@H]2Cc3[nH]c(=O)ccc3[C@@]1(N)C[C@]1(C)O[C@H]21,12110.0,inactive,258.32099999999997,1.2087,2.0,3.0
CHEMBL3338389,C/C=C1\[C@H]2C=C(C)C[C@]1(NC1OCC3=C4CC(C)(C)[C@H](O)[C@H]4[C@@H](C)CCC31O)c1ccc(=O)[nH]c1C2,60.0,active,492.66000000000025,3.849300000000003,4.0,5.0
CHEMBL3338388,C/C=C1\[C@H]2C=C(C)C[C@]1(NC1OCC3=C4CC(C)(C)C[C@H]4[C@@H](C)[C@H](O)CC31O)c1ccc(=O)[nH]c1C2,110.0,active,492.66000000000025,3.849300000000003,4.0,5.0
CHEMBL3338387,C/C=C1\[C@H]2C=C(C)C[C@]1(N[C@H]1OC(=O)C3=C4CC(C)(C)C[C@H]4[C@@H](C)[C@@H](O)C[C@]31O)c1ccc(=O)[nH]c1C2,2170.0,intermediate,506.64300000000026,3.3759000000000015,4.0,6.0
CHEMBL3338386,C/C=C1\[C@H]2C=C(C)C[C@]1(N[C@H]1OC(=O)C3=C4CC(C)(C)C[C@H]4[C@@H](C)[C@@H](O)C[C@]31OC)c1ccc(=O)[nH]c1C2,990.0,active,520.6700000000002,4.030000000000003,3.0,6.0
CHEMBL3343884,Cc1nc(C(=O)NCCCCNc2c3c(nc4ccccc24)CCCC3)cc2c1[nH]c1ccccc12,325.0,active,477.6120000000003,6.073620000000005,3.0,4.0
CHEMBL3343885,Cc1nc(C(=O)NCCCCCCNc2c3c(nc4ccccc24)CCCC3)cc2c1[nH]c1ccccc12,92.6,active,505.6660000000003,6.853820000000006,3.0,4.0
CHEMBL3343920,Cc1nc(C(=O)NCCCCCCCCNc2c3c(nc4ccccc24)CCCC3)cc2c1[nH]c1ccccc12,153.0,active,533.7200000000003,7.634020000000008,3.0,4.0
CHEMBL3343922,O=C(NCCCCCCNc1c2c(nc3ccccc13)CCCC2)c1cc2c(cn1)[nH]c1ccccc12,91.8,active,491.63900000000035,6.545400000000005,3.0,4.0
CHEMBL3343882,CCc1nc(C(=O)NCCCCCCNc2c3c(nc4ccccc24)CCCC3)cc2c1[nH]c1ccccc12,98.2,active,519.6930000000002,7.107800000000006,3.0,4.0
CHEMBL3343923,O=C(NCCCCCCNc1c2c(nc3ccccc13)CCCC2)c1cc2c([nH]c3ccccc32)c(-c2ccccc2)n1,159.0,active,567.7370000000004,8.212400000000006,3.0,4.0
CHEMBL3343924,O=C(NCCCCCCNc1c2c(nc3ccccc13)CCCC2)c1cc2c([nH]c3ccccc32)c(-c2ccc(F)cc2)n1,306.0,active,585.7270000000004,8.351500000000005,3.0,4.0
CHEMBL3343925,COc1ccc(-c2nc(C(=O)NCCCCCCNc3c4c(nc5ccccc35)CCCC4)cc3c2[nH]c2ccccc23)cc1,149.0,active,597.7630000000003,8.221000000000007,3.0,5.0
CHEMBL3343926,CC(C)(C)OC(=O)N1Cc2[nH]c3ccccc3c2C[C@H]1C(=O)NCCCCCCNc1c2c(nc3ccccc13)CCCC2,187.0,active,595.7880000000001,7.045400000000007,3.0,5.0
CHEMBL3343927,O=C(NCCCCCCNc1c2c(nc3ccccc13)CCCC2)[C@@H]1Cc2c([nH]c3ccccc23)CN1,63.2,active,495.6710000000004,5.397900000000004,4.0,4.0
CHEMBL3343928,CC1c2[nH]c3ccccc3c2C[C@@H](C(=O)NCCCCCCNc2c3c(nc4ccccc24)CCCC3)N1C(=O)OC(C)(C)C,526.0,active,609.8150000000003,7.606400000000008,3.0,5.0
CHEMBL3343929,CC1N[C@H](C(=O)NCCCCCCNc2c3c(nc4ccccc24)CCCC3)Cc2c1[nH]c1ccccc21,203.0,active,509.6980000000003,5.958900000000005,4.0,4.0
CHEMBL3343930,CC(C)(C)OC(=O)N[C@@H](Cc1c[nH]c2ccccc12)C(=O)NCCCCCCNc1c2c(nc3ccccc13)CCCC2,116.0,active,583.7770000000002,6.819400000000007,4.0,5.0
CHEMBL3343931,N[C@@H](Cc1c[nH]c2ccccc12)C(=O)NCCCCCCNc1c2c(nc3ccccc13)CCCC2,96.3,active,483.66000000000037,5.253400000000005,4.0,4.0
CHEMBL3343932,CC(=O)N[C@@H](Cc1c[nH]c2ccccc12)C(=O)NCCCCCCNc1c2c(nc3ccccc13)CCCC2,153.0,active,525.6970000000005,5.430800000000005,4.0,4.0
CHEMBL3356528,COc1ccc2nc3c(c(NCCNC4=CC(=O)c5ccccc5C4=O)c2c1)CCCC3,2530.0,intermediate,427.50400000000025,4.086800000000003,2.0,6.0
CHEMBL3356529,COc1ccc2nc3c(c(NCCCNC4=CC(=O)c5ccccc5C4=O)c2c1)CCCC3,6150.0,intermediate,441.5310000000003,4.476900000000003,2.0,6.0
CHEMBL3356530,O=C1C=C(NCCNc2c3c(nc4ccccc24)CCCC3)C(=O)c2ccccc21,14.3,active,397.47800000000024,4.078200000000003,2.0,5.0
CHEMBL3356531,O=C1C=C(NCCCNc2c3c(nc4ccccc24)CCCC3)C(=O)c2ccccc21,53.7,active,411.5050000000003,4.468300000000004,2.0,5.0
CHEMBL3356532,O=C1C=C(NCCNc2c3c(nc4cc(Cl)ccc24)CCCC3)C(=O)c2ccccc21,1.93,active,431.92300000000034,4.731600000000004,2.0,5.0
CHEMBL3356533,O=C1C=C(NCCCNc2c3c(nc4cc(Cl)ccc24)CCCC3)C(=O)c2ccccc21,5.4,active,445.95000000000033,5.121700000000004,2.0,5.0
CHEMBL3356534,O=C1C(NCCNc2c3c(nc4ccccc24)CCCC3)=CC(=O)c2c(O)cccc21,24.7,active,413.4770000000002,3.783800000000003,3.0,6.0
CHEMBL3356535,O=C1C(NCCCNc2c3c(nc4ccccc24)CCCC3)=CC(=O)c2c(O)cccc21,103.0,active,427.50400000000025,4.173900000000003,3.0,6.0
CHEMBL3356536,O=C1C(NCCNc2c3c(nc4cc(Cl)ccc24)CCCC3)=CC(=O)c2c(O)cccc21,0.72,active,447.92200000000037,4.437200000000004,3.0,6.0
CHEMBL3356537,O=C1C(NCCCNc2c3c(nc4cc(Cl)ccc24)CCCC3)=CC(=O)c2c(O)cccc21,9.24,active,461.94900000000035,4.827300000000005,3.0,6.0
CHEMBL3356538,COc1ccc2nc3c(c(NCCNC4=CC(=O)c5c(O)cccc5C4=O)c2c1)CCCC3,651.0,active,443.50300000000027,3.7924000000000024,3.0,7.0
CHEMBL3356539,COc1ccc2nc3c(c(NCCCNC4=CC(=O)c5c(O)cccc5C4=O)c2c1)CCCC3,348.0,active,457.5300000000003,4.182500000000003,3.0,7.0
CHEMBL3356540,COc1ccc2nc3c(c(NCCNC4=C(Cl)C(=O)c5ccccc5C4=O)c2c1)CCCC3,1370.0,intermediate,461.94900000000035,4.653300000000003,2.0,6.0
CHEMBL3356950,COc1ccc2nc3c(c(NCCCNC4=C(Cl)C(=O)c5ccccc5C4=O)c2c1)CCCC3,809.0,active,475.97600000000034,5.0434000000000045,2.0,6.0
CHEMBL3356951,O=C1C(Cl)=C(NCCNc2c3c(nc4cc(Cl)ccc24)CCCC3)C(=O)c2ccccc21,3.21,active,466.36800000000034,5.298100000000003,2.0,5.0
CHEMBL3356952,O=C1C(Cl)=C(NCCCNc2c3c(nc4cc(Cl)ccc24)CCCC3)C(=O)c2ccccc21,8.94,active,480.3950000000003,5.688200000000005,2.0,5.0
CHEMBL3356953,O=C1C(Cl)=C(NCCNc2c3c(nc4ccccc24)CCCC3)C(=O)c2ccccc21,96.1,active,431.92300000000034,4.644700000000004,2.0,5.0
CHEMBL3356954,O=C1C(Cl)=C(NCCCNc2c3c(nc4ccccc24)CCCC3)C(=O)c2ccccc21,38.0,active,445.95000000000033,5.034800000000004,2.0,5.0
CHEMBL3393675,O=C1N[C@H](COCc2ccccc2)[C@@H](OCc2ccccc2)[C@H](OCc2ccccc2)[C@H]1OCc1ccccc1,46000.0,inactive,537.6560000000003,5.457800000000005,1.0,5.0
CHEMBL3393674,C=CC[C@@H]1[C@H](O)[C@@H](OCc2ccccc2)[C@H](O)CN1CCCCCCCC,22000.0,inactive,375.55300000000034,3.914400000000003,2.0,4.0
CHEMBL3393673,c1ccc(COC[C@H]2NC[C@H](OCc3ccccc3)[C@@H](OCc3ccccc3)[C@@H]2OCc2ccccc2)cc1,60000.0,inactive,523.6730000000002,5.931200000000006,1.0,5.0
CHEMBL3403878,COc1cc2oc(-c3cccc(OCC(=O)NCCCCCCNc4c5c(nc6cc(Cl)ccc46)CCCC5)c3)cc(=O)c2c(OC)c1OC,32.5,active,700.2320000000001,7.733700000000008,2.0,9.0
CHEMBL3403877,COc1cc2oc(-c3cccc(OCC(=O)NCCCCCNc4c5c(nc6cc(Cl)ccc46)CCCC5)c3)cc(=O)c2c(OC)c1OC,17.3,active,686.2050000000002,7.3436000000000075,2.0,9.0
CHEMBL3400187,COc1cc2oc(-c3ccc(OCC(=O)NCCCCCCNc4c5c(nc6cc(Cl)ccc46)CCCC5)cc3)cc(=O)c2c(OC)c1OC,21.6,active,700.2320000000002,7.733700000000008,2.0,9.0
CHEMBL3403874,COc1cc2oc(-c3ccc(OCC(=O)NCCCCCNc4c5c(nc6cc(Cl)ccc46)CCCC5)cc3)cc(=O)c2c(OC)c1OC,6.9,active,686.2050000000003,7.3436000000000075,2.0,9.0
CHEMBL3402707,CN(CCCCCN1C(=O)c2ccccc2C1=O)Cc1ccccc1.Cl,361.0,active,372.89600000000013,4.006700000000004,0.0,3.0
CHEMBL3402708,CN(CCCCCCN1C(=O)c2ccccc2C1=O)Cc1ccccc1.Cl,1831.0,intermediate,386.92300000000006,4.396800000000005,0.0,3.0
CHEMBL3402709,CN(CCCCCCCN1C(=O)c2ccccc2C1=O)Cc1ccccc1.Cl,997.0,active,400.9500000000001,4.7869000000000055,0.0,3.0
CHEMBL3402710,CN(CCCCCCCCN1C(=O)c2ccccc2C1=O)Cc1ccccc1.Cl,860.0,active,414.97700000000015,5.177000000000007,0.0,3.0
CHEMBL3402712,CN(CCCCCN1C(=O)c2ccccc2C1=O)Cc1ccccc1F.Cl,525.0,active,390.88600000000014,4.145800000000005,0.0,3.0
CHEMBL3402713,CN(CCCCCCN1C(=O)c2ccccc2C1=O)Cc1ccccc1F.Cl,1992.0,intermediate,404.91300000000007,4.535900000000005,0.0,3.0
CHEMBL3402714,CN(CCCCCCCN1C(=O)c2ccccc2C1=O)Cc1ccccc1F.Cl,625.0,active,418.9400000000001,4.926000000000006,0.0,3.0
CHEMBL3402715,CN(CCCCCCCCN1C(=O)c2ccccc2C1=O)Cc1ccccc1F.Cl,644.0,active,432.96700000000016,5.316100000000007,0.0,3.0
CHEMBL3402717,CN(CCCCCN1C(=O)c2ccccc2C1=O)Cc1cccc(Cl)c1.Cl,537.0,active,407.34100000000007,4.660100000000005,0.0,3.0
CHEMBL3402718,CN(CCCCCCN1C(=O)c2ccccc2C1=O)Cc1cccc(Cl)c1.Cl,1189.0,intermediate,421.3680000000001,5.050200000000006,0.0,3.0
CHEMBL3402719,CN(CCCCCCCN1C(=O)c2ccccc2C1=O)Cc1cccc(Cl)c1.Cl,1303.0,intermediate,435.39500000000015,5.440300000000006,0.0,3.0
CHEMBL3402720,CN(CCCCCCCCN1C(=O)c2ccccc2C1=O)Cc1cccc(Cl)c1.Cl,1044.0,intermediate,449.4220000000002,5.830400000000006,0.0,3.0
CHEMBL3403305,CCN(CC)C(=O)[C@H](Cc1ccccc1)NC(=O)[C@H](CC(C)C)NC(=O)[C@@H](NC(=O)[C@@H](N)COC(=O)[C@H](CC(C)C)NC(C)=O)C(C)C,100.0,active,674.8840000000001,1.6753000000000073,5.0,8.0
CHEMBL3403306,CCN(CC)C(=O)[C@H](Cc1ccc(F)cc1)NC(=O)[C@H](CC(C)C)NC(=O)[C@@H](NC(=O)[C@@H](N)COC(=O)[C@H](CC(C)C)NC(C)=O)C(C)C,100.0,active,692.874,1.8144000000000071,5.0,8.0
CHEMBL3403307,CCN(CC)C(=O)[C@H](Cc1ccc(Cl)cc1)NC(=O)[C@H](CC(C)C)NC(=O)[C@@H](NC(=O)[C@@H](N)COC(=O)[C@H](CC(C)C)NC(C)=O)C(C)C,100.0,active,709.3290000000001,2.3287000000000067,5.0,8.0
CHEMBL3403308,CCN(CC)C(=O)[C@H](Cc1ccc(Br)cc1)NC(=O)[C@H](CC(C)C)NC(=O)[C@@H](NC(=O)[C@@H](N)COC(=O)[C@H](CC(C)C)NC(C)=O)C(C)C,100.0,active,753.7799999999999,2.4378000000000073,5.0,8.0
CHEMBL3403309,CCN(CC)C(=O)[C@H](Cc1ccc(OC)cc1)NC(=O)[C@H](CC(C)C)NC(=O)[C@@H](NC(=O)[C@@H](N)COC(=O)[C@H](CC(C)C)NC(C)=O)C(C)C,100.0,active,704.9100000000001,1.6839000000000068,5.0,9.0
CHEMBL3403310,CCN(CC)C(=O)[C@H](Cc1ccc2ccccc2c1)NC(=O)[C@H](CC(C)C)NC(=O)[C@@H](NC(=O)[C@@H](N)COC(=O)[C@H](CC(C)C)NC(C)=O)C(C)C,100.0,active,724.9440000000001,2.828500000000008,5.0,8.0
CHEMBL3403311,CCN(CC)C(=O)[C@H](Cc1ccccc1)NC(=O)[C@H](CC(C)C)NC(=O)[C@@H](NC(=O)[C@@H](N)COC(=O)[C@@H]1CCCN1C(C)=O)C(C)C,100.0,active,658.841,1.1354000000000075,4.0,8.0
CHEMBL3403312,CCN(CC)C(=O)[C@H](Cc1ccc(F)cc1)NC(=O)[C@H](CC(C)C)NC(=O)[C@@H](NC(=O)[C@@H](N)COC(=O)[C@@H]1CCCN1C(C)=O)C(C)C,100.0,active,676.8309999999999,1.2745000000000075,4.0,8.0
CHEMBL3403313,CCN(CC)C(=O)[C@H](Cc1ccc(Cl)cc1)NC(=O)[C@H](CC(C)C)NC(=O)[C@@H](NC(=O)[C@@H](N)COC(=O)[C@@H]1CCCN1C(C)=O)C(C)C,100.0,active,693.286,1.7888000000000064,4.0,8.0
CHEMBL3403314,CCN(CC)C(=O)[C@H](Cc1ccc(Br)cc1)NC(=O)[C@H](CC(C)C)NC(=O)[C@@H](NC(=O)[C@@H](N)COC(=O)[C@@H]1CCCN1C(C)=O)C(C)C,100.0,active,737.7369999999997,1.8979000000000068,4.0,8.0
CHEMBL3403315,CCN(CC)C(=O)[C@H](Cc1ccc(OC)cc1)NC(=O)[C@H](CC(C)C)NC(=O)[C@@H](NC(=O)[C@@H](N)COC(=O)[C@@H]1CCCN1C(C)=O)C(C)C,100.0,active,688.867,1.144000000000007,4.0,9.0
CHEMBL3403316,CCN(CC)C(=O)[C@H](Cc1ccc2ccccc2c1)NC(=O)[C@H](CC(C)C)NC(=O)[C@@H](NC(=O)[C@@H](N)COC(=O)[C@@H]1CCCN1C(C)=O)C(C)C,100.0,active,708.901,2.288600000000007,4.0,8.0
CHEMBL3407587,OCc1cc2cc(OCCCC3CCN(Cc4ccccc4)CC3)ccc2[nH]1,13600.0,inactive,378.5160000000001,4.731400000000004,2.0,3.0
CHEMBL3407586,CCOC(=O)c1cc2cc(OCCCC3CCN(Cc4ccccc4)CC3)ccc2[nH]1,9600.0,intermediate,420.5530000000001,5.415800000000005,1.0,4.0
CHEMBL3407585,C=CCNCc1cc2cc(OCCCC3CCN(Cc4ccccc4)CC3)ccc2[nH]1,4600.0,intermediate,417.5970000000001,5.514700000000006,2.0,3.0
CHEMBL3407584,C#CCNCc1cc2cc(OCCCC3CCN(Cc4ccccc4)CC3)ccc2[nH]1,4900.0,intermediate,415.5810000000001,4.961900000000004,2.0,3.0
CHEMBL3407583,C#CCN(C)Cc1cc2cc(OCCCC3CCN(Cc4ccccc4)CC3)ccc2[nH]1,15400.0,inactive,429.6080000000001,5.304100000000005,1.0,3.0
CHEMBL3407582,C#CCN(C)Cc1cc2cc(OCCCC3CCN(Cc4ccc(OC(=O)N(C)C)c5ncccc45)CC3)ccc2n1C,8400.0,intermediate,581.7610000000001,5.923100000000007,0.0,6.0
CHEMBL3407581,C#CCN(C)Cc1cc2cc(OCCCC3CCN(Cc4ccccc4C)CC3)ccc2n1C,2800.0,intermediate,457.6620000000002,5.622920000000006,0.0,3.0
CHEMBL3407591,C#CCN(C)Cc1ccc(OC(=O)N(C)C)c2ncccc12,520.0,active,297.358,2.3602000000000007,0.0,4.0
CHEMBL3410957,Cc1c(C)c2c(c(C)c1O)CCC(C)(C(=O)NCCCCCCCCCCNc1c3c(nc4ccccc14)CCCC3)O2,453.3,active,585.8330000000002,8.177260000000008,3.0,5.0
CHEMBL3410956,Cc1c(C)c2c(c(C)c1O)CCC(C)(C(=O)NCCCCCCCCNc1c3c(nc4ccccc14)CCCC3)O2,226.5,active,557.7790000000003,7.397060000000008,3.0,5.0
CHEMBL3410955,Cc1c(C)c2c(c(C)c1O)CCC(C)(C(=O)NCCCCCCCNc1c3c(nc4ccccc14)CCCC3)O2,143.7,active,543.7520000000004,7.006960000000007,3.0,5.0
CHEMBL3410954,Cc1c(C)c2c(c(C)c1O)CCC(C)(C(=O)NCCCCCCNc1c3c(nc4ccccc14)CCCC3)O2,23.5,active,529.7250000000005,6.616860000000006,3.0,5.0
CHEMBL3410953,Cc1c(C)c2c(c(C)c1O)CCC(C)(C(=O)NCCCCCNc1c3c(nc4ccccc14)CCCC3)O2,215.3,active,515.6980000000004,6.226760000000006,3.0,5.0
CHEMBL3410952,Cc1c(C)c2c(c(C)c1O)CCC(C)(C(=O)NCCCCNc1c3c(nc4ccccc14)CCCC3)O2,535.0,active,501.6710000000004,5.836660000000005,3.0,5.0
CHEMBL3410951,Cc1c(C)c2c(c(C)c1O)CCC(C)(C(=O)NCCNc1c3c(nc4ccccc14)CCCC3)O2,283.8,active,473.6170000000003,5.056460000000004,3.0,5.0
CHEMBL3417009,COc1cc(N)c(Cl)cc1C(=O)CCC1CCN(CC2CCCCC2)CC1,16.0,active,392.9710000000003,5.186000000000005,1.0,4.0
CHEMBL85251,CCCCN1CCC(CCC(=O)c2cc(Cl)c(N)cc2OC)CC1,403.0,active,352.9060000000001,4.405800000000004,1.0,4.0
CHEMBL3414597,COc1cc(N)c(Cl)cc1C(=O)CCC1CCN(CC2CC2)CC1,937.0,active,350.89000000000016,4.015700000000003,1.0,4.0
CHEMBL3416995,COc1cc(N)c(Cl)cc1C(=O)CCC1CCN(CC2CCC2)CC1,577.0,active,364.9170000000002,4.405800000000004,1.0,4.0
CHEMBL3416996,COc1cc(N)c(Cl)cc1C(=O)CCC1CCN(CC2CCCC2)CC1,69.0,active,378.94400000000024,4.795900000000005,1.0,4.0
CHEMBL3416997,COc1cc(N)c(Cl)cc1C(=O)CCC1CCN(CC2CCCCCC2)CC1,57.0,active,406.99800000000033,5.576100000000006,1.0,4.0
CHEMBL3416998,COc1cc(N)c(Cl)cc1C(=O)CCC1CCN(CC2CCNCC2)CC1.Cl,118.0,active,430.42000000000024,4.0271000000000035,2.0,5.0
CHEMBL3416999,COc1cc(N)c(Cl)cc1C(=O)CCC1CCN(CCC2CCCCC2)CC1,222.0,active,406.99800000000033,5.576100000000006,1.0,4.0
CHEMBL3417000,COc1cc(N)c(Cl)cc1C(=O)CCC1CCN(CC2CCCCC2C)CC1,321.0,active,406.9980000000003,5.432000000000006,1.0,4.0
CHEMBL3417001,COc1cc(N)c(Cl)cc1C(=O)CCC1CCN(Cc2ccccc2)CC1,8.5,active,386.9230000000001,4.805900000000004,1.0,4.0
CHEMBL3417002,COc1cc(N)c(Cl)cc1C(=O)CCC1CCN(Cc2cccnc2)CC1,45.0,active,387.9110000000001,4.200900000000003,1.0,5.0
CHEMBL3417003,COc1cc(N)c(Cl)cc1C(=O)CCC1CCN(Cc2ccncc2)CC1,121.0,active,387.9110000000001,4.200900000000003,1.0,5.0
CHEMBL3417004,COc1cc(N)c(Cl)cc1/C(CCC1CCN(CC2CCCCC2)CC1)=N/O,24.0,active,407.98600000000033,5.181600000000005,2.0,5.0
CHEMBL3417006,COc1cc(N)c(Cl)cc1C(O)CCC1CCN(CC2CCCCC2)CC1,1030.0,intermediate,394.9870000000003,5.036700000000005,2.0,4.0
CHEMBL3417008,COc1cc(N)c(Cl)cc1C(=O)OCC1CCN(CC2CCCCC2)CC1,2720.0,intermediate,394.9430000000003,4.379900000000005,1.0,5.0
CHEMBL3415643,Nc1oc2ccccc2c(=O)c1/C=C1\COc2ccccc2C1=O,270.0,active,319.31600000000003,3.033900000000002,1.0,5.0
CHEMBL3415558,O=C1c2ccccc2C(=O)N1CCCCCNCc1ccccc1,202.0,active,322.40799999999996,3.242700000000002,1.0,3.0
CHEMBL3415559,O=C1c2ccccc2C(=O)N1CCCCCCNCc1ccccc1,2105.0,intermediate,336.435,3.6328000000000022,1.0,3.0
CHEMBL3415560,O=C1c2ccccc2C(=O)N1CCCCCCCNCc1ccccc1,303.0,active,350.46199999999993,4.022900000000003,1.0,3.0
CHEMBL3415561,O=C1c2ccccc2C(=O)N1CCCCCCCCNCc1ccccc1,496.0,active,364.489,4.413000000000004,1.0,3.0
CHEMBL3415563,O=C1c2ccccc2C(=O)N1CCCCCNCc1ccccc1F,168.0,active,340.39799999999997,3.381800000000002,1.0,3.0
CHEMBL3415564,O=C1c2ccccc2C(=O)N1CCCCCCNCc1ccccc1F,941.0,active,354.425,3.7719000000000023,1.0,3.0
CHEMBL3415565,O=C1c2ccccc2C(=O)N1CCCCCCCNCc1ccccc1F,329.0,active,368.45199999999994,4.1620000000000035,1.0,3.0
CHEMBL3415566,O=C1c2ccccc2C(=O)N1CCCCCCCCNCc1ccccc1F,545.0,active,382.479,4.552100000000004,1.0,3.0
CHEMBL3415568,O=C1c2ccccc2C(=O)N1CCCCCNCc1ccc(F)cc1,268.0,active,340.39799999999997,3.381800000000002,1.0,3.0
CHEMBL3415569,O=C1c2ccccc2C(=O)N1CCCCCCNCc1ccc(F)cc1,3167.0,intermediate,354.425,3.7719000000000023,1.0,3.0
CHEMBL3415570,O=C1c2ccccc2C(=O)N1CCCCCCCNCc1ccc(F)cc1,437.0,active,368.45199999999994,4.1620000000000035,1.0,3.0
CHEMBL3415573,O=C1c2ccccc2C(=O)N1CCCCCNCc1ccc(F)cc1F,258.0,active,358.388,3.520900000000002,1.0,3.0
CHEMBL3415574,O=C1c2ccccc2C(=O)N1CCCCCCNCc1ccc(F)cc1F,1596.0,intermediate,372.415,3.911000000000003,1.0,3.0
CHEMBL3415575,O=C1c2ccccc2C(=O)N1CCCCCCCNCc1ccc(F)cc1F,381.0,active,386.44199999999995,4.3011000000000035,1.0,3.0
CHEMBL3415576,O=C1c2ccccc2C(=O)N1CCCCCCCCNCc1ccc(F)cc1F,578.0,active,400.469,4.691200000000005,1.0,3.0
CHEMBL3415578,O=C1c2ccccc2C(=O)N1CCCCCNCc1cccc(Cl)c1,160.0,active,356.85299999999995,3.8961000000000023,1.0,3.0
CHEMBL3415579,O=C1c2ccccc2C(=O)N1CCCCCCNCc1cccc(Cl)c1,2008.0,intermediate,370.88,4.286200000000004,1.0,3.0
CHEMBL3415580,O=C1c2ccccc2C(=O)N1CCCCCCCNCc1cccc(Cl)c1,651.0,active,384.9069999999999,4.676300000000004,1.0,3.0
CHEMBL3415581,O=C1c2ccccc2C(=O)N1CCCCCCCCNCc1cccc(Cl)c1,686.0,active,398.93399999999997,5.066400000000005,1.0,3.0
CHEMBL3417300,Cc1c(C)c2ccc(OCCN3CCN(CCCNc4c5c(nc6ccccc46)CCCC5)CC3)cc2oc1=O,16.11,active,540.7080000000003,5.335440000000005,1.0,7.0
CHEMBL3417299,Cc1c(Cl)c(=O)oc2cc(OCCN3CCN(CCCNc4c5c(nc6ccccc46)CCCC5)CC3)ccc12,24.37,active,561.1260000000003,5.680420000000006,1.0,7.0
CHEMBL3577505,CCN(CCCOc1ccc(-c2cc(=O)c3c(OC)c(OC)c(OC)cc3o2)cc1)Cc1ccccc1OC,200.0,active,533.6210000000003,5.785400000000006,0.0,8.0
CHEMBL3577508,COc1cc2oc(-c3ccc(OCCCCN(C)Cc4ccccc4)cc3)cc(=O)c2c(OC)c1OC,950.0,active,503.59500000000025,5.776800000000005,0.0,7.0
CHEMBL3577509,CCN(CCCCOc1ccc(-c2cc(=O)c3c(OC)c(OC)c(OC)cc3o2)cc1)Cc1ccccc1,1360.0,intermediate,517.6220000000004,6.166900000000006,0.0,7.0
CHEMBL3577510,COc1ccccc1CN(C)CCCCOc1ccc(-c2cc(=O)c3c(OC)c(OC)c(OC)cc3o2)cc1,500.0,active,533.6210000000003,5.785400000000006,0.0,8.0
CHEMBL3577511,CCN(CCCCOc1ccc(-c2cc(=O)c3c(OC)c(OC)c(OC)cc3o2)cc1)Cc1ccccc1OC,80.0,active,547.6480000000004,6.175500000000007,0.0,8.0
CHEMBL3577517,CCN(CCCCCCOc1ccc(-c2cc(=O)c3c(OC)c(OC)c(OC)cc3o2)cc1)Cc1ccccc1OC,430.0,active,575.7020000000003,6.955700000000008,0.0,8.0
CHEMBL3577520,CCN(CCCOc1ccc(-c2cc(=O)c3c(O)c(OC)c(OC)cc3o2)cc1)Cc1ccccc1OC,900.0,active,519.5940000000003,5.482400000000005,1.0,8.0
CHEMBL3577522,CCN(CCCCOc1ccc(-c2cc(=O)c3c(O)c(OC)c(OC)cc3o2)cc1)Cc1ccccc1OC,250.0,active,533.6210000000003,5.872500000000006,1.0,8.0
CHEMBL3577524,CCN(CCCCCCOc1ccc(-c2cc(=O)c3c(O)c(OC)c(OC)cc3o2)cc1)Cc1ccccc1OC,2000.0,intermediate,561.6750000000003,6.652700000000008,1.0,8.0
CHEMBL3359895,CN1CCN(c2ccc(-c3cnc4[nH]c5cnc(C#N)cc5c4c3)cc2)CC1,18.0,active,368.44400000000013,3.401580000000002,1.0,5.0
CHEMBL3582200,CN1CCN(c2cccc(-c3cnc4[nH]c5cnc(C#N)cc5c4c3)c2)CC1,4770.0,intermediate,368.44400000000013,3.401580000000002,1.0,5.0
CHEMBL3582201,N#Cc1cc2c(cn1)[nH]c1ncc(-c3ccc(CN4CCCCC4)cc3)cc12,333.0,active,367.45600000000024,4.635680000000003,1.0,4.0
CHEMBL3582202,C[C@@H]1CCC[C@H](C)N1Cc1ccc(-c2cnc3[nH]c4cnc(C#N)cc4c3c2)cc1,135.0,active,395.51000000000016,5.412680000000004,1.0,4.0
CHEMBL3582203,C[C@@H]1C[C@H](C)CN(Cc2ccc(-c3cnc4[nH]c5cnc(C#N)cc5c4c3)cc2)C1,4100.0,intermediate,395.5100000000002,5.127680000000005,1.0,4.0
CHEMBL3582204,CC1(C)CCCN(Cc2ccc(-c3cnc4[nH]c5cnc(C#N)cc5c4c3)cc2)C1,3330.0,intermediate,395.5100000000002,5.271780000000005,1.0,4.0
CHEMBL3582205,CC1(C)CCN(Cc2ccc(-c3cnc4[nH]c5cnc(C#N)cc5c4c3)cc2)CC1,11.0,active,395.5100000000002,5.271780000000005,1.0,4.0
CHEMBL3582206,CC(C)(c1ccc(-c2cnc3[nH]c4cnc(C#N)cc4c3c2)cc1)N1CCCCC1,507.0,active,395.5100000000003,5.370780000000005,1.0,4.0
CHEMBL3582207,N#Cc1cc2c(cn1)[nH]c1ncc(-c3ccc(CN4CCC(O)CC4)cc3)cc12,378.0,active,383.4550000000002,3.606480000000002,2.0,5.0
CHEMBL3582208,N#Cc1cc2c(cn1)[nH]c1ncc(-c3ccc(CN4CCC[C@@H](O)C4)cc3)cc12,708.0,active,383.4550000000002,3.606480000000002,2.0,5.0
CHEMBL3582209,N#Cc1cc2c(cn1)[nH]c1ncc(-c3ccc(CN4CCC(F)CC4)cc3)cc12,890.0,active,385.4460000000002,4.583680000000003,1.0,4.0
CHEMBL3582210,N#Cc1cc2c(cn1)[nH]c1ncc(-c3ccc(CN4CCC(C#N)CC4)cc3)cc12,2690.0,intermediate,392.46600000000024,4.385360000000003,1.0,5.0
CHEMBL3582211,N#Cc1cc2c(cn1)[nH]c1ncc(-c3ccc(CN4CCOCC4)cc3)cc12,13300.0,inactive,369.4280000000002,3.481980000000002,1.0,5.0
CHEMBL3582212,N#Cc1cc2c(cn1)[nH]c1ncc(-c3ccc(CN4CCC5(CC4)COC5)cc3)cc12,2420.0,intermediate,409.49300000000034,4.262180000000003,1.0,5.0
CHEMBL3582213,N#Cc1cc2c(cn1)[nH]c1ncc(-c3ccc(CN4CCCCC4)nc3)cc12,187.0,active,368.44400000000024,4.030680000000003,1.0,5.0
CHEMBL3582214,N#Cc1cc2c(cn1)[nH]c1ncc(-c3nc(CN4CCCCC4)cs3)cc12,18.0,active,374.4730000000002,4.092180000000003,1.0,6.0
CHEMBL3582215,CCN1CCc2cc(-c3cnc4[nH]c5cnc(C#N)cc5c4c3)ccc2C1,160.0,active,353.42900000000014,4.027780000000003,1.0,4.0
CHEMBL3582216,CCN1CCc2sc(-c3cnc4[nH]c5cnc(C#N)cc5c4c3)cc2C1,259.0,active,359.45800000000014,4.089280000000003,1.0,5.0
CHEMBL3582218,NC(=O)c1cc2c(cn1)[nH]c1ncc(-c3ccc(CN4CCCCC4)cc3)cc12,217.0,active,385.47100000000023,3.8629000000000033,2.0,4.0
CHEMBL3582223,c1ncc(-c2cc3c(cn2)[nH]c2ncc(-c4ccc(CN5CCCCC5)cc4)cc23)o1,323.0,active,409.4930000000003,5.419000000000004,1.0,5.0
CHEMBL3582224,c1ncc(-c2cc3c(cn2)[nH]c2ncc(-c4ccc(CN5CCCCC5)cc4)cc23)s1,496.0,active,425.56100000000026,5.887500000000004,1.0,5.0
CHEMBL3582225,c1nnc(-c2cc3c(cn2)[nH]c2ncc(-c4ccc(CN5CCCCC5)cc4)cc23)o1,450.0,active,410.4810000000003,4.814000000000004,1.0,6.0
CHEMBL3582226,c1cc(-c2cnc3[nH]c4cnc(-c5cnoc5)cc4c3c2)ccc1CN1CCCCC1,659.0,active,409.49300000000034,5.419000000000005,1.0,5.0
CHEMBL3582227,Cn1cc(-c2cc3c(cn2)[nH]c2ncc(-c4ccc(CN5CCCCC5)cc4)cc23)cn1,874.0,active,422.5360000000003,5.164500000000004,1.0,4.0
CHEMBL3582228,c1cncc(-c2cc3c(cn2)[nH]c2ncc(-c4ccc(CN5CCCCC5)cc4)cc23)c1,493.0,active,419.5320000000003,5.826000000000004,1.0,4.0
CHEMBL3582229,c1cc(-c2cc3c(cn2)[nH]c2ncc(-c4ccc(CN5CCCCC5)cc4)cc23)ccn1,777.0,active,419.53200000000027,5.826000000000005,1.0,4.0
CHEMBL3582230,c1cnc(-c2cc3c(cn2)[nH]c2ncc(-c4ccc(CN5CCCCC5)cc4)cc23)cn1,1213.0,intermediate,420.52000000000027,5.221000000000004,1.0,5.0
CHEMBL3582231,c1cc(-c2cc3c(cn2)[nH]c2ncc(-c4ccc(CN5CCCCC5)cc4)cc23)cnn1,1037.0,intermediate,420.52000000000027,5.2210000000000045,1.0,5.0
CHEMBL3582232,c1ncc(-c2cc3c(cn2)[nH]c2ncc(-c4ccc(CN5CCCCC5)cc4)cc23)cn1,266.0,active,420.52000000000027,5.221000000000004,1.0,5.0
CHEMBL3581580,C/C(=C\C[C@]12C[C@H]3C[C@@H]4C(C)(C)CC[C@@]4(C1=O)C(=O)[C@](C(=O)c1ccccc1)(C2=O)C3(C)C)CC/C=C/C(C)C,9800.0,intermediate,542.7600000000002,7.764200000000009,0.0,4.0
CHEMBL3581576,CC(C)=CC[C@]12C[C@@H]3[C@@H]4[C@@H](O)C(C)(C)[C@@H](C(C)C)CC4(C1=O)C(=O)[C@](C(=O)c1ccccc1)(C2=O)C3(C)C,26400.0,inactive,518.6940000000004,5.644600000000006,1.0,5.0
CHEMBL3581573,C=C(C)[C@H]1CC[C@@](C)(O)[C@@H](C2=C(O)C(CC=C(C)C)(CC=C(C)C)C(=O)C(C(=O)C(C)C)=C2O)C1,25400.0,inactive,484.67700000000036,6.860800000000007,3.0,5.0
CHEMBL3581572,CCC(C)C(=O)[C@]12C(=O)[C@]3(CC=C(C)C)C[C@H](CC=C(C)C)[C@@]1(C)CC[C@@H](C(C)(C)O)OC2=C(CC=C(C)C)C3=O,37200.0,inactive,566.8230000000003,8.02530000000001,1.0,5.0
CHEMBL3585374,Cc1ccc2[nH]c3c(c2c1)CN(CCCCCCN1CCc2[nH]c4ccc(C)cc4c2C1)CC3,190.0,active,454.66200000000026,6.242840000000006,2.0,2.0
CHEMBL3585375,Cc1ccc2[nH]c3c(c2c1)CN(CCCCCCCN1CCc2[nH]c4ccc(C)cc4c2C1)CC3,690.0,active,468.68900000000025,6.632940000000007,2.0,2.0
CHEMBL3586574,Cc1c(C)c2ccc(OCCCN(C)Cc3ccccc3)cc2oc1=O.Cl,1000.0,active,387.907,4.7325400000000055,0.0,4.0
CHEMBL3586576,Cc1c(C)c2ccc(OCCCCN(C)Cc3ccccc3)cc2oc1=O,790.0,active,365.473,4.700840000000005,0.0,4.0
CHEMBL3586577,Cc1c(C)c2ccc(OCCCCCNCc3ccccc3)cc2oc1=O.Cl,300.0,active,401.934,5.170540000000005,1.0,4.0
CHEMBL3586582,Cc1c(C)c2ccc(OCCCCCCN(C)Cc3ccccc3)cc2oc1=O,340.0,active,393.52700000000004,5.481040000000005,0.0,4.0
CHEMBL3586583,CCN(CCCCCCOc1ccc2c(C)c(C)c(=O)oc2c1)Cc1ccccc1.Cl,440.0,active,444.01500000000016,6.292940000000007,0.0,4.0
CHEMBL3586592,CN(Cc1ccccc1)Cc1ccc(COc2ccc3ccc(=O)oc3c2)cc1,950.0,active,385.4630000000001,5.004000000000005,0.0,4.0
CHEMBL3586593,Cc1cc2ccc(OCc3ccc(CN(C)Cc4ccccc4)cc3)cc2oc1=O.Cl,500.0,active,435.9510000000001,5.734220000000005,0.0,4.0
CHEMBL3586594,Cc1cc(=O)oc2cc(OCc3ccc(CN(C)Cc4ccccc4)cc3)ccc12.Cl,910.0,active,435.9510000000001,5.734220000000006,0.0,4.0
CHEMBL3586595,Cc1c(C)c2ccc(OCc3ccc(CN(C)Cc4ccccc4)cc3)cc2oc1=O.Cl,450.0,active,449.978,6.042640000000006,0.0,4.0
CHEMBL3586600,Cc1cc(=O)oc2cc(OCc3ccc(CN(C)Cc4cccc(Cl)c4)cc3)ccc12.Cl,1000.0,active,470.39600000000013,6.387620000000006,0.0,4.0
CHEMBL3586602,CN(Cc1ccc(C#N)cc1)Cc1ccc(COc2ccc3ccc(=O)oc3c2)cc1.Cl,6000.0,intermediate,446.93400000000014,5.2974800000000055,0.0,5.0
CHEMBL3586604,Cc1cc(=O)oc2cc(OCc3ccc(CN(C)Cc4ccc(C#N)cc4)cc3)ccc12.Cl,8500.0,intermediate,460.96100000000007,5.605900000000005,0.0,5.0
CHEMBL3586605,Cc1c(C)c2ccc(OCc3ccc(CN(C)Cc4ccc(C#N)cc4)cc3)cc2oc1=O.Cl,3900.0,intermediate,474.9880000000001,5.914320000000005,0.0,5.0
CHEMBL3586608,CN(Cc1ccccc1)Cc1ccc(COc2ccc3c(CO)cc(=O)oc3c2)cc1.Cl,120.0,active,451.9500000000001,4.918100000000005,1.0,5.0
CHEMBL3586610,CN(Cc1ccc(COc2ccc3c(CO)cc(=O)oc3c2)cc1)Cc1cccc(Cl)c1.Cl,330.0,active,486.39500000000015,5.571500000000006,1.0,5.0
CHEMBL3586614,CN(Cc1ccccc1)Cc1ccc(COc2ccc3ccc(=O)[nH]c3c2)cc1.Cl,1500.0,intermediate,420.94,5.160900000000004,1.0,3.0
CHEMBL3586196,C[C@@]12CC[C@@H]3[C@](C)(CC[C@H](OC(=O)/C=C/c4ccc(O)cc4)[C@]3(C)C(=O)O)[C@H]1CC[C@H]1C(=CC[C@@H]3[C@]1(C)CC[C@@H](O)[C@]3(C)CO)C2,30000.0,inactive,634.8540000000002,7.146700000000009,4.0,6.0
CHEMBL3586197,CC1(C)C(=O)CC[C@@]2(C)[C@H]1CC[C@@]1(C)CC3=CC(=O)[C@H]4C(C)(C)[C@H](O)CC[C@]4(C)[C@H]3CC[C@@H]12,10670.0,inactive,454.6950000000003,6.526900000000008,1.0,3.0
CHEMBL3586198,COc1ccc(C(=O)O[C@H]2CC[C@@]3(C)[C@@H](CC[C@@]4(C)C[C@@]5(O)[C@H](CC[C@@H]43)[C@@]3(C)CC[C@@H](O)C(C)(C)[C@@H]3C[C@@H]5O)[C@@]2(C)C(=O)O)cc1O,9980.0,intermediate,656.8570000000004,5.948900000000009,5.0,8.0
CHEMBL3586199,CC(=O)O[C@H]1CC[C@@]2(C)[C@@H](CC[C@@]3(C)C[C@@]4(O)CC[C@H]5C(C)(C)[C@@H](OC(C)=O)CC[C@]5(C)[C@H]4CC[C@@H]32)C1(C)C,910.0,active,544.8170000000003,7.4761000000000095,1.0,5.0
CHEMBL3586200,C[C@@]12CC[C@@H]3[C@](C)(CC[C@H](OC(=O)CCc4ccc(O)cc4)[C@]3(C)C(=O)O)[C@H]1CC[C@H]1C(=CC[C@@H]3[C@]1(C)CC[C@@H](O)[C@]3(C)CO)C2,1690.0,intermediate,636.8700000000001,7.066100000000009,4.0,6.0
CHEMBL3586201,CC1(C)[C@H](O)CC[C@@]2(C)[C@H]1CC[C@@]1(C)CC3=CC[C@H]4C(C)(C)[C@@H](O)CC[C@]4(C)[C@H]3CC[C@@H]12,30000.0,inactive,442.72800000000024,7.139700000000009,2.0,2.0
CHEMBL3586202,C[C@@]12CC[C@@H]3[C@](C)(CC[C@H](O)[C@]3(C)C(=O)O)[C@H]1CC[C@H]1C(=CC(=O)[C@@H]3[C@]1(C)CC[C@@H](O)[C@]3(C)CO)C2,30000.0,inactive,502.6920000000004,4.355800000000005,4.0,5.0
CHEMBL3586203,CC1(C)[C@H](O)CC[C@@]2(C)[C@H]1CC[C@@]1(C)CC3=CC[C@H]4C(C)(C)[C@H](O)CC[C@]4(C)[C@H]3CC[C@@H]12,30000.0,inactive,442.72800000000024,7.139700000000009,2.0,2.0
CHEMBL506258,COC(=O)[C@]1(C)[C@@H]2CC[C@@]3(C)CC4=CC(=O)[C@@H]5[C@](C)(CC[C@@H](O)[C@]5(C)CO)[C@H]4CC[C@@H]3[C@@]2(C)CC[C@@H]1O,30000.0,inactive,516.7190000000005,4.444200000000005,3.0,6.0
CHEMBL3586204,C[C@@]12CC[C@@H]3[C@](C)(CC[C@H](OC(=O)c4ccc(O)cc4)[C@]3(C)C(=O)O)[C@H]1CC[C@@H]1[C@@]3(C)CC[C@@H](O)[C@](C)(CO)[C@@H]3C[C@H](O)[C@@]1(O)C2,30000.0,inactive,642.8300000000004,4.912700000000007,6.0,8.0
CHEMBL3586205,CC1(C)[C@@H](O)CC[C@@]2(C)[C@H]1CC[C@@]1(C)C[C@@]3(O)CC[C@H]4C(C)(C)[C@@H](O)CC[C@]4(C)[C@H]3CC[C@@H]12,30000.0,inactive,460.7430000000003,6.334500000000008,3.0,3.0
CHEMBL3586206,CC1(C)[C@H](O)CC[C@]2(C)[C@H]3CC[C@H]4[C@@](C)(CC[C@@H]5[C@]4(C)CC[C@@H](O)[C@]5(C)C(=O)O)CC3=CC(=O)[C@@H]12,30000.0,inactive,486.6930000000003,5.383400000000006,3.0,4.0
CHEMBL3586207,CCCC[C@@H](O)/C=C/C=C/C(=O)O,220.0,active,184.23499999999996,1.7345,2.0,2.0
CHEMBL295124,COc1ccc2cc3[n+](cc2c1OC)CCc1cc2c(cc1-3)OCO2,100.0,active,336.3670000000001,3.096300000000001,0.0,4.0
CHEMBL3585777,COc1ccc(C(C)NS(=O)(=O)NC(=O)OCc2ccccc2)cc1OC,0.02685,active,394.4490000000001,2.5256000000000007,2.0,6.0
CHEMBL3585776,COc1ccc(C(C)NS(=O)(=O)NC(=O)OCc2ccccc2)cc1,0.02685,active,364.42300000000006,2.5170000000000003,2.0,5.0
CHEMBL3585775,COc1ccccc1C(C)NS(=O)(=O)NC(=O)OCc1ccccc1,0.02685,active,364.4230000000001,2.5170000000000003,2.0,5.0
CHEMBL3585778,COc1ccc(OC)c(C(C)NS(=O)(=O)NC(=O)OCc2ccccc2)c1,0.02685,active,394.4490000000002,2.5256000000000007,2.0,6.0
CHEMBL3585779,COc1cccc(OC)c1C(C)NS(=O)(=O)NC(=O)OCc1ccccc1,0.02685,active,394.4490000000001,2.5256000000000007,2.0,6.0
CHEMBL3585780,COc1ccccc1C(C)NS(N)(=O)=O,0.02685,active,230.289,0.5493000000000001,2.0,3.0
CHEMBL3585781,COc1ccc(C(C)NS(N)(=O)=O)cc1,0.02685,active,230.289,0.5493000000000001,2.0,3.0
CHEMBL3585782,COc1ccc(C(C)NS(N)(=O)=O)cc1OC,0.02685,active,260.315,0.5579000000000003,2.0,4.0
CHEMBL3585783,COc1ccc(OC)c(C(C)NS(N)(=O)=O)c1,0.02685,active,260.315,0.5579000000000003,2.0,4.0
CHEMBL3585784,COc1cccc(OC)c1C(C)NS(N)(=O)=O,0.02685,active,260.315,0.5579000000000001,2.0,4.0
CHEMBL3597939,O=C(C[n+]1ccc(/C=N/O)cc1)Nc1nccs1.[Cl-],2360000.0,inactive,298.755,-2.118599999999999,2.0,5.0
CHEMBL3597941,O=C(C[n+]1ccc(/C=N/O)cc1)Nc1nc(-c2ccccc2)cs1.[Cl-],990000.0,inactive,374.85300000000007,-0.45159999999999956,2.0,5.0
CHEMBL3597942,Cc1ccc(-c2csc(NC(=O)C[n+]3ccc(/C=N/O)cc3)n2)cc1.[Cl-],970000.0,inactive,388.88,-0.14318000000000008,2.0,5.0
CHEMBL3597944,COc1ccc(-c2csc(NC(=O)C[n+]3ccc(/C=N/O)cc3)n2)cc1.[I-],1660000.0,inactive,496.33000000000004,-0.44299999999999917,2.0,6.0
CHEMBL3597946,CCOC(=O)Cc1csc(NC(=O)C[n+]2ccc(/C=N/O)cc2)n1.[Cl-],2270000.0,inactive,384.845,-2.0129999999999972,2.0,7.0
CHEMBL3597948,CCOC(=O)c1csc(NC(=O)C[n+]2ccc(/C=N/O)cc2)n1.[Cl-],2490000.0,inactive,370.818,-1.941899999999998,2.0,7.0
CHEMBL3597556,CN(Cc1ccccc1)Cc1ccc(/C=C2\CCc3cc(OCCCCCN4CCN(Cc5ccc(F)cc5)CC4)ccc3C2=O)cc1,7830.0,intermediate,645.8630000000003,8.03710000000001,0.0,5.0
CHEMBL3597548,CN(Cc1ccccc1)Cc1ccc(/C=C2\Cc3ccc(OCCCCCN4CCC(c5ccccc5)CC4)cc3C2=O)cc1,62000.0,inactive,598.8310000000004,8.569700000000006,0.0,4.0
CHEMBL3597068,COC(=O)C1=C(Nc2ccccc2)C[C@@H](c2ccc3c(c2)OCO3)N(c2ccccc2)[C@@H]1c1ccc2c(c1)OCO2,3270000.0,inactive,548.5950000000003,6.375900000000005,1.0,8.0
CHEMBL3597067,COC(=O)C1=C(Nc2ccccc2)C[C@@H](c2cccc([N+](=O)[O-])c2)N(c2ccccc2)[C@@H]1c1cccc([N+](=O)[O-])c1,510000.0,inactive,550.5710000000003,6.734900000000006,1.0,8.0
CHEMBL3597065,CCOC(=O)C1=C(Nc2ccc(Cl)cc2)C[C@@H](c2ccc(OC)cc2)N(c2ccc(Cl)cc2)[C@@H]1c1ccc(OC)cc1,380000.0,inactive,603.5460000000003,8.632600000000002,1.0,6.0
CHEMBL3597064,COC(=O)C1=C(Nc2ccc(Br)cc2)C[C@@H](c2ccc(OC)cc2)N(c2ccc(Br)cc2)[C@@H]1c1ccc(OC)cc1,2160000.0,inactive,678.4210000000002,8.460700000000003,1.0,6.0
CHEMBL3597063,COC(=O)C1=C(Nc2ccc(Br)cc2)C[C@@H](c2ccc(Cl)cc2)N(c2ccc(Br)cc2)[C@@H]1c1ccc(Cl)cc1,880000.0,inactive,687.259,9.750299999999992,1.0,4.0
CHEMBL3597062,CCOC(=O)C1=C(Nc2ccc(C)cc2)C[C@@H](c2ccc(Cl)cc2)N(c2ccc(C)cc2)[C@@H]1c1ccc(Cl)cc1,5390000.0,inactive,571.5480000000002,9.232239999999997,1.0,4.0
CHEMBL3597061,COC(=O)C1=C(Nc2ccccc2)C[C@@H](c2ccc(Cl)cc2)N(c2ccccc2)[C@@H]1c1ccc(Cl)cc1,880000.0,inactive,529.4670000000001,8.225300000000004,1.0,4.0
CHEMBL3597060,CC(C)(C)OC(=O)C1=C(Nc2ccccc2)C[C@@H](c2ccccc2)N(c2ccccc2)[C@@H]1c1ccccc1,2790000.0,inactive,502.65800000000013,8.087200000000008,1.0,4.0
CHEMBL3597059,COC(=O)C1=C(Nc2ccc(Cl)cc2)C[C@@H](c2ccc(F)cc2)N(c2ccc(Cl)cc2)[C@@H]1c1ccc(F)cc1,710000.0,inactive,565.4470000000002,8.503500000000003,1.0,4.0
CHEMBL3597058,COC(=O)C1=C(Nc2ccc(F)cc2)C[C@@H](c2ccc(F)cc2)N(c2ccc(F)cc2)[C@@H]1c1ccc(F)cc1,3200000.0,inactive,532.5370000000001,7.474900000000005,1.0,4.0
CHEMBL3597057,CCOC(=O)C1=C(Nc2ccccc2)C[C@@H](c2ccc(F)cc2)N(c2ccccc2)[C@@H]1c1ccc(F)cc1,390000.0,inactive,510.5840000000002,7.586800000000006,1.0,4.0
CHEMBL3597056,CCOC(=O)C1=C(Nc2ccc(F)cc2)C[C@@H](c2ccc(Cl)cc2)N(c2ccc(F)cc2)[C@@H]1c1ccc(Cl)cc1,550000.0,inactive,579.4740000000002,8.8936,1.0,4.0
CHEMBL3597055,COC(=O)C1=C(Nc2ccc(F)cc2)C[C@@H](c2ccccc2)N(c2ccc(F)cc2)[C@@H]1c1ccccc1,15120000.0,inactive,496.55700000000013,7.196700000000005,1.0,4.0
CHEMBL3597054,CCOC(=O)C1=C(Nc2ccc(C)cc2)C[C@@H](c2ccccc2)N(c2ccc(C)cc2)[C@@H]1c1ccccc1,5180000.0,inactive,502.6580000000002,7.925440000000007,1.0,4.0
CHEMBL3597010,CCOC(=O)C1=C(Nc2ccc(Cl)cc2)C[C@@H](c2ccccc2)N(c2ccc(Cl)cc2)[C@@H]1c1ccccc1,4600000.0,inactive,543.4940000000003,8.615400000000003,1.0,4.0
CHEMBL3597009,CCOC(=O)C1=C(Nc2ccc(OC)cc2)C[C@@H](c2ccccc2)N(c2ccc(OC)cc2)[C@@H]1c1ccccc1,2250000.0,inactive,534.6560000000003,7.325800000000007,1.0,6.0
CHEMBL3597008,CCOC(=O)C1=C(Nc2ccc(OC)cc2)C[C@@H](c2ccc(C)cc2)N(c2ccc(OC)cc2)[C@@H]1c1ccc(C)cc1,4980000.0,inactive,562.7100000000003,7.942640000000008,1.0,6.0
CHEMBL3597007,COC(=O)C1=C(Nc2ccc(OC)cc2)C[C@@H](c2ccc(C)cc2)N(c2ccc(OC)cc2)[C@@H]1c1ccc(C)cc1,5840000.0,inactive,548.6830000000002,7.552540000000008,1.0,6.0
CHEMBL3597006,COC(=O)C1=C(Nc2ccc(Cl)cc2)C[C@@H](c2ccc(C)cc2)N(c2ccc(Cl)cc2)[C@@H]1c1ccc(C)cc1,2150000.0,inactive,557.5210000000002,8.842140000000002,1.0,4.0
CHEMBL3597005,COC(=O)C1=C(Nc2ccc(Br)cc2)C[C@@H](c2ccc(C)cc2)N(c2ccc(Br)cc2)[C@@H]1c1ccc(C)cc1,2480000.0,inactive,646.4230000000001,9.06034,1.0,4.0
CHEMBL3597004,COC(=O)C1=C(Nc2ccc(C)cc2)C[C@@H](c2ccc(C)cc2)N(c2ccc(C)cc2)[C@@H]1c1ccc(C)cc1,6780000.0,inactive,516.6850000000003,8.152180000000007,1.0,4.0
CHEMBL3597003,CCOC(=O)C1=C(Nc2ccccc2)C[C@@H](c2ccc(C)cc2)N(c2ccccc2)[C@@H]1c1ccc(C)cc1,5580000.0,inactive,502.65800000000024,7.925440000000008,1.0,4.0
CHEMBL3597002,COC(=O)C1=C(Nc2ccccc2)C[C@@H](c2ccc(C)cc2)N(c2ccccc2)[C@@H]1c1ccc(C)cc1,5730000.0,inactive,488.6310000000002,7.535340000000007,1.0,4.0
CHEMBL3597001,COC(=O)C1=C(Nc2ccccc2)C[C@@H](c2ccccc2)N(c2ccccc2)[C@@H]1c1ccccc1,6520000.0,inactive,460.5770000000001,6.918500000000006,1.0,4.0
CHEMBL3597000,CCOC(=O)C1=C(Nc2ccccc2)C[C@@H](c2ccccc2)N(c2ccccc2)[C@@H]1c1ccccc1,2950000.0,inactive,474.60400000000016,7.308600000000006,1.0,4.0
CHEMBL3600551,CC1=CC2Cc3nc4cc(Cl)ccc4c(NCCCCCCCCCCCCNc4c5c(nc6ccccc46)CCCC5)c3C(C1)C2,1.92,active,649.3670000000002,11.736199999999984,2.0,4.0
CHEMBL3600552,CC1=CC2Cc3nc4cc(Cl)ccc4c(NCCCCCCCCCCCCNc4c5c(nc6cc(Cl)ccc46)CCCC5)c3C(C1)C2,3.46,active,683.8120000000001,12.38959999999998,2.0,4.0
CHEMBL3600553,CC1=CC2Cc3nc4ccccc4c(NCCCCCCCCCCNc4c5c(nc6ccccc46)CCCC5)c3C(C1)C2,6.46,active,586.8680000000002,10.302599999999995,2.0,4.0
CHEMBL3600554,CC1=CC2Cc3nc4ccccc4c(NCCCCCCCCCCCCNc4c5c(nc6ccccc46)CCCC5)c3C(C1)C2,10.1,active,614.922,11.08279999999999,2.0,4.0
CHEMBL3600555,CC1=CC2Cc3nc4ccccc4c(NCCCCCCCCCCNc4c5c(nc6cc(Cl)ccc46)CCCC5)c3C(C1)C2,1.48,active,621.3129999999999,10.95599999999999,2.0,4.0
CHEMBL3600556,CC1=CC2Cc3nc4ccccc4c(NCCCCCCCCCCCCNc4c5c(nc6cc(Cl)ccc46)CCCC5)c3C(C1)C2,3.66,active,649.367,11.736199999999986,2.0,4.0
CHEMBL3605437,CN(C)CCC[C@@]1(c2ccc(F)cc2)OCc2cc(-c3nnc(-c4ccc(-c5nnn[nH]5)cc4)[nH]3)ccc21,251670.0,inactive,510.57700000000017,4.573500000000003,2.0,7.0
CHEMBL3605436,COc1cc(-c2nnc(-c3ccc4c(c3)CO[C@@]4(CCCN(C)C)c3ccc(F)cc3)[nH]2)ccc1O,500000.0,inactive,488.5630000000002,5.107600000000005,2.0,6.0
CHEMBL3605434,COc1cccc(-c2nnc(-c3ccc4c(c3)CO[C@@]4(CCCN(C)C)c3ccc(F)cc3)[nH]2)c1,123770.0,inactive,472.5640000000002,5.402000000000005,1.0,5.0
CHEMBL3605433,COc1ccccc1-c1nnc(-c2ccc3c(c2)CO[C@@]3(CCCN(C)C)c2ccc(F)cc2)[nH]1,161340.0,inactive,472.56400000000025,5.402000000000005,1.0,5.0
CHEMBL3605432,CN(C)CCC[C@@]1(c2ccc(F)cc2)OCc2cc(-c3nnc(-c4ccc(I)cc4)[nH]3)ccc21,500000.0,inactive,568.4340000000001,5.9980000000000055,1.0,4.0
CHEMBL3605431,CN(C)CCC[C@@]1(c2ccc(F)cc2)OCc2cc(-c3nnc(-c4cccc(I)c4)[nH]3)ccc21,500000.0,inactive,568.4340000000001,5.9980000000000055,1.0,4.0
CHEMBL3605430,CN(C)CCC[C@@]1(c2ccc(F)cc2)OCc2cc(-c3nnc(-c4ccccc4I)[nH]3)ccc21,310310.0,inactive,568.4340000000001,5.9980000000000055,1.0,4.0
CHEMBL3605428,CN(C)CCC[C@@]1(c2ccc(F)cc2)OCc2cc(-c3nnc(-c4cccc(Br)c4)[nH]3)ccc21,500000.0,inactive,521.4340000000001,6.155900000000005,1.0,4.0
CHEMBL3605426,CN(C)CCC[C@@]1(c2ccc(F)cc2)OCc2cc(-c3nnc(-c4ccc(F)cc4)[nH]3)ccc21,260630.0,inactive,460.52800000000013,5.532500000000005,1.0,4.0
CHEMBL3605425,CN(C)CCC[C@@]1(c2ccc(F)cc2)OCc2cc(-c3nnc(-c4cccc(F)c4)[nH]3)ccc21,500000.0,inactive,460.52800000000013,5.532500000000005,1.0,4.0
CHEMBL3605424,CN(C)CCC[C@@]1(c2ccc(F)cc2)OCc2cc(-c3nnc(-c4ccccc4F)[nH]3)ccc21,187510.0,inactive,460.52800000000013,5.532500000000005,1.0,4.0
CHEMBL3605423,CN(C)CCC[C@@]1(c2ccc(F)cc2)OCc2cc(-c3nnc(-c4ccc(Cl)cc4)[nH]3)ccc21,6710.0,intermediate,476.9830000000001,6.0468000000000055,1.0,4.0
CHEMBL3605422,CN(C)CCC[C@@]1(c2ccc(F)cc2)OCc2cc(-c3nnc(-c4cccc(Cl)c4)[nH]3)ccc21,412560.0,inactive,476.9830000000001,6.0468000000000055,1.0,4.0
CHEMBL3605419,Cc1cccc(-c2nnc(-c3ccc4c(c3)CO[C@@]4(CCCN(C)C)c3ccc(F)cc3)[nH]2)c1,133230.0,inactive,456.5650000000002,5.701820000000005,1.0,4.0
CHEMBL3605418,Cc1ccccc1-c1nnc(-c2ccc3c(c2)CO[C@@]3(CCCN(C)C)c2ccc(F)cc2)[nH]1,9520.0,intermediate,456.5650000000002,5.701820000000006,1.0,4.0
CHEMBL3605316,CN(C)CCC[C@@]1(c2ccc(F)cc2)OCc2cc(-c3nnc(-c4cccc([N+](=O)[O-])c4)[nH]3)ccc21,138230.0,inactive,487.5350000000002,5.301600000000005,1.0,6.0
CHEMBL3605314,CN(C)CCC[C@@]1(c2ccc(F)cc2)OCc2cc(-c3nnc(-c4ccc(O)cc4)[nH]3)ccc21,387560.0,inactive,458.53700000000015,5.0990000000000055,2.0,5.0
CHEMBL3605313,CN(C)CCC[C@@]1(c2ccc(F)cc2)OCc2cc(-c3nnc(-c4cccc(O)c4)[nH]3)ccc21,500000.0,inactive,458.53700000000015,5.099000000000005,2.0,5.0
CHEMBL3605310,CN(C)CCC[C@@]1(c2ccc(F)cc2)OCc2cc(-c3nnc(-c4cccc(N)c4)[nH]3)ccc21,500000.0,inactive,457.55300000000017,4.975600000000004,2.0,5.0
CHEMBL3605309,CN(C)CCC[C@@]1(c2ccc(F)cc2)OCc2cc(-c3nnc(-c4ccccc4N)[nH]3)ccc21,359720.0,inactive,457.55300000000017,4.975600000000004,2.0,5.0
CHEMBL3605308,CN(C)CCC[C@@]1(c2ccc(F)cc2)OCc2cc(-c3nnc(-c4ccccc4)[nH]3)ccc21,500000.0,inactive,442.5380000000001,5.393400000000005,1.0,4.0
CHEMBL3604192,CN(C)c1ccc(C(=O)NCCNc2c3c(nc4ccccc24)CCCC3)cc1.Cl,142.0,active,424.97600000000017,4.443300000000004,2.0,4.0
CHEMBL3604193,CN(C)c1ccc(C(=O)NCCCNc2c3c(nc4ccccc24)CCCC3)cc1.Cl,19.0,active,439.0030000000002,4.833400000000005,2.0,4.0
CHEMBL3604194,CN(C)c1ccc(C(=O)NCCCCNc2c3c(nc4ccccc24)CCCC3)cc1.Cl,295.0,active,453.03000000000014,5.223500000000005,2.0,4.0
CHEMBL3604195,CN(C)c1ccc(C(=O)NCCCCCNc2c3c(nc4ccccc24)CCCC3)cc1.Cl,357.0,active,467.0570000000002,5.613600000000006,2.0,4.0
CHEMBL3604196,CN(C)c1ccc(C(=O)NCCCCCCNc2c3c(nc4ccccc24)CCCC3)cc1.Cl,64.0,active,481.08400000000023,6.003700000000007,2.0,4.0
CHEMBL3604197,CN(C)c1ccc(C(=O)NCCCCCCCNc2c3c(nc4ccccc24)CCCC3)cc1.Cl,75.0,active,495.11100000000016,6.393800000000008,2.0,4.0
CHEMBL3604198,CN(C)c1ccc(C(=O)NCCCCCCCCNc2c3c(nc4ccccc24)CCCC3)cc1.Cl,77.0,active,509.1380000000002,6.783900000000008,2.0,4.0
CHEMBL3604199,CN(C)c1ccc(C(=O)NCCCCCCCCCNc2c3c(nc4ccccc24)CCCC3)cc1.Cl,125.0,active,523.1650000000003,7.174000000000008,2.0,4.0
CHEMBL3621335,CC[N+]1(Cc2ccccc2[N+](=O)[O-])CCCCCn2c(C)c3c(=O)n(c2=O)CCCCC[N+](CC)(Cc2ccccc2[N+](=O)[O-])CCCCCn2c(C)c(c(=O)n(c2=O)CCCCC1)C3.[Br-].[Br-],4000.0,intermediate,1058.9549999999995,1.1476400000000093,0.0,8.0
CHEMBL3621334,CC[N+]1(Cc2ccccc2[N+](=O)[O-])CCCCCn2c(C)cc(=O)n(c2=O)CCCCC[N+](CC)(Cc2ccccc2[N+](=O)[O-])CCCCCn2c(=O)cc(C)n(c2=O)CCCCC1.[Br-].[Br-],130.0,active,1046.9439999999995,1.2434400000000079,0.0,8.0
CHEMBL3621333,CC[N+]1(Cc2ccccc2[N+](=O)[O-])CCCCCn2c(C)cc(=O)n(c2=O)CCCCC[N+](CC)(Cc2ccccc2[N+](=O)[O-])Cc2ccc(cc2)C1.[Br-].[Br-],7.0,active,886.7270000000002,1.2710200000000056,0.0,6.0
CHEMBL3621332,CC[N+]1(Cc2ccccc2[N+](=O)[O-])CCCCCC[N+](CC)(Cc2ccccc2[N+](=O)[O-])CCCCCn2c(=O)cc(C)n(c2=O)CCCCC1.[Br-].[Br-],59.0,active,866.7369999999999,1.1312200000000066,0.0,6.0
CHEMBL3621322,CC[N+](CC)(CCCCCn1c(C)cc(=O)n(CCCCC[N+](CC)(CC)Cc2ccccc2[N+](=O)[O-])c1=O)Cc1ccccc1[N+](=O)[O-].[Br-].[Br-],0.14,active,840.6990000000003,0.5970200000000063,0.0,6.0
CHEMBL3623558,CCC(CC)n1cc(C(=O)C(F)F)cn1,28.8,active,216.231,2.692000000000001,0.0,2.0
CHEMBL3623557,CCCC(C)n1cc(C(=O)C(F)F)cn1,149.0,active,216.231,2.692000000000001,0.0,2.0
CHEMBL3623556,CCC(C)n1cc(C(=O)C(F)F)cn1,110.0,active,202.20399999999998,2.3019000000000007,0.0,2.0
CHEMBL3623555,CC(C)n1cc(C(=O)C(F)F)cn1,802.0,active,188.17699999999996,1.9118,0.0,2.0
CHEMBL3623554,CC(C)(C)c1cccc(C(=O)C(F)F)c1,6.05,active,212.23899999999995,3.4319000000000024,0.0,1.0
CHEMBL3623553,CC(C)Cn1cc(C(=O)C(F)(F)F)cn1,591.0,active,220.19399999999996,2.2841000000000005,0.0,2.0
CHEMBL3623552,O=C(c1cnn(C2CCCC2)c1)C(F)(F)F,5.2,active,232.20499999999996,2.7432000000000016,0.0,2.0
CHEMBL3623551,CCC(CC)n1cc(C(=O)C(F)(F)F)cn1,3.77,active,234.22099999999998,2.989200000000001,0.0,2.0
CHEMBL3623550,CCCC(C)n1cc(C(=O)C(F)(F)F)cn1,7.15,active,234.22099999999998,2.989200000000001,0.0,2.0
CHEMBL3623549,CCC(C)n1cc(C(=O)C(F)(F)F)cn1,6.47,active,220.19399999999996,2.599100000000001,0.0,2.0
CHEMBL3623548,CC(C)n1cc(C(=O)C(F)(F)F)cn1,77.5,active,206.16699999999997,2.2090000000000005,0.0,2.0
CHEMBL89354,CC(C)(C)c1cccc(C(=O)C(F)(F)F)c1,14.6,active,230.22899999999993,3.7291000000000025,0.0,1.0
CHEMBL3137700,C[Si](C)(C)c1cccc(C(=O)C(F)(F)F)c1,285.0,active,246.30399999999992,2.9768000000000017,0.0,1.0
CHEMBL167911,COP(=O)(OC)OC=C(Cl)Cl,2310.0,intermediate,220.976,2.6804000000000006,0.0,4.0
CHEMBL446060,CNC(=O)Oc1ccccc1OC(C)C,2300.0,intermediate,209.24499999999998,2.192,1.0,3.0
CHEMBL3623563,CCC(C)n1cc(C(=O)CF)cn1,16900.0,inactive,184.21399999999997,2.0063,0.0,2.0
CHEMBL3623562,CC(C)n1cc(C(=O)CF)cn1,10000.0,inactive,170.18699999999998,1.6162,0.0,2.0
CHEMBL3623561,CC(C)(C)c1cccc(C(=O)CF)c1,578.0,active,194.24899999999994,3.136300000000002,0.0,1.0
CHEMBL3623560,CC(C)Cn1cc(C(=O)C(F)F)cn1,9780.0,intermediate,202.20399999999998,1.9869,0.0,2.0
CHEMBL3623559,O=C(c1cnn(C2CCCC2)c1)C(F)F,208.0,active,214.21499999999997,2.4460000000000006,0.0,2.0
CHEMBL3623567,CC(C)Cn1cc(C(=O)CF)cn1,10000.0,inactive,184.21399999999997,1.6913,0.0,2.0
CHEMBL3623566,O=C(CF)c1cnn(C2CCCC2)c1,2500.0,intermediate,196.22499999999994,2.1504000000000003,0.0,2.0
CHEMBL3623565,CCC(CC)n1cc(C(=O)CF)cn1,5290.0,intermediate,198.24099999999999,2.3964000000000008,0.0,2.0
CHEMBL3623564,CCCC(C)n1cc(C(=O)CF)cn1,24200.0,inactive,198.24099999999999,2.3964000000000008,0.0,2.0
CHEMBL3628053,O=C(NCCc1c[nH]c2ccccc12)c1ccc[n+](Cc2ccccc2)c1.[Br-],30500.0,inactive,436.3530000000001,0.4802000000000002,2.0,1.0
CHEMBL3628054,O=C(NCCc1c[nH]c2ccccc12)c1ccc[n+](Cc2ccccc2F)c1.[Br-],28600.0,inactive,454.34300000000013,0.6192999999999997,2.0,1.0
CHEMBL3628055,O=C(NCCc1c[nH]c2ccccc12)c1cc[n+](Cc2ccccc2)cc1.[Br-],4200.0,intermediate,436.35300000000007,0.4802000000000002,2.0,1.0
CHEMBL3628056,O=C(NCCc1c[nH]c2ccccc12)c1cc[n+](Cc2ccccc2F)cc1.[Br-],3200.0,intermediate,454.3430000000001,0.6192999999999997,2.0,1.0
CHEMBL3628057,O=C(NCCc1c[nH]c2ccccc12)c1cc[n+](Cc2cccc(F)c2)cc1.[Br-],3900.0,intermediate,454.3430000000001,0.6192999999999997,2.0,1.0
CHEMBL3628058,O=C(NCCc1c[nH]c2ccccc12)c1cc[n+](Cc2ccc(F)cc2)cc1.[Br-],3400.0,intermediate,454.3430000000001,0.6192999999999997,2.0,1.0
CHEMBL3628059,Cc1cccc(C[n+]2ccc(C(=O)NCCc3c[nH]c4ccccc34)cc2)c1.[Br-],2700.0,intermediate,450.38000000000005,0.7886199999999999,2.0,1.0
CHEMBL3628060,Cc1ccc(C[n+]2ccc(C(=O)NCCc3c[nH]c4ccccc34)cc2)cc1.[Br-],5700.0,intermediate,450.38000000000005,0.7886199999999999,2.0,1.0
CHEMBL3628061,N#Cc1ccc(C[n+]2ccc(C(=O)NCCc3c[nH]c4ccccc34)cc2)cc1.[Br-],22900.0,inactive,461.36300000000006,0.3518800000000004,2.0,2.0
CHEMBL3628062,COc1ccc2[nH]cc(CCNC(=O)c3cc[n+](Cc4ccccc4F)cc3)c2c1.[Br-],3300.0,intermediate,484.3690000000001,0.6278999999999999,2.0,2.0
CHEMBL3628063,COc1ccc2[nH]cc(CCNC(=O)c3cc[n+](Cc4cccc(F)c4)cc3)c2c1.[Br-],3800.0,intermediate,484.3690000000001,0.6278999999999999,2.0,2.0
CHEMBL3628064,COc1ccc2[nH]cc(CCNC(=O)c3cc[n+](Cc4ccc(F)cc4)cc3)c2c1.[Br-],5100.0,intermediate,484.3690000000001,0.6278999999999999,2.0,2.0
CHEMBL3628065,COc1ccc2[nH]cc(CCNC(=O)c3cc[n+](Cc4ccc(OC(=O)N(C)C)cc4)cc3)c2c1.[Br-],1300.0,intermediate,553.4570000000002,0.549200000000001,2.0,4.0
CHEMBL3628066,COc1ccc2[nH]cc(CCNC(=O)/C=C/c3cc[n+](Cc4ccccc4F)cc3)c2c1.[Br-],260.0,active,510.4070000000001,1.0274999999999994,2.0,2.0
CHEMBL3628067,COc1ccc2[nH]cc(CCNC(=O)/C=C/c3cc[n+](Cc4cccc(F)c4)cc3)c2c1.[Br-],110.0,active,510.4070000000001,1.0274999999999994,2.0,2.0
CHEMBL3628183,COc1ccc2[nH]cc(CCNC(=O)/C=C/c3cc[n+](Cc4ccc(F)cc4)cc3)c2c1.[Br-],210.0,active,510.4070000000001,1.0274999999999994,2.0,2.0
CHEMBL3628184,COc1ccc2[nH]cc(CCNC(=O)CCc3cc[n+](Cc4ccccc4F)cc3)c2c1.[Br-],530.0,active,512.423,0.946900000000001,2.0,2.0
CHEMBL3628185,COc1ccc2[nH]cc(CCNC(=O)CCc3cc[n+](Cc4cccc(F)c4)cc3)c2c1.[Br-],440.0,active,512.423,0.946900000000001,2.0,2.0
CHEMBL3628186,COc1ccc2[nH]cc(CCNC(=O)CCc3cc[n+](Cc4ccc(F)cc4)cc3)c2c1.[Br-],580.0,active,512.423,0.946900000000001,2.0,2.0
CHEMBL3632858,COc1cc(-c2cc3c(c(=O)o2)C[C@]2(O)[C@@]4(C)C(=O)C=CC(C)(C)[C@]4(O)CC[C@@]2(C)O3)cc(OC)c1O,6.8,active,512.5550000000004,3.150600000000002,3.0,9.0
CHEMBL3632857,COc1ccc(-c2cc3c(c(=O)o2)C[C@]2(O)[C@@]4(C)[C@@H](O)C[C@@H](OC(C)=O)C(C)(C)[C@]4(O)CC[C@@]2(C)O3)cc1,100000.0,inactive,528.5980000000004,2.993800000000002,3.0,9.0
CHEMBL3632856,COc1ccc(-c2cc3c(c(=O)o2)C[C@@H]2[C@@]4(C)CCC(=O)C(C)(C)[C@@H]4CC[C@@]2(C)O3)cc1,100000.0,inactive,436.54800000000023,5.430600000000005,0.0,5.0
CHEMBL3632855,COc1ccc(-c2cc3c(c(=O)o2)C[C@@H]2[C@@]4(C)CC[C@H](O)C(C)(C)[C@@H]4CC[C@@]2(C)O3)cc1,100000.0,inactive,438.5640000000002,5.222400000000005,1.0,5.0
CHEMBL3632854,COc1ccc(-c2cc3c(c(=O)o2)C[C@H]2[C@@](C)(CC[C@@]4(O)C(C)(C)[C@H](O)CC[C@]24C)O3)cc1,100000.0,inactive,454.5630000000002,4.337300000000004,2.0,6.0
CHEMBL3632853,COc1ccc(-c2cc3c(c(=O)o2)C[C@]2(O)[C@@]4(C)CC[C@@H](OC(C)=O)C(C)(C)[C@]4(O)CC[C@@]2(C)O3)cc1,3500.0,intermediate,512.5990000000004,4.023000000000003,2.0,8.0
CHEMBL3632852,COc1ccc(-c2cc3c(c(=O)o2)C[C@H]2[C@@](C)(CC[C@@]4(O)C(C)(C)C(=O)CC[C@]24C)O3)cc1,2500.0,intermediate,452.54700000000025,4.545500000000004,1.0,6.0
CHEMBL3632846,COc1ccc2nc3c(c(NCCNC(=O)C4(C)CCc5c(C)c(O)c(C)c(C)c5O4)c2c1)CCCC3,4360.0,intermediate,503.6430000000005,5.065060000000004,3.0,6.0
CHEMBL3632847,COc1ccc2nc3c(c(NCCCNC(=O)C4(C)CCc5c(C)c(O)c(C)c(C)c5O4)c2c1)CCCC3,1540.0,intermediate,517.6700000000004,5.455160000000005,3.0,6.0
CHEMBL3632626,COc1ccc2nc3c(c(NCCCCNC(=O)C4(C)CCc5c(C)c(O)c(C)c(C)c5O4)c2c1)CCCC3,7210.0,intermediate,531.6970000000003,5.845260000000007,3.0,6.0
CHEMBL3632848,COc1ccc2nc3c(c(NCCCCCNC(=O)C4(C)CCc5c(C)c(O)c(C)c(C)c5O4)c2c1)CCCC3,13290.0,inactive,545.7240000000003,6.235360000000007,3.0,6.0
CHEMBL3632849,COc1ccc2nc3c(c(NCCCCCCNC(=O)C4(C)CCc5c(C)c(O)c(C)c(C)c5O4)c2c1)CCCC3,6610.0,intermediate,559.7510000000001,6.625460000000008,3.0,6.0
CHEMBL3632850,COc1ccc2nc3c(c(NCCCCCCCNC(=O)C4(C)CCc5c(C)c(O)c(C)c(C)c5O4)c2c1)CCCC3,6720.0,intermediate,573.7780000000001,7.015560000000009,3.0,6.0
CHEMBL3632851,COc1ccc2nc3c(c(NCCCCCCCCNC(=O)C4(C)CCc5c(C)c(O)c(C)c(C)c5O4)c2c1)CCCC3,3480.0,intermediate,587.8050000000001,7.405660000000009,3.0,6.0
CHEMBL3632987,Cc1c(C)c2c(c(C)c1O)CCC(C)(C(=O)NCCCNc1c3c(nc4ccccc14)CCCC3)O2,260.0,active,487.64400000000035,5.446560000000004,3.0,5.0
CHEMBL3632988,Cc1c(C)c2c(c(C)c1O)CCC(C)(C(=O)NCCNc1c3c(nc4cc(Cl)ccc14)CCCC3)O2,210.0,active,508.0620000000003,5.709860000000004,3.0,5.0
CHEMBL3632989,Cc1c(C)c2c(c(C)c1O)CCC(C)(C(=O)NCCCNc1c3c(nc4cc(Cl)ccc14)CCCC3)O2,80.0,active,522.0890000000003,6.099960000000006,3.0,5.0
CHEMBL3632990,Cc1c(C)c2c(c(C)c1O)CCC(C)(C(=O)NCCCCNc1c3c(nc4cc(Cl)ccc14)CCCC3)O2,150.0,active,536.1160000000003,6.490060000000006,3.0,5.0
CHEMBL3632991,Cc1c(C)c2c(c(C)c1O)CCC(C)(C(=O)NCCCCCNc1c3c(nc4cc(Cl)ccc14)CCCC3)O2,120.0,active,550.1430000000003,6.880160000000007,3.0,5.0
CHEMBL3632992,Cc1c(C)c2c(c(C)c1O)CCC(C)(C(=O)NCCCCCCNc1c3c(nc4cc(Cl)ccc14)CCCC3)O2,100.0,active,564.1700000000002,7.2702600000000075,3.0,5.0
CHEMBL3632993,Cc1c(C)c2c(c(C)c1O)CCC(C)(C(=O)NCCCCCCCNc1c3c(nc4cc(Cl)ccc14)CCCC3)O2,80.0,active,578.1970000000001,7.660360000000009,3.0,5.0
CHEMBL3632994,Cc1c(C)c2c(c(C)c1O)CCC(C)(C(=O)NCCCCCCCCNc1c3c(nc4cc(Cl)ccc14)CCCC3)O2,80.0,active,592.224,8.050460000000008,3.0,5.0
CHEMBL153,Cc1c(C)c2c(c(C)c1O)CCC(C)(C(=O)O)O2,186400.0,inactive,250.29399999999995,2.48576,2.0,3.0
CHEMBL3642057,CC(=O)NCCc1c[nH]c2ccc(OC(=O)NCCCCCCCCCCCCNc3c4c(nc5ccc(Cl)cc35)CCCC4)cc12,7.0,active,660.3030000000002,9.028400000000001,4.0,5.0
CHEMBL3642042,CC(=O)NCCc1c[nH]c2ccc(OC(=O)NCCCCCCNc3c4c(nc5ccccc35)CCCC4)cc12,178.38,active,541.6960000000004,6.034400000000005,4.0,5.0
CHEMBL3642053,CC(=O)NCCc1c[nH]c2ccc(OC(=O)NCCCCCCCCCCCCNc3c4c(nc5ccccc35)CCCC4)cc12,3.8,active,625.8580000000003,8.375000000000005,4.0,5.0
CHEMBL3642043,CC(=O)NCCc1c[nH]c2ccc(OC(=O)NCCCCCCCNc3c4c(nc5cc(Cl)ccc35)CCCC4)cc12,7.7,active,590.1680000000001,7.077900000000007,4.0,5.0
CHEMBL3642045,CC(=O)O[C@@]12CCN(C(C)=O)[C@@H]1N(C(C)=O)c1ccc(OC(=O)NCCCCCCNc3c4c(nc5ccccc35)CCCC4)cc12,36.81,active,641.7690000000001,5.5777000000000045,2.0,8.0
CHEMBL3642054,CC(=O)NCCc1c[nH]c2ccc(OC(=O)NCCCCCCCCCCNc3c4c(nc5ccc(Cl)cc35)CCCC4)cc12,1.43,active,632.2490000000001,8.248200000000006,4.0,5.0
CHEMBL3642047,CC(=O)NCCc1c[nH]c2ccc(OC(=O)NCCCCNc3c4c(nc5ccccc35)CCCC4)cc12,377.54,active,513.6420000000004,5.254200000000005,4.0,5.0
CHEMBL3642049,CC(=O)NCCc1c[nH]c2ccc(OC(=O)NCCCCCCCCNc3c4c(nc5ccccc35)CCCC4)cc12,4.61,active,569.7500000000002,6.814600000000007,4.0,5.0
CHEMBL3642041,CC(=O)NCCc1c[nH]c2ccc(OC(=O)NCCNc3c4c(nc5ccccc35)CCCC4)cc12,1096.67,intermediate,485.58800000000036,4.474000000000004,4.0,5.0
CHEMBL3642046,CC(=O)NCCc1c[nH]c2ccc(OC(=O)NCCCNc3c4c(nc5ccccc35)CCCC4)cc12,269.68,active,499.6150000000004,4.864100000000004,4.0,5.0
CHEMBL3642050,CC(=O)NCCc1c[nH]c2ccc(OC(=O)NCCCCCCCNc3c4c(nc5ccc(Cl)cc35)CCCC4)cc12,39.88,active,590.1680000000001,7.077900000000007,4.0,5.0
CHEMBL3642052,CC(=O)NCCc1c[nH]c2ccc(OC(=O)NCCCCCCCCCCNc3c4c(nc5ccccc35)CCCC4)cc12,1.18,active,597.8040000000002,7.594800000000009,4.0,5.0
CHEMBL3642055,CC(=O)NCCc1c[nH]c2ccc(OC(=O)NCCCCCCCCCCNc3c4c(nc5cc(Cl)ccc35)CCCC4)cc12,8.1,active,632.2490000000001,8.248200000000006,4.0,5.0
CHEMBL3642044,CC(=O)NCCc1c[nH]c2ccc(OC(=O)NCCNc3c4c(nc5cc(Cl)ccc35)CCCC4)cc12,20.05,active,520.0330000000004,5.127400000000004,4.0,5.0
CHEMBL3642051,CC(=O)NCCc1c[nH]c2ccc(OC(=O)NCCNc3c4c(nc5ccc(Cl)cc35)CCCC4)cc12,3280.6,intermediate,520.0330000000004,5.127400000000004,4.0,5.0
CHEMBL3642040,CC(=O)NCCc1c[nH]c2ccc(OC(=O)NCCCCCCCNc3c4c(nc5ccccc35)CCCC4)cc12,33.77,active,555.7230000000003,6.424500000000006,4.0,5.0
CHEMBL3642048,CC(=O)NCCc1c[nH]c2ccc(OC(=O)NCCCCCNc3c4c(nc5ccccc35)CCCC4)cc12,186.44,active,527.6690000000004,5.644300000000006,4.0,5.0
CHEMBL3642056,CC(=O)NCCc1c[nH]c2ccc(OC(=O)NCCCCCCCCCCCCNc3c4c(nc5cc(Cl)ccc35)CCCC4)cc12,25.6,active,660.3030000000002,9.028400000000001,4.0,5.0
CHEMBL3736339,COC(=O)C1=C(C)OP(=O)(OC)OCC1,1040.0,intermediate,236.15999999999994,1.6247999999999998,0.0,6.0
CHEMBL3735606,COP1(=O)OCCC(C(=O)OC(C)(C)C)=C(C)O1,6100.0,intermediate,278.241,2.7935000000000008,0.0,6.0
CHEMBL3734787,CCOP1(=O)OC(C)=C(C(=O)OC)CCC1(F)F,100000.0,inactive,284.19499999999994,3.066200000000002,0.0,5.0
CHEMBL3735042,CCOP1(=O)CCCC(C(=O)OC)=C(C)O1,8900.0,intermediate,248.21499999999995,2.4734000000000007,0.0,5.0
CHEMBL2179375,CO[P@]1(=O)CC[C@@H]2COC(=O)C2=C(C)O1,3000.0,intermediate,232.17199999999994,1.6931999999999998,0.0,5.0
CHEMBL3401159,CO[P@]1(=O)OC[C@@H]2COC(=O)C2=C(C)O1,35.0,active,234.14399999999995,1.2347,0.0,6.0
CHEMBL3752974,CC(C)NCc1cccc2[nH]c3ccccc3c12,18000.0,inactive,238.334,3.8191000000000024,2.0,1.0
CHEMBL3752232,CCNCc1cccc2[nH]c3cc(Cl)ccc3c12,5100.0,intermediate,258.752,4.084000000000002,2.0,1.0
CHEMBL3754631,COc1cc(/C=C/C(=O)N(Cc2cccc3[nH]c4ccccc4c23)C(C)C)ccc1O,22000.0,inactive,414.5050000000001,5.485700000000006,2.0,3.0
CHEMBL3754448,CCN(Cc1cccc2[nH]c3cc(Cl)ccc3c12)C(=O)/C=C/c1ccc(O)c(OC)c1,6900.0,intermediate,434.9230000000002,5.750600000000005,2.0,3.0
CHEMBL3752908,I.ICC1CN=C(Nc2ccccn2)S1,71000.0,inactive,447.08300000000014,3.017900000000001,1.0,4.0
CHEMBL3754585,Br.BrCC1CN=C(Nc2ccccn2)S1,110000.0,inactive,353.08299999999997,2.9377000000000004,1.0,4.0
CHEMBL3754622,Clc1ccc(CN(Cc2cccnc2)C2=NCC(CI)S2)cc1.I,100000.0,inactive,585.6800000000001,5.261600000000003,0.0,4.0
CHEMBL3752710,COc1ccc(CN(Cc2ccccc2)C2=NCC(CI)S2)cc1OC.I,100000.0,inactive,610.2990000000002,5.230400000000006,0.0,5.0
CHEMBL189886,O=C(C(=O)c1ccccc1)c1ccccc1,100000.0,inactive,210.232,2.752200000000001,0.0,2.0
CHEMBL3754480,O=C(NCCCCCCCNc1c2c(nc3ccccc13)CCCCC2)c1cc2ccccc2o1,323.0,active,469.62900000000036,7.042300000000006,2.0,4.0
CHEMBL3754739,COc1cccc2cc(C(=O)NCCCCCCCNc3c4c(nc5ccccc35)CCC4)oc12,993.0,active,471.6010000000002,6.270700000000006,2.0,5.0
CHEMBL3752926,COc1cccc2cc(C(=O)NCCCCCCCNc3c4c(nc5ccccc35)CCCC4)oc12,44.2,active,485.62800000000027,6.660800000000006,2.0,5.0
CHEMBL3754146,COc1cccc2cc(C(=O)NCCCCCCCNc3c4c(nc5ccccc35)CCCCC4)oc12,416.0,active,499.6550000000003,7.050900000000007,2.0,5.0
CHEMBL3751941,c1ccc2oc(CNCCCCCCNc3c4c(nc5ccccc35)CCC4)cc2c1,47.0,active,413.56500000000017,6.231800000000005,2.0,4.0
CHEMBL3752356,COc1cccc2cc(CNCCCCCCNc3c4c(nc5ccccc35)CCC4)oc12,63.1,active,443.59100000000024,6.2404000000000055,2.0,5.0
CHEMBL3752969,COc1cccc2cc(CNCCCCCCNc3c4c(nc5ccccc35)CCCC4)oc12,15.3,active,457.6180000000003,6.630500000000006,2.0,5.0
CHEMBL3752543,c1ccc2oc(CNCCCCCCCNc3c4c(nc5ccccc35)CCC4)cc2c1,10.8,active,427.59200000000016,6.6219000000000054,2.0,4.0
CHEMBL3752467,c1ccc2oc(CNCCCCCCCNc3c4c(nc5ccccc35)CCCC4)cc2c1,0.86,active,441.6190000000002,7.012000000000007,2.0,4.0
CHEMBL3753405,COc1cccc2cc(CNCCCCCCCNc3c4c(nc5ccccc35)CCCCC4)oc12,2.56,active,485.67200000000025,7.4107000000000065,2.0,5.0
CHEMBL3754341,c1ccc2oc(CN(CCCCCCNc3c4c(nc5ccccc35)CCC4)Cc3cc4ccccc4o3)cc2c1,2070.0,intermediate,543.7110000000004,8.890600000000001,1.0,5.0
CHEMBL3754694,COc1cccc2cc(CN(CCCCCCNc3c4c(nc5ccccc35)CCC4)Cc3cc4cccc(OC)c4o3)oc12,7495.0,intermediate,603.7630000000003,8.907800000000002,1.0,7.0
CHEMBL3753957,COc1cccc2cc(CN(CCCCCCNc3c4c(nc5ccccc35)CCCC4)Cc3cc4cccc(OC)c4o3)oc12,260.0,active,617.7900000000003,9.297899999999998,1.0,7.0
CHEMBL3754778,COc1cccc2cc(CN(CCCCCCNc3c4c(nc5ccccc35)CCCCC4)Cc3cc4cccc(OC)c4o3)oc12,1036.0,intermediate,631.8170000000003,9.687999999999997,1.0,7.0
CHEMBL3752384,c1ccc2oc(CN(CCCCCCCNc3c4c(nc5ccccc35)CCC4)Cc3cc4ccccc4o3)cc2c1,222.0,active,557.7380000000003,9.2807,1.0,5.0
CHEMBL3753360,c1ccc2oc(CN(CCCCCCCNc3c4c(nc5ccccc35)CCCC4)Cc3cc4ccccc4o3)cc2c1,117.0,active,571.7650000000003,9.670799999999996,1.0,5.0
CHEMBL3754672,c1ccc2oc(CN(CCCCCCCNc3c4c(nc5ccccc35)CCCCC4)Cc3cc4ccccc4o3)cc2c1,200.0,active,585.7920000000004,10.060899999999995,1.0,5.0
CHEMBL3754005,COc1cccc2cc(CN(CCCCCCCNc3c4c(nc5ccccc35)CCCCC4)Cc3cc4cccc(OC)c4o3)oc12,199.0,active,645.8440000000003,10.078099999999996,1.0,7.0
CHEMBL3752685,Cl.Cl.c1ccc2c(NCCCCCCCNc3c4c(nc5ccccc35)CCCC4)c3c(nc2c1)CCCC3,0.81,active,565.633,8.858700000000002,2.0,4.0
CHEMBL3751866,O=C(NCCCCCCCNc1c2c(nc3ccccc13)CCCC2)c1cc2ccccc2o1,76.9,active,455.6020000000003,6.652200000000006,2.0,4.0
CHEMBL3754291,O=C(NCCCCCCCNc1c2c(nc3ccccc13)CCC2)c1cc2ccccc2o1,48.6,active,441.5750000000003,6.2621000000000056,2.0,4.0
CHEMBL3752119,COc1cccc2cc(C(=O)NCCCCCCNc3c4c(nc5ccccc35)CCCCC4)oc12,32.3,active,485.62800000000027,6.660800000000006,2.0,5.0
CHEMBL3753850,COc1cccc2cc(C(=O)NCCCCCCNc3c4c(nc5ccccc35)CCCC4)oc12,24.4,active,471.6010000000002,6.270700000000006,2.0,5.0
CHEMBL3753508,COc1cccc2cc(C(=O)NCCCCCCNc3c4c(nc5ccccc35)CCC4)oc12,1685.0,intermediate,457.5740000000002,5.880600000000006,2.0,5.0
CHEMBL3753706,O=C(NCCCCCCNc1c2c(nc3ccccc13)CCCCC2)c1cc2ccccc2o1,308.0,active,455.6020000000004,6.652200000000006,2.0,4.0
CHEMBL3752451,O=C(NCCCCCCNc1c2c(nc3ccccc13)CCCC2)c1cc2ccccc2o1,424.0,active,441.57500000000033,6.2621000000000056,2.0,4.0
CHEMBL3752555,O=C(NCCCCCCNc1c2c(nc3ccccc13)CCC2)c1cc2ccccc2o1,545.0,active,427.5480000000003,5.872000000000005,2.0,4.0
CHEMBL3752227,CCN(CCCCCCCCc1cccc(OC)c1)Cc1ccccc1OC,5650.0,intermediate,383.57600000000014,6.109000000000007,0.0,3.0
CHEMBL3759090,CC(C)=CC[C@H]1C[C@@]2(CC=C(C)C)C(=O)O[C@@](CC=C(C)C)(C(=O)[C@@H](C(=O)C(C)C)[C@]1(C)C/C=C/C(C)(C)O)C2=O,9600.0,intermediate,568.7950000000004,7.060200000000009,1.0,6.0
CHEMBL3758282,CCC(C)C(=O)[C@@H]1C(=O)[C@]2(CC=C(C)C)OC(=O)[C@](CC=C(C)C)(C[C@H](CC=C(C)C)[C@@]1(C)C/C=C/C(C)(C)O)C2=O,7100.0,intermediate,582.8220000000003,7.45030000000001,1.0,6.0
CHEMBL3759013,CC[C@H]1O[C@@H]2O[C@H](/C=C/C=C/C=C/c3oc(=O)cc(OC/C=C(\C)C(=O)OC)c3C)[C@H](O)[C@]2(C)[C@@]1(C)O,14900.0,inactive,516.5870000000004,3.223820000000002,2.0,9.0
CHEMBL3764433,N#CC1=C(N)N2CCNC2=C([N+](=O)[O-])C12C(=O)c1cccc3cccc2c13,7080.0,intermediate,359.3450000000001,1.33238,2.0,7.0
CHEMBL3764900,N#CC1=C(N)N2CCCNC2=C([N+](=O)[O-])C12C(=O)c1cccc3cccc2c13,6590.0,intermediate,373.3720000000001,1.7224799999999996,2.0,7.0
CHEMBL3764714,CC1(C)CNC2=C([N+](=O)[O-])C3(C(=O)c4cccc5cccc3c45)C(C#N)=C(N)N2C1,7710.0,intermediate,401.42600000000016,2.35858,2.0,7.0
CHEMBL3763417,N#CC1=C(N)N(Cc2ccccc2)C(NCc2ccccc2)=C([N+](=O)[O-])C12C(=O)c1cccc3cccc2c13,5960.0,intermediate,513.5570000000002,4.719180000000004,2.0,7.0
CHEMBL3764065,N#CC1=C(N)N2CCNC2=C([N+](=O)[O-])C12C(=O)c1ccc(Br)c3c(Br)ccc2c13,6370.0,intermediate,517.1370000000001,2.857380000000001,2.0,7.0
CHEMBL3764488,N#CC1=C(N)N2CCCNC2=C([N+](=O)[O-])C12C(=O)c1ccc(Br)c3c(Br)ccc2c13,6710.0,intermediate,531.1640000000001,3.2474800000000013,2.0,7.0
CHEMBL3763832,CC1(C)CNC2=C([N+](=O)[O-])C3(C(=O)c4ccc(Br)c5c(Br)ccc3c45)C(C#N)=C(N)N2C1,5980.0,intermediate,559.218,3.883580000000003,2.0,7.0
CHEMBL3765098,N#CC1=C(N)N(Cc2ccccc2)C(NCc2ccccc2)=C([N+](=O)[O-])C12C(=O)c1ccc(Br)c3c(Br)ccc2c13,6240.0,intermediate,671.3490000000002,6.2441800000000045,2.0,7.0
CHEMBL3763973,N#CC1=C(N)N(Cc2ccccc2)C(NCc2ccccc2)=C([N+](=O)[O-])C12C(=O)Nc1ccc(F)cc12,3540.0,intermediate,496.50200000000024,3.460880000000002,3.0,7.0
CHEMBL3763232,CC1(C)CNC2=C([N+](=O)[O-])C3(C(=O)Nc4ccc(F)cc43)C(C#N)=C(N)N2C1,1070.0,intermediate,384.37100000000015,1.1002799999999997,3.0,7.0
CHEMBL3764376,N#CC1=C(N)N2CCCNC2=C([N+](=O)[O-])C12C(=O)Nc1ccc(F)cc12,420.0,active,356.31700000000006,0.4641799999999997,3.0,7.0
CHEMBL3763609,N#CC1=C(N)N2CCNC2=C([N+](=O)[O-])C12C(=O)Nc1ccc(F)cc12,3290.0,intermediate,342.2900000000001,0.07407999999999976,3.0,7.0
CHEMBL3765476,N#CC1=C(N)N(Cc2ccccc2)C(NCc2ccccc2)=C([N+](=O)[O-])C12C(=O)Nc1ccc([N+](=O)[O-])cc12,3370.0,intermediate,523.5090000000002,3.229980000000001,3.0,9.0
CHEMBL3763820,CC1(C)CNC2=C([N+](=O)[O-])C3(C(=O)Nc4ccc([N+](=O)[O-])cc43)C(C#N)=C(N)N2C1,1540.0,intermediate,411.3780000000002,0.8693799999999998,3.0,9.0
CHEMBL3765697,N#CC1=C(N)N2CCCNC2=C([N+](=O)[O-])C12C(=O)Nc1ccc([N+](=O)[O-])cc12,1150.0,intermediate,383.3240000000001,0.23328000000000004,3.0,9.0
CHEMBL3765569,N#CC1=C(N)N2CCNC2=C([N+](=O)[O-])C12C(=O)Nc1ccc([N+](=O)[O-])cc12,3240.0,intermediate,369.29700000000014,-0.15681999999999952,3.0,9.0
CHEMBL3763482,Cc1ccc2c(c1)C1(C(=O)N2)C(C#N)=C(N)N(Cc2ccccc2)C(NCc2ccccc2)=C1[N+](=O)[O-],3710.0,intermediate,492.53900000000016,3.630200000000002,3.0,7.0
CHEMBL3765093,Cc1ccc2c(c1)C1(C(=O)N2)C(C#N)=C(N)N2CC(C)(C)CNC2=C1[N+](=O)[O-],1390.0,intermediate,380.40800000000013,1.2695999999999996,3.0,7.0
CHEMBL3764100,Cc1ccc2c(c1)C1(C(=O)N2)C(C#N)=C(N)N2CCCNC2=C1[N+](=O)[O-],940.0,active,352.3540000000001,0.6334999999999998,3.0,7.0
CHEMBL3764679,Cc1ccc2c(c1)C1(C(=O)N2)C(C#N)=C(N)N2CCNC2=C1[N+](=O)[O-],3860.0,intermediate,338.32700000000006,0.24339999999999995,3.0,7.0
CHEMBL3765496,N#CC1=C(N)N(Cc2ccccc2)C(NCc2ccccc2)=C([N+](=O)[O-])C12C(=O)Nc1ccccc12,3960.0,intermediate,478.5120000000002,3.3217800000000013,3.0,7.0
CHEMBL3763778,CC1(C)CNC2=C([N+](=O)[O-])C3(C(=O)Nc4ccccc43)C(C#N)=C(N)N2C1,1250.0,intermediate,366.38100000000014,0.9611799999999999,3.0,7.0
CHEMBL3763203,N#CC1=C(N)N2CCCNC2=C([N+](=O)[O-])C12C(=O)Nc1ccccc12,1020.0,intermediate,338.32700000000006,0.3250799999999999,3.0,7.0
CHEMBL3765162,N#CC1=C(N)N2CCNC2=C([N+](=O)[O-])C12C(=O)Nc1ccccc12,4850.0,intermediate,324.30000000000007,-0.06501999999999963,3.0,7.0
CHEMBL3764305,COc1ccc2c3c1O[C@H]1CC(O)CC[C@@]31CCN(C)C2,610.0,active,289.375,2.0743,1.0,4.0
CHEMBL3765293,O=c1cc(Cl)c2ccc(OCCNC3CCN(Cc4ccccc4)CC3)cc2o1,2040.0,intermediate,412.9170000000002,4.079400000000003,1.0,5.0
CHEMBL3764609,Cc1c(C)c2ccc(OCCNC3CCN(Cc4ccccc4)CC3)cc2oc1=O,1690.0,intermediate,406.5260000000001,4.0428400000000035,1.0,5.0
CHEMBL3764762,Cc1c(Cl)c(=O)oc2cc(OCCNC3CCN(Cc4ccccc4)CC3)ccc12,1820.0,intermediate,426.9440000000002,4.387820000000003,1.0,5.0
CHEMBL3763535,O=c1oc2cc(OCCNC3CCN(Cc4ccccc4)CC3)ccc2c2c1CCCC2,1370.0,intermediate,432.5640000000003,4.304800000000004,1.0,5.0
CHEMBL3764211,Cc1cc(=O)oc2cc(CNCCC3CCN(Cc4ccccc4)CC3)ccc12,67.0,active,390.5270000000001,4.493320000000004,1.0,4.0
CHEMBL3769555,COc1ccc(C(=O)N2c3ccccc3[Se]c3ccc(Cl)cc32)cc1OC,6200.0,intermediate,444.7760000000001,3.304100000000002,0.0,3.0
CHEMBL3769537,COc1cccc(C(=O)N2c3ccccc3[Se]c3ccc(Cl)cc32)c1,5900.0,intermediate,414.75000000000006,3.2955000000000023,0.0,2.0
CHEMBL3770203,COc1ccc(C(=O)N2c3ccccc3[Se]c3ccc(Cl)cc32)cc1,5800.0,intermediate,414.75000000000006,3.2955000000000014,0.0,2.0
CHEMBL3770577,O=C(CCc1ccccc1)N1c2ccccc2[Se]c2ccc(Cl)cc21,6300.0,intermediate,412.7780000000001,3.6059000000000028,0.0,1.0
CHEMBL3770803,O=C(Cc1ccccc1)N1c2ccccc2[Se]c2ccc(Cl)cc21,6500.0,intermediate,398.75100000000003,3.2158000000000015,0.0,1.0
CHEMBL3770479,O=C(c1ccccc1)N1c2ccccc2[Se]c2ccc(Cl)cc21,6000.0,intermediate,384.7240000000001,3.286900000000002,0.0,1.0
CHEMBL3769862,Clc1ccc2c(c1)Nc1ccccc1[Se]2,6300.0,intermediate,280.616,2.0519999999999996,1.0,1.0
CHEMBL3770978,COc1ccc(C(=O)N2c3ccccc3[Se]c3ccccc32)cc1OC,5100.0,intermediate,410.33100000000013,2.6507000000000005,0.0,3.0
CHEMBL3769833,COc1cccc(C(=O)N2c3ccccc3[Se]c3ccccc32)c1,6200.0,intermediate,380.30500000000006,2.642100000000001,0.0,2.0
CHEMBL3769576,COc1ccc(C(=O)N2c3ccccc3[Se]c3ccccc32)cc1,4600.0,intermediate,380.30500000000006,2.642100000000001,0.0,2.0
CHEMBL3771233,O=C(CCc1ccccc1)N1c2ccccc2[Se]c2ccccc21,6700.0,intermediate,378.3330000000001,2.9525000000000015,0.0,1.0
CHEMBL3769811,O=C(Cc1ccccc1)N1c2ccccc2[Se]c2ccccc21,6400.0,intermediate,364.30600000000004,2.5624000000000002,0.0,1.0
CHEMBL3770569,O=C(c1ccccc1)N1c2ccccc2[Se]c2ccccc21,5400.0,intermediate,350.27900000000005,2.6335000000000006,0.0,1.0
CHEMBL3769834,c1ccc2c(c1)Nc1ccccc1[Se]2,5600.0,intermediate,246.171,1.3985999999999998,1.0,1.0
CHEMBL3770071,COc1ccc(C(=O)N2c3ccccc3Sc3ccc(Cl)cc32)cc1OC,6400.0,intermediate,397.8830000000001,5.800300000000004,0.0,4.0
CHEMBL3770206,COc1cccc(C(=O)N2c3ccccc3Sc3ccc(Cl)cc32)c1,4600.0,intermediate,367.857,5.791700000000003,0.0,3.0
CHEMBL1801816,COc1ccc(C(=O)N2c3ccccc3Sc3ccc(Cl)cc32)cc1,5900.0,intermediate,367.857,5.791700000000003,0.0,3.0
CHEMBL3770866,O=C(CCc1ccccc1)N1c2ccccc2Sc2ccc(Cl)cc21,7900.0,intermediate,365.88500000000005,6.102100000000004,0.0,2.0
CHEMBL3770516,O=C(Cc1ccccc1)N1c2ccccc2Sc2ccc(Cl)cc21,7500.0,intermediate,351.858,5.712000000000003,0.0,2.0
CHEMBL1801815,O=C(c1ccccc1)N1c2ccccc2Sc2ccc(Cl)cc21,9900.0,intermediate,337.8310000000001,5.783100000000003,0.0,2.0
CHEMBL1411769,Clc1ccc2c(c1)Nc1ccccc1S2,7400.0,intermediate,233.723,4.548200000000001,1.0,2.0
CHEMBL3770356,COc1ccc(C(=O)N2c3ccccc3Sc3ccccc32)cc1OC,5800.0,intermediate,363.4380000000001,5.146900000000004,0.0,4.0
CHEMBL1327885,COc1cccc(C(=O)N2c3ccccc3Sc3ccccc32)c1,6200.0,intermediate,333.41200000000003,5.138300000000004,0.0,3.0
CHEMBL239618,COc1ccc(C(=O)N2c3ccccc3Sc3ccccc32)cc1,6300.0,intermediate,333.41200000000003,5.138300000000004,0.0,3.0
CHEMBL240047,O=C(CCc1ccccc1)N1c2ccccc2Sc2ccccc21,7100.0,intermediate,331.44000000000005,5.448700000000004,0.0,2.0
CHEMBL394753,O=C(Cc1ccccc1)N1c2ccccc2Sc2ccccc21,7400.0,intermediate,317.413,5.058600000000004,0.0,2.0
CHEMBL239400,O=C(c1ccccc1)N1c2ccccc2Sc2ccccc21,8000.0,intermediate,303.386,5.129700000000002,0.0,2.0
CHEMBL828,c1ccc2c(c1)Nc1ccccc1S2,7300.0,intermediate,199.278,3.894800000000001,1.0,2.0
CHEMBL3781564,C[N+](C)(C)CCOC(=O)c1ccc(Oc2nc(Oc3ccc(C(=O)OCC[N+](C)(C)C)cc3)nc(Oc3ccc(C(=O)OCC[N+](C)(C)C)cc3)n2)cc1,300.0,active,747.87,4.837500000000004,0.0,12.0
CHEMBL3780448,CC(COC(=O)c1ccc(Oc2nc(Oc3ccc(C(=O)OCC(C)N(C)C)cc3)nc(Oc3ccc(C(=O)OCC(C)N(C)C)cc3)n2)cc1)N(C)C,80800.0,inactive,744.846,5.569200000000006,0.0,15.0
CHEMBL3780131,COc1nc(Oc2ccc(C(=O)OCC(C)N(C)C)cc2)nc(Oc2ccc(C(=O)OCC(C)N(C)C)cc2)n1,110500.0,inactive,553.6160000000002,3.678600000000003,0.0,12.0
CHEMBL3787116,CCCCCCCNC(=O)Oc1ccc2c(c1)CN(C)C(c1ccc(F)cc1)N2C,1610.0,intermediate,413.5370000000001,5.4649000000000045,1.0,4.0
CHEMBL3785861,CCCCCCCNC(=O)Oc1ccc2c(c1)CN(C)C(c1cc[nH]c1)N2C,852.0,active,384.52400000000006,4.653900000000003,2.0,4.0
CHEMBL3786544,CCCN1Cc2cc(O)ccc2N(C)C1c1ccccc1,279300.0,inactive,282.387,3.7528000000000024,1.0,3.0
CHEMBL3787307,CC(C)N1Cc2cc(O)ccc2N(C)C1c1ccccc1,253000.0,inactive,282.387,3.7512000000000025,1.0,3.0
CHEMBL3786666,CN1Cc2cc(O)ccc2N(C)C1c1c(Cl)cccc1Cl,13500.0,inactive,323.22299999999996,4.2794000000000025,1.0,3.0
CHEMBL3785481,CN1Cc2cc(O)ccc2N(C)C1c1cccc2ccccc12,341700.0,inactive,304.39300000000003,4.1258000000000035,1.0,3.0
CHEMBL3786655,CN1Cc2cc(O)ccc2N(C)C1c1cc[nH]c1,115900.0,inactive,243.31,2.3007,2.0,3.0
CHEMBL3785526,CN1Cc2cc(O)ccc2N(C)C1c1ccoc1,341700.0,inactive,244.29399999999998,2.5656000000000008,1.0,4.0
CHEMBL3786843,CN1Cc2cc(O)ccc2N(C)C1c1cccs1,225800.0,inactive,260.36199999999997,3.0341000000000014,1.0,4.0
CHEMBL3786447,CN1Cc2cc(O)ccc2N(C)C1c1ccncc1,242400.0,inactive,255.321,2.3676000000000004,1.0,4.0
CHEMBL3787666,CN1Cc2cc(O)ccc2N(C)C1c1ccc(F)cc1,143400.0,inactive,272.323,3.1117000000000017,1.0,3.0
CHEMBL3785229,COc1ccccc1C1N(C)Cc2cc(O)ccc2N1C,192800.0,inactive,284.359,2.981200000000001,1.0,4.0
CHEMBL3785187,COc1ccc(C2N(C)Cc3cc(O)ccc3N2C)cc1,103800.0,inactive,284.359,2.981200000000002,1.0,4.0
CHEMBL3785803,Cc1ccccc1C1N(C)Cc2cc(O)ccc2N1C,143400.0,inactive,268.36,3.2810200000000016,1.0,3.0
CHEMBL3786323,Cc1cccc(C2N(C)Cc3cc(O)ccc3N2C)c1,437000.0,inactive,268.36,3.2810200000000016,1.0,3.0
CHEMBL3786589,Cc1ccc(C2N(C)Cc3cc(O)ccc3N2C)cc1,109900.0,inactive,268.36,3.2810200000000016,1.0,3.0
CHEMBL3786505,CN1Cc2cc(O)ccc2N(C)C1c1cccc(Cl)c1,242400.0,inactive,288.778,3.626000000000003,1.0,3.0
CHEMBL3785644,CN1Cc2cc(O)ccc2N(C)C1c1ccc(Cl)cc1,235600.0,inactive,288.778,3.626000000000002,1.0,3.0
CHEMBL3785808,CN1Cc2cc(O)ccc2N(C)C1c1ccccc1,327000.0,inactive,254.333,2.9726000000000017,1.0,3.0
CHEMBL3786651,COc1cccc2c1CC[C@H](NC(=O)N(C)C)C2,19.9,active,248.32599999999996,1.8237,1.0,2.0
CHEMBL3786516,COc1ccc2c(c1)CCC(NC(=O)N(C)C)C2,16.38,active,248.32599999999996,1.8237,1.0,2.0
CHEMBL3787502,COc1ccc2c(c1)C[C@@H](NC(=O)N(C)C)CC2,22.41,active,248.32599999999996,1.8236999999999999,1.0,2.0
CHEMBL3785269,COc1cccc2c1CCC(NS(=O)(=O)N(C)C)C2,12.06,active,284.38100000000003,0.9484999999999999,1.0,3.0
CHEMBL3787223,COc1ccc2c(c1)CCC(NS(=O)(=O)N(C)C)C2,16.97,active,284.38100000000003,0.9484999999999999,1.0,3.0
CHEMBL3786448,COc1ccc2c(c1)CC(NS(=O)(=O)N(C)C)CC2,15.82,active,284.3810000000001,0.9484999999999999,1.0,3.0
CHEMBL3786937,CN(C)C(=O)N[C@H]1CCc2c(O)cccc2C1,132.03,active,234.29899999999998,1.5207,2.0,2.0
CHEMBL3785391,CN(C)C(=O)NC1CCc2cc(O)ccc2C1,7.16,active,234.29899999999998,1.5206999999999997,2.0,2.0
CHEMBL3785207,CN(C)C(=O)N[C@H]1CCc2ccc(O)cc2C1,103.3,active,234.29899999999998,1.5206999999999997,2.0,2.0
CHEMBL3786873,CN(C)S(=O)(=O)NC1CCc2c(O)cccc2C1,30.85,active,270.35400000000004,0.6454999999999999,2.0,3.0
CHEMBL3786442,CN(C)S(=O)(=O)N[C@H]1CCc2cc(O)ccc2C1,27.87,active,270.35400000000004,0.6455000000000003,2.0,3.0
CHEMBL3786719,CN(C)S(=O)(=O)NC1CCc2ccc(O)cc2C1,36.97,active,270.35400000000004,0.6454999999999997,2.0,3.0
CHEMBL3809337,COc1cc2occ(-c3ccc(O)cc3O)c(=O)c2c(O)c1CC=C(C)C,9900.0,intermediate,368.38500000000016,4.094100000000003,3.0,6.0
CHEMBL1929043,COc1c(CC=C(C)C)c(O)cc2c1C[C@H](c1ccc(O)c(CC=C(C)C)c1O)CO2,15500.0,inactive,424.53700000000026,5.548100000000007,3.0,5.0
CHEMBL355160,COc1cc2c(cc1OC)C(=O)C(CC1CCN(CC3CCCCC3)CC1)C2,9.0,active,385.54800000000034,4.7412000000000045,0.0,4.0
CHEMBL3818415,COc1cc2c(cc1O)C(=O)/C(=C/C1CCN(Cc3ccccc3)CC1)C2,1540.0,intermediate,363.4570000000001,3.978200000000003,1.0,4.0
CHEMBL3819155,COc1cc2c(cc1O)C/C(=C\C1CCN(Cc3ccccc3)CC1)C2=O,1540.0,intermediate,363.4570000000001,3.978200000000003,1.0,4.0
CHEMBL3818230,O=C1/C(=C/C2CCN(Cc3ccccc3)CC2)Cc2ccc(O)cc21,1500.0,intermediate,333.43100000000004,3.9696000000000033,1.0,3.0
CHEMBL3818616,O=C1/C(=C/C2CCN(Cc3ccccc3)CC2)Cc2cccc(O)c21,636.0,active,333.43100000000004,3.969600000000004,1.0,3.0
CHEMBL3819646,O=C1/C(=C/C2CCN(Cc3ccccc3)CC2)Cc2cc(O)ccc21,2160.0,intermediate,333.43100000000004,3.9696000000000033,1.0,3.0
CHEMBL168938,COc1cc2c(cc1OC)C(=O)/C(=C/C1CCN(Cc3ccccc3)CC1)C2,58.0,active,377.48400000000015,4.281200000000004,0.0,4.0
CHEMBL3819220,COc1ccc2c(c1)C(=O)/C(=C/C1CCN(Cc3ccccc3)CC1)C2,342.0,active,347.4580000000001,4.272600000000004,0.0,3.0
CHEMBL3818167,COc1cccc2c1C(=O)/C(=C/C1CCN(Cc3ccccc3)CC1)C2,1509.0,intermediate,347.4580000000001,4.272600000000004,0.0,3.0
CHEMBL3818084,COc1ccc2c(c1)C/C(=C\C1CCN(Cc3ccccc3)CC1)C2=O,43.0,active,347.4580000000001,4.272600000000004,0.0,3.0
CHEMBL3818801,O=C1/C(=C/C2CCN(Cc3ccccc3)CC2)Cc2cc3c(cc21)OCO3,755.0,active,361.44100000000014,3.9927000000000037,0.0,4.0
CHEMBL3819531,COc1cccc(CN2CCC(/C=C3\Cc4cc(OC)ccc4C3=O)CC2)c1,853.0,active,377.48400000000015,4.281200000000004,0.0,4.0
CHEMBL3819113,COc1cccc(CN2CCC(/C=C3\Cc4ccc(OC)cc4C3=O)CC2)c1,34500.0,inactive,377.48400000000015,4.281200000000004,0.0,4.0
CHEMBL3819574,COc1cccc(CN2CCC(/C=C3\Cc4cccc(OC)c4C3=O)CC2)c1,12155.0,inactive,377.4840000000002,4.281200000000004,0.0,4.0
CHEMBL3819247,COc1ccc2c(c1)C(=O)/C(=C/C1CCN(Cc3ccc4c(c3)OCO4)CC1)C2,25195.0,inactive,391.4670000000002,4.001300000000003,0.0,5.0
CHEMBL3818918,COc1cccc2c1C(=O)/C(=C/C1CCN(Cc3ccc4c(c3)OCO4)CC1)C2,11135.0,inactive,391.4670000000002,4.001300000000003,0.0,5.0
CHEMBL3819024,O=C(CCCCCCCCc1ccc(O)c(O)c1)c1c(O)ccc(C(CCCCCCCCc2ccc(O)cc2)c2c(O)cccc2O)c1O,30670.0,inactive,684.8700000000006,9.88719999999999,7.0,8.0
CHEMBL3818374,O=C(CCCCCCCCc1ccc(O)c(O)c1)c1c(O)ccc(C(CCCCCCCCc2ccc(O)c(O)c2)c2c(O)cccc2O)c1O,12660.0,inactive,700.8690000000006,9.59279999999999,8.0,9.0
CHEMBL524100,O=C(CCCCCCCCc1ccc(O)c(O)c1)c1c(O)cccc1O,1940.0,intermediate,358.4340000000001,4.665100000000006,4.0,5.0
CHEMBL489354,O=C(CCCCCCCCc1ccc(O)cc1)c1c(O)cccc1O,1840.0,intermediate,342.43500000000006,4.9595000000000065,3.0,4.0
CHEMBL1254269,O=C(CCCCCCCCc1ccccc1)c1c(O)cccc1O,1310.0,intermediate,326.43600000000004,5.253900000000006,2.0,3.0
CHEMBL3819036,O=C(CCCCCCCCc1ccc(O)cc1)c1c(O)cc(O)cc1O,6440.0,intermediate,358.4340000000001,4.665100000000006,4.0,5.0
CHEMBL535,CCN(CC)CCNC(=O)c1c(C)[nH]c(/C=C2\C(=O)Nc3ccc(F)cc32)c1C,5870.0,intermediate,398.48200000000014,3.3349400000000013,3.0,3.0
CHEMBL477772,Cc1ccc(Nc2nccc(N(C)c3ccc4c(C)n(C)nc4c3)n2)cc1S(N)(=O)=O,930.0,active,437.52900000000017,3.1390400000000005,2.0,7.0
CHEMBL3818089,COc1cc(/C=C/C(=O)NCCC2CCN(Cc3ccccc3)CC2)ccc1O,729.0,active,394.51500000000004,3.8325000000000036,2.0,4.0
CHEMBL3818086,COc1ccc(/C=C/C(=O)NCCC2CCN(Cc3ccccc3)CC2)cc1O,1660.0,intermediate,394.5150000000001,3.8325000000000036,2.0,4.0
CHEMBL3819231,COc1cc(/C=C/C(=O)NCCC2CCN(Cc3ccccc3)CC2)cc(OC)c1O,321.0,active,424.5410000000001,3.841100000000004,2.0,5.0
CHEMBL3819320,O=C(/C=C/c1ccc(O)cc1)NCCC1CCN(Cc2ccccc2)CC1,2200.0,intermediate,364.48900000000015,3.8239000000000027,2.0,3.0
CHEMBL3818992,O=C(/C=C/c1ccc(O)c(O)c1)NCCC1CCN(Cc2ccccc2)CC1,1450.0,intermediate,380.4880000000001,3.5295000000000023,3.0,4.0
CHEMBL3817981,O=C(/C=C/c1ccccc1O)NCCC1CCN(Cc2ccccc2)CC1,2680.0,intermediate,364.48900000000015,3.8239000000000027,2.0,3.0
CHEMBL3819548,O=C(/C=C/c1ccccc1)NCCC1CCN(Cc2ccccc2)CC1,411.0,active,348.49000000000007,4.118300000000003,1.0,2.0
CHEMBL3819383,COc1cc(/C=C/C(=O)NCCC2CCN(Cc3ccccc3)CC2)ccc1OC(C)=O,339.0,active,436.55200000000013,4.052200000000004,1.0,5.0
CHEMBL3818689,COc1ccc(/C=C/C(=O)NCCC2CCN(Cc3ccccc3)CC2)cc1OC,526.0,active,408.54200000000014,4.135500000000004,1.0,4.0
CHEMBL3818512,COc1cccc(/C=C/C(=O)NCCC2CCN(Cc3ccccc3)CC2)c1,690.0,active,378.51600000000013,4.126900000000004,1.0,3.0
CHEMBL3819083,COc1cc(/C=C/C(=O)NCCC2CCN(Cc3ccccc3)CC2)cc(OC)c1OC,234.0,active,438.56800000000015,4.1441000000000034,1.0,5.0
CHEMBL3818332,O=C(/C=C/c1ccc(F)cc1)NCCC1CCN(Cc2ccccc2)CC1,3300.0,intermediate,366.48000000000013,4.257400000000003,1.0,2.0
CHEMBL3818990,O=C(/C=C/c1ccc(Cl)cc1)NCCC1CCN(Cc2ccccc2)CC1,362.0,active,382.9350000000001,4.771700000000004,1.0,2.0
CHEMBL3818782,O=C(/C=C/c1ccc([N+](=O)[O-])cc1)NCCC1CCN(Cc2ccccc2)CC1,337.0,active,393.4870000000002,4.026500000000003,1.0,4.0
CHEMBL3818250,COc1cc(CCC(=O)NCCC2CCN(Cc3ccccc3)CC2)ccc1O,5320.0,intermediate,396.53100000000006,3.751900000000003,2.0,4.0
CHEMBL3822559,O=C(CC1CCN(Cc2ccccc2)CC1)NCCc1c[nH]c2ccccc12,3800.0,intermediate,375.51600000000013,4.1289000000000025,2.0,2.0
CHEMBL3824239,Cc1ccccc1CN1CCC(CC(=O)NCCc2c[nH]c3ccccc23)CC1,1540.0,intermediate,389.5430000000001,4.437320000000003,2.0,2.0
CHEMBL3823317,COc1ccc2[nH]cc(CCNC(=O)CC3CCN(Cc4ccccc4C)CC3)c2c1,3600.0,intermediate,419.5690000000002,4.445920000000004,2.0,3.0
CHEMBL3823464,Cc1cccc(CN2CCC(CC(=O)NCCc3c[nH]c4ccccc34)CC2)c1,4630.0,intermediate,389.5430000000001,4.437320000000003,2.0,2.0
CHEMBL3823538,COc1ccc2[nH]cc(CCNC(=O)CC3CCN(Cc4cccc(C)c4)CC3)c2c1,13500.0,inactive,419.5690000000002,4.445920000000004,2.0,3.0
CHEMBL3822670,Cc1ccc(CN2CCC(CC(=O)NCCc3c[nH]c4ccccc34)CC2)cc1,4940.0,intermediate,389.5430000000001,4.437320000000003,2.0,2.0
CHEMBL3822790,COc1ccc2[nH]cc(CCNC(=O)CC3CCN(Cc4ccc(C)cc4)CC3)c2c1,9260.0,intermediate,419.5690000000002,4.445920000000004,2.0,3.0
CHEMBL3824057,O=C(NCCc1c[nH]c2ccccc12)C1CCN(Cc2ccccc2)CC1,7850.0,intermediate,361.48900000000015,3.738800000000002,2.0,2.0
CHEMBL3824362,COc1ccc2[nH]cc(CCNC(=O)C3CCN(Cc4ccccc4)CC3)c2c1,12220.0,inactive,391.51500000000016,3.7474000000000025,2.0,3.0
CHEMBL3822890,Cc1ccccc1CN1CCC(C(=O)NCCc2c[nH]c3ccccc23)CC1,3560.0,intermediate,375.5160000000001,4.047220000000003,2.0,2.0
CHEMBL3823578,COc1ccc2[nH]cc(CCNC(=O)C3CCN(Cc4ccccc4C)CC3)c2c1,7420.0,intermediate,405.5420000000002,4.055820000000003,2.0,3.0
CHEMBL3823197,O=C(CCc1c[nH]c2ccccc12)NC1CCN(Cc2ccccc2)CC1,8320.0,intermediate,361.48900000000015,3.881300000000003,2.0,2.0
CHEMBL3824248,O=C(CCc1c[nH]c2ccccc12)NCCC1CCN(Cc2ccccc2)CC1,273.0,active,389.5430000000002,4.519000000000005,2.0,2.0
CHEMBL3828259,Cc1cc(=O)oc2cc(OCCCN(C)Cc3cccc(OC(=O)NCCCCCc4ccccc4)c3)ccc12,80.5,active,542.6760000000003,6.5037200000000075,1.0,6.0
CHEMBL3827734,CN(CCCOc1ccc2c3c(c(=O)oc2c1)CCCC3)Cc1cccc(OC(=O)NCCCCCc2ccccc2)c1,89.9,active,582.7410000000006,7.074100000000008,1.0,6.0
CHEMBL3827064,CN(CCCOc1ccc2c(c1)oc(=O)c1ccccc12)Cc1cccc(OC(=O)NCCCCCc2ccccc2)c1,390.0,active,578.7090000000005,7.348500000000008,1.0,6.0
CHEMBL3828631,CN(CCCOc1ccc2cc(-c3ccccc3)c(=O)oc2c1)Cc1cccc(OC(=O)NCCCCCc2ccccc2)c1,125.0,active,604.7470000000004,7.862300000000008,1.0,6.0
CHEMBL3827589,COc1ccc(-c2cc3ccc(OCCCN(C)Cc4cccc(OC(=O)NCCCCCc5ccccc5)c4)cc3oc2=O)cc1,312.0,active,634.7730000000004,7.870900000000009,1.0,7.0
CHEMBL3828679,CCCCCCCCCC(C)C1OCc2c[n+](C)c(C)c(OC(=O)N(C)C)c2CO1.[Br-],460.0,active,501.50600000000026,2.0336200000000018,0.0,4.0
CHEMBL3827011,CCCCCCCCC1OCc2c[n+](C)c(C)c(OC(=O)N(C)C)c2CO1.[Br-],1300.0,intermediate,459.4250000000002,1.0074200000000022,0.0,4.0
CHEMBL3828028,CCCCCCCC1OCc2c[n+](C)c(C)c(OC(=O)N(C)C)c2CO1.[Br-],2100.0,intermediate,445.39800000000014,0.6173200000000025,0.0,4.0
CHEMBL3827624,Cc1c(OC(=O)N(C)C)c2c(c[n+]1C)COC(C(C)(C)C)OC2.[Br-],110000.0,inactive,403.3170000000001,-0.6970799999999968,0.0,4.0
CHEMBL3827347,Cc1c(OC(=O)N(C)C)c2c(c[n+]1C)COC(C(C)C)OC2.[Br-],260000.0,inactive,389.2900000000001,-1.0871799999999965,0.0,4.0
CHEMBL3827449,CCCC1OCc2c[n+](C)c(C)c(OC(=O)N(C)C)c2CO1.[Br-],140000.0,inactive,389.2900000000001,-0.9430799999999959,0.0,4.0
CHEMBL3828273,CCC1OCc2c[n+](C)c(C)c(OC(=O)N(C)C)c2CO1.[Br-],280000.0,inactive,375.26300000000003,-1.3331799999999965,0.0,4.0
CHEMBL3828739,Cc1c(OC(=O)N(C)C)c2c(c[n+]1C)COC(C)(C)OC2.[Br-],500000.0,inactive,375.26300000000003,-1.3331799999999965,0.0,4.0
CHEMBL3828644,Cc1c(OC(=O)N(C)C)c2c(c[n+]1C)COC(C)OC2.[Br-],150000.0,inactive,361.23600000000005,-1.7232799999999961,0.0,4.0
CHEMBL3827856,Cc1c(OC(=O)N(C)C)c2c(c[n+]1C)COCOC2.[Br-],130000.0,inactive,347.209,-2.111779999999996,0.0,4.0
CHEMBL3827058,COc1ccc(-c2cc3cc(OCCCN(C)Cc4cccc(OC(=O)NCCCCCc5ccccc5)c4)ccc3oc2=O)cc1,179.0,active,634.7730000000004,7.8709000000000096,1.0,7.0
CHEMBL3827189,CN(CCCOc1ccc2cc(-c3ccc(Cl)cc3)c(=O)oc2c1)Cc1cccc(OC(=O)NCCCCCc2ccccc2)c1,900.0,active,639.1920000000001,8.515700000000004,1.0,6.0
CHEMBL440526,CCCCCCCNC(=O)Oc1cccc(CN(C)CCCOc2ccc3ccc(=O)oc3c2)c1,37.4,active,480.60500000000036,5.752700000000006,1.0,6.0
CHEMBL3827288,CCCCCCCNC(=O)Oc1cccc(CN(C)CCCOc2ccc3c4c(c(=O)oc3c2)CCCC4)c1,21.6,active,534.6970000000005,6.631500000000007,1.0,6.0
CHEMBL3827432,CN(CCCOc1ccc2ccc(=O)oc2c1)Cc1cccc(OC(=O)NCCCCCCc2ccccc2)c1,109.0,active,542.6760000000004,6.585400000000007,1.0,6.0
CHEMBL3828293,CN(CCCCCOc1ccc2ccc(=O)oc2c1)Cc1cccc(OC(=O)NCCCCCc2ccccc2)c1,88.1,active,556.7030000000004,6.975500000000007,1.0,6.0
CHEMBL3828693,CCCCCCCNC(=O)Oc1cccc(CN(C)CCCCCOc2ccc3ccc(=O)oc3c2)c1,11.3,active,508.65900000000045,6.532900000000007,1.0,6.0
CHEMBL3827610,CCCCCCCNC(=O)Oc1cccc(CN(C)CCCCCOc2ccc3c4c(c(=O)oc3c2)CCCC4)c1,18.3,active,562.7510000000003,7.411700000000009,1.0,6.0
CHEMBL3827044,CCCCCCCNC(=O)Oc1cccc(CN(C)CCCCCOc2ccc3c(c2)Oc2ncccc2C3)c1,6.92,active,545.7240000000004,7.518000000000009,1.0,6.0
CHEMBL3828054,O=C(NCCCCCc1ccccc1)Oc1ccc(Cn2cc(COc3ccc4ccc(=O)oc4c3)nn2)cc1,255.0,active,538.6040000000004,5.513200000000006,1.0,7.0
CHEMBL3827220,O=C(NCCCCCc1ccccc1)Oc1cccc(Cn2cc(COc3ccc4ccc(=O)oc4c3)nn2)c1,922.0,active,538.6040000000004,5.513200000000006,1.0,7.0
CHEMBL3828696,CCCCCCCNC(=O)Oc1ccc(Cn2cc(COc3ccc4ccc(=O)oc4c3)nn2)cc1,214.0,active,490.5600000000003,5.070600000000004,1.0,7.0
CHEMBL3827284,CCCCCCCNC(=O)Oc1cccc(Cn2cc(COc3ccc4ccc(=O)oc4c3)nn2)c1,1044.0,intermediate,490.5600000000003,5.070600000000004,1.0,7.0
CHEMBL3827950,O=C(NCCCCCc1ccccc1)Oc1ccc(-n2cc(COc3ccc4ccc(=O)oc4c3)nn2)cc1,47900.0,inactive,524.5770000000003,5.454100000000006,1.0,7.0
CHEMBL3828281,O=C(NCCCCCc1ccccc1)Oc1cccc(-n2cc(COc3ccc4ccc(=O)oc4c3)nn2)c1,1175.0,intermediate,524.5770000000003,5.454100000000006,1.0,7.0
CHEMBL3826998,CCCCCCCNC(=O)Oc1ccc(-n2cc(COc3ccc4ccc(=O)oc4c3)nn2)cc1,157500.0,inactive,476.53300000000024,5.011500000000004,1.0,7.0
CHEMBL3828443,CCCCCCCNC(=O)Oc1cccc(-n2cc(COc3ccc4ccc(=O)oc4c3)nn2)c1,702.0,active,476.5330000000003,5.011500000000004,1.0,7.0
CHEMBL3827765,CCCCCCc1ccc(NC(=O)Oc2cccc(CN(C)CCCOc3ccc4ccc(=O)oc4c3)c2)cc1,3800.0,intermediate,542.6760000000005,7.427600000000009,1.0,6.0
CHEMBL3828586,NC(=O)c1cc[n+](CCCCC[n+]2cccc(NC(=O)/C=N\O)c2)cc1.[Br-].[Br-],770000.0,inactive,517.222,-5.362499999999997,3.0,4.0
CHEMBL3828385,NC(=O)c1cc[n+](CCCC[n+]2cccc(NC(=O)/C=N\O)c2)cc1.[Br-].[Br-],1560000.0,inactive,503.19500000000005,-5.752599999999998,3.0,4.0
CHEMBL3828381,NC(=O)c1cc[n+](CCC[n+]2cccc(NC(=O)/C=N\O)c2)cc1.[Br-].[Br-],1670000.0,inactive,489.168,-6.1427,3.0,4.0
CHEMBL3827575,NC(=O)c1cc[n+](CC[n+]2cccc(NC(=O)/C=N\O)c2)cc1.[Br-].[Br-],1870000.0,inactive,475.141,-6.532800000000001,3.0,4.0
CHEMBL3949439,CN(Cc1ccccc1)Cc1ccc(NC(=O)/C=C/c2cccc(O)c2)cc1,3490.0,intermediate,372.468,4.676100000000005,2.0,3.0
CHEMBL3978533,COc1ccc(/C=C/C(=O)Nc2ccc(CN(C)Cc3ccccc3)cc2)cc1,5760.0,intermediate,386.49500000000006,4.979100000000004,1.0,3.0
CHEMBL3919086,COc1cccc(/C=C/C(=O)Nc2ccc(CN(C)Cc3ccccc3)cc2)c1,4670.0,intermediate,386.49500000000006,4.979100000000004,1.0,3.0
CHEMBL3945872,COc1cc(/C=C/C(=O)Nc2cccc(CN(C)Cc3ccccc3)c2)ccc1O,5990.0,intermediate,402.4940000000001,4.684700000000005,2.0,4.0
CHEMBL3917990,COc1ccc(/C=C/C(=O)Nc2ccc(CN(C)Cc3ccccc3)cc2)cc1OC,3980.0,intermediate,416.52100000000013,4.987700000000005,1.0,4.0
CHEMBL3936989,COc1ccc(/C=C/C(=O)Nc2ccc(CN(C)Cc3ccccc3)cc2)c(OC)c1,8730.0,intermediate,416.52100000000013,4.987700000000005,1.0,4.0
CHEMBL3965783,O=C(/C=C/c1ccc(O)cc1O)NCCC1CCN(Cc2ccccc2)CC1,990.0,active,380.4880000000001,3.5295000000000023,3.0,4.0
CHEMBL3892044,O=C(/C=C/c1cccc(O)c1)NCCC1CCN(Cc2ccccc2)CC1,1120.0,intermediate,364.48900000000015,3.8239000000000027,2.0,3.0
CHEMBL3916769,COc1ccc(/C=C/C(=O)NCCC2CCN(Cc3ccccc3)CC2)c(OC)c1,630.0,active,408.54200000000014,4.135500000000004,1.0,4.0
CHEMBL3905695,COc1ccc(/C=C/C(=O)NCCC2CCN(Cc3ccccc3)CC2)cc1,490.0,active,378.5160000000001,4.126900000000004,1.0,3.0
CHEMBL3931599,C#CCN(Cc1ccc2cccc(O)c2n1)CC1CCN(Cc2ccccc2)CC1,9700.0,intermediate,399.5380000000002,4.287800000000003,1.0,4.0
CHEMBL3892118,C#CCN(CCC1CCN(Cc2ccccc2)CC1)Cc1ccc2cccc(O)c2n1,4100.0,intermediate,413.5650000000001,4.6779000000000055,1.0,4.0
CHEMBL3961103,C#CCN(CCCC1CCN(Cc2ccccc2)CC1)Cc1ccc2cccc(O)c2n1,1500.0,intermediate,427.5920000000002,5.068000000000007,1.0,4.0
CHEMBL3901082,C#CCN(Cc1ccc2cccc(O)c2n1)C(C#N)C1CCN(Cc2ccccc2)CC1,64200.0,inactive,424.5480000000003,4.179980000000003,1.0,5.0
CHEMBL3972214,C#CCN(Cc1ccc2cccc(O)c2n1)C(C#N)CC1CCN(Cc2ccccc2)CC1,3300.0,intermediate,438.57500000000033,4.570080000000004,1.0,5.0
CHEMBL3910142,C#CCN(Cc1ccc2cccc(O)c2n1)C(C#N)CCC1CCN(Cc2ccccc2)CC1,29.0,active,452.6020000000004,4.960180000000005,1.0,5.0
CHEMBL8706,C#CCN(C)CCCOc1ccc(Cl)cc1Cl,500000.0,inactive,272.175,3.327300000000002,0.0,2.0
CHEMBL972,C#CCN(C)[C@H](C)Cc1ccccc1,500000.0,inactive,187.286,2.1826,0.0,1.0
CHEMBL3291019,C#CCN(Cc1ccc(O)c2ncccc12)C(C#N)CCC1CCN(Cc2ccccc2)CC1,350.0,active,452.6020000000004,4.960180000000006,1.0,5.0
CHEMBL3960962,c1ccc(COc2ccc(CN3CCc4ccccc4C3)cc2)cc1,200000.0,inactive,329.44300000000004,4.8239000000000045,0.0,2.0
CHEMBL1903032,CCOc1ccc(-n2c(SCc3nc(-c4ccccc4C)no3)nnc2-c2ccccc2)cc1,1000000.0,inactive,469.57000000000016,5.983720000000005,0.0,7.0
CHEMBL3931517,O=C(COc1ccccc1)N1CCN(C2CCN(Cc3ccccc3)CC2)CC1,43000.0,inactive,393.5310000000002,2.874200000000001,0.0,4.0
CHEMBL3969241,O=C(c1ccccc1F)N1CCN(C2CCN(Cc3ccccc3)CC2)CC1,200000.0,inactive,381.4950000000001,3.2481000000000027,0.0,3.0
CHEMBL3939698,Fc1ccccc1COc1ccccc1CNCCN1CCOCC1,500000.0,inactive,344.43000000000023,2.826500000000001,1.0,4.0
CHEMBL1485276,O=S(=O)(NCCSc1nnc(-c2ccco2)n1-c1ccccc1)c1ccccc1,1000000.0,inactive,426.52300000000014,3.5979000000000028,1.0,6.0
CHEMBL577016,CCSc1nc2sc3c(c2c(=O)n1-c1ccccc1)CCN(Cc1ccccc1)C3,5100.0,intermediate,433.6020000000002,5.117500000000005,0.0,5.0
CHEMBL3926757,COc1ccc(CN2CC=C(c3ccc(F)cc3)CC2)cc1OCc1ccccc1,200000.0,inactive,403.4970000000002,5.702600000000006,0.0,3.0
CHEMBL3965046,CCN1CCN(C2CCN(C(=O)COc3ccc(-c4ccccc4)cc3)CC2)CC1,31000.0,inactive,407.5580000000002,3.3609000000000018,0.0,4.0
CHEMBL1459580,O=C(COc1ccc(Cl)cc1Cl)Nc1ccc(CN2CCCCC2)cc1,30.0,active,393.3140000000003,4.996800000000004,1.0,3.0
CHEMBL3957099,S=C1/C(=C/c2ccccc2)Oc2ccccc21,6390.0,intermediate,238.31099999999998,3.8381000000000016,0.0,2.0
CHEMBL3950130,CC(C)Cc1ccc(/C=C2\Oc3ccccc3C2=O)cc1,980.0,active,278.35099999999994,4.501300000000004,0.0,2.0
CHEMBL611941,COc1ccc(/C=C2\Oc3ccccc3C2=O)cc1,1260.0,intermediate,252.269,3.3114000000000017,0.0,3.0
CHEMBL3921061,CN(C)C(=O)Oc1cccc(C(=O)/C=C/c2ccc(O)cc2)c1,870.0,active,311.337,3.348700000000002,1.0,4.0
CHEMBL3948367,COc1ccc(/C=C/C(=O)c2cccc(OC(=O)N(C)C)c2)cc1,8050.0,intermediate,325.36400000000003,3.6517000000000026,0.0,4.0
CHEMBL353468,COc1cc2c(cc1OC)C(=O)C(CC1CCN(Cc3ccccc3C)CC1)C2,243.0,active,393.5270000000002,4.669520000000005,0.0,4.0
CHEMBL170946,COc1cc2c(cc1OC)C(=O)C(CC1CCN(Cc3cccc(C)c3)CC1)C2,88.0,active,393.5270000000002,4.669520000000005,0.0,4.0
CHEMBL354848,COc1cc2c(cc1OC)C(=O)C(CC1CCN(Cc3ccc(C)cc3)CC1)C2,127.0,active,393.5270000000002,4.669520000000005,0.0,4.0
CHEMBL3943450,COc1cc2c(cc1OC)C(=O)C(CC1CCN(Cc3ccccc3F)CC1)C2,32.0,active,397.4900000000002,4.500200000000004,0.0,4.0
CHEMBL3927363,COc1cc2c(cc1OC)C(=O)C(CC1CCN(Cc3cccc(F)c3)CC1)C2,54.0,active,397.4900000000002,4.500200000000004,0.0,4.0
CHEMBL3985059,COc1cc2c(cc1OC)C(=O)C(CC1CCN(Cc3ccc(F)cc3)CC1)C2,41.0,active,397.4900000000002,4.500200000000004,0.0,4.0
CHEMBL3933395,COc1cc2c(cc1OC)C(=O)C(CC1CCN(Cc3ccccc3Cl)CC1)C2,97.0,active,413.94500000000016,5.014500000000005,0.0,4.0
CHEMBL3960861,COc1cc2c(cc1OC)C(=O)C(CC1CCN(Cc3cccc(Cl)c3)CC1)C2,114.0,active,413.94500000000016,5.014500000000005,0.0,4.0
CHEMBL3926911,COc1cc2c(cc1OC)C(=O)C(CC1CCN(Cc3ccc(Cl)cc3)CC1)C2,2860.0,intermediate,413.94500000000016,5.014500000000004,0.0,4.0
CHEMBL3890758,COc1cc2c(cc1OC)C(=O)C(CC1CCN(Cc3ccccc3C(F)(F)F)CC1)C2,4870.0,intermediate,447.4970000000002,5.3799000000000055,0.0,4.0
CHEMBL3961494,COc1cc2c(cc1OC)C(=O)C(CC1CCN(Cc3cccc(C(F)(F)F)c3)CC1)C2,2120.0,intermediate,447.4970000000002,5.3799000000000055,0.0,4.0
CHEMBL3892502,COc1cc2c(cc1OC)C(=O)C(CC1CCN(Cc3ccc(C(F)(F)F)cc3)CC1)C2,5430.0,intermediate,447.4970000000002,5.3799000000000055,0.0,4.0
CHEMBL145361,COc1cc2c(cc1OC)C(=O)C(CC1CCN(Cc3ccccc3[N+](=O)[O-])CC1)C2,3110.0,intermediate,424.49700000000024,4.269300000000004,0.0,6.0
CHEMBL435071,COc1cc2c(cc1OC)C(=O)C(CC1CCN(Cc3cccc([N+](=O)[O-])c3)CC1)C2,652.0,active,424.49700000000024,4.269300000000004,0.0,6.0
CHEMBL171048,COc1cc2c(cc1OC)C(=O)C(CC1CCN(Cc3ccc([N+](=O)[O-])cc3)CC1)C2,1910.0,intermediate,424.49700000000024,4.269300000000004,0.0,6.0
CHEMBL3910513,COc1cc2c(cc1OC)C(=O)C(CC1CCN(Cc3ccccn3)CC1)C2,147.0,active,380.48800000000017,3.7561000000000027,0.0,5.0
CHEMBL3891369,COc1cc2c(cc1OC)C(=O)C(CC1CCN(Cc3ncccc3C)CC1)C2,113.0,active,394.5150000000002,4.0645200000000035,0.0,5.0
CHEMBL3919441,COc1cc2c(cc1OC)C(=O)C(CC1CCN(Cc3cccc(C)n3)CC1)C2,73.0,active,394.5150000000002,4.0645200000000035,0.0,5.0
CHEMBL3900401,COc1cc2c(cc1OC)C(=O)C(CC1CCN(Cc3ncc(C)cc3C)CC1)C2,814.0,active,408.54200000000026,4.372940000000004,0.0,5.0
CHEMBL3928343,COc1cc2c(cc1OC)C(=O)C(CC1CCN(Cc3cccc(F)n3)CC1)C2,195.0,active,398.4780000000002,3.8952000000000035,0.0,5.0
CHEMBL3944652,COc1cc2c(cc1OC)C(=O)C(CC1CCN(Cc3cccc(Cl)n3)CC1)C2,883.0,active,414.93300000000016,4.409500000000004,0.0,5.0
CHEMBL3973337,COc1cc2c(cc1OC)C(=O)C(CC1CCN(Cc3cccc(Br)n3)CC1)C2,1980.0,intermediate,459.3840000000002,4.518600000000004,0.0,5.0
CHEMBL3889713,COC(=O)c1cccc(CN2CCC(CC3Cc4cc(OC)c(OC)cc4C3=O)CC2)n1,5780.0,intermediate,438.5240000000002,3.5427000000000026,0.0,7.0
CHEMBL3889625,COc1cc2c(cc1OC)C(=O)C(CC1CCN(Cc3ccc4ccccc4n3)CC1)C2,8430.0,intermediate,430.54800000000023,4.909300000000004,0.0,5.0
CHEMBL3934564,COc1cc2c(cc1OC)C(=O)C(CC1CCN(Cc3ccc4cccc(O)c4n3)CC1)C2,29800.0,inactive,446.54700000000025,4.614900000000004,1.0,6.0
CHEMBL3950063,COc1cc2c(cc1OC)C(=O)C(CC1CCN(Cc3ccc(O)c4ncccc34)CC1)C2,20900.0,inactive,446.54700000000025,4.614900000000004,1.0,6.0
CHEMBL3984034,Cc1ccc(/C=C2\CN(Cc3cccc(C)c3)C/C(=C\c3ccc(C)cc3)C2=O)cc1,3220.0,intermediate,407.55700000000013,6.163760000000007,0.0,2.0
CHEMBL3955393,O=C1/C(=C/c2ccccc2)CN(Cc2ccc3ccccc3c2)C/C1=C\c1ccccc1,1930.0,intermediate,415.5360000000001,6.391700000000006,0.0,2.0
CHEMBL3976003,Cc1cccc(CN2C/C(=C\c3ccccc3)C(=O)/C(=C/c3ccccc3)C2)c1,3180.0,intermediate,379.50300000000016,5.546920000000005,0.0,2.0
CHEMBL3928840,Cc1ccc(/C=C2\CN(Cc3ccc4ccccc4c3)C/C(=C\c3ccc(C)cc3)C2=O)cc1,1590.0,intermediate,443.59000000000026,7.008540000000006,0.0,2.0
CHEMBL3983017,O=C1/C(=C/c2ccc(Br)cc2)CN(Cc2ccc3ccccc3c2)C/C1=C\c1ccc(Br)cc1,830.0,active,573.3280000000002,7.916700000000006,0.0,2.0
CHEMBL3901794,Cc1ccc(/C=C2/CNCC3=C2N=C2SC=C(c4ccc(C)cc4)N2C3c2ccc(C)cc2)cc1,1800.0,intermediate,475.6610000000002,7.010860000000007,1.0,4.0
CHEMBL3972865,Cc1ccc(/C=C2/CNCC3=C2N=C2SC=C(c4ccc(Br)cc4)N2C3c2ccc(C)cc2)cc1,2270.0,intermediate,540.5300000000002,7.464940000000007,1.0,4.0
CHEMBL3910830,Cc1ccc(/C=C2/CNCC3=C2N=C2SC=C(c4ccc5ccccc5c4)N2C3c2ccc(C)cc2)cc1,980.0,active,511.6940000000002,7.855640000000007,1.0,4.0
CHEMBL3945423,Cc1ccc(C2=CSC3=NC4=C(CNC/C4=C/c4ccc(Cl)cc4)C(c4ccc(Cl)cc4)N23)cc1,1090.0,intermediate,516.4970000000002,7.7008200000000055,1.0,4.0
CHEMBL3930722,Clc1ccc(/C=C2/CNCC3=C2N=C2SC=C(c4ccc5ccccc5c4)N2C3c2ccc(Cl)cc2)cc1,1350.0,intermediate,552.5300000000002,8.545600000000002,1.0,4.0
CHEMBL3958208,Brc1ccc(/C=C2/CNCC3=C2N=C2SC=C(c4ccccc4)N2C3c2ccc(Br)cc2)cc1,1480.0,intermediate,591.3720000000001,7.610600000000006,1.0,4.0
CHEMBL3921785,Cc1ccc(C2=CSC3=NC4=C(CNC/C4=C/c4ccc(Br)cc4)C(c4ccc(Br)cc4)N23)cc1,1010.0,intermediate,605.399,7.919020000000006,1.0,4.0
CHEMBL3948489,Brc1ccc(/C=C2/CNCC3=C2N=C2SC=C(c4ccc5ccccc5c4)N2C3c2ccc(Br)cc2)cc1,730.0,active,641.4320000000002,8.763800000000002,1.0,4.0
CHEMBL3884988,O=S(=O)(c1ccccc1)n1ccc2c(N3CCN(CCNc4c5c(nc6ccccc46)CCCC5)CC3)cccc21,43.6,active,565.7430000000003,5.539400000000006,1.0,6.0
CHEMBL3884618,O=S(=O)(c1ccccc1)n1ccc2c(N3CCN(CCCNc4c5c(nc6ccccc46)CCCC5)CC3)cccc21,9.7,active,579.7700000000002,5.929500000000006,1.0,6.0
CHEMBL3884858,O=S(=O)(c1ccccc1)n1ccc2c(N3CCN(CCCCCNc4c5c(nc6ccccc46)CCCC5)CC3)cccc21,18.2,active,607.8240000000001,6.709700000000008,1.0,6.0
CHEMBL3885186,O=S(=O)(c1ccccc1)n1ccc2c(N3CCN(CCCCCCNc4c5c(nc6ccccc46)CCCC5)CC3)cccc21,12.9,active,621.851,7.099800000000008,1.0,6.0
CHEMBL3884690,O=S(=O)(c1ccccc1)n1ccc2c(N3CCN(CCCCCCCNc4c5c(nc6ccccc46)CCCC5)CC3)cccc21,6.2,active,635.8779999999999,7.489900000000008,1.0,6.0
CHEMBL3883432,O=S(=O)(c1ccccc1)n1ccc2c(N3CCN(CCCCCCCCNc4c5c(nc6ccccc46)CCCC5)CC3)cccc21,1.3,active,649.905,7.880000000000009,1.0,6.0
CHEMBL3971112,O=C1NCCCc2c1c1ccccc1n2CCc1ccccc1,12600.0,inactive,304.39300000000003,3.5600000000000023,1.0,1.0
CHEMBL3919289,O=C1NCCCc2c1c1ccccc1n2CCc1ccc(F)cc1,10000.0,inactive,322.38300000000004,3.6991000000000023,1.0,1.0
CHEMBL3922423,O=C1c2ccccc2S(=O)(=O)N1CCCCCNCc1ccccc1,33.0,active,358.46299999999997,2.7912000000000017,1.0,4.0
CHEMBL3304357,CC1=CC2Cc3nc4cc(Cl)ccc4c(NCCCCCCCCNC(=O)c4cc(O)c5c(c4)C(=O)c4cccc(O)c4C5=O)c3C(C1)C2,4.4,active,678.2290000000004,8.253300000000007,4.0,7.0
CHEMBL3304306,CC1=CC2Cc3nc4cc(Cl)ccc4c(NCCCCCCCCCNC(=O)c4cc(O)c5c(c4)C(=O)c4cccc(O)c4C5=O)c3C(C1)C2,3.6,active,692.2560000000003,8.643400000000002,4.0,7.0
CHEMBL4113560,CC1=C[C@@H]2Cc3nc4cc(Cl)ccc4c(NCCCCCCCCCNC(=O)c4cc(O)c5c(c4)C(=O)c4cccc(O)c4C5=O)c3[C@H](C1)C2,2.4,active,692.2560000000003,8.643400000000002,4.0,7.0
CHEMBL4109726,CC1=C[C@H]2Cc3nc4cc(Cl)ccc4c(NCCCCCCCCCNC(=O)c4cc(O)c5c(c4)C(=O)c4cccc(O)c4C5=O)c3[C@@H](C1)C2,2930.0,intermediate,692.2560000000003,8.643400000000002,4.0,7.0
CHEMBL3303094,CC1=CC2Cc3nc4cc(Cl)ccc4c(NCCCCCCCCCCNC(=O)c4cc(O)c5c(c4)C(=O)c4cccc(O)c4C5=O)c3C(C1)C2,7.6,active,706.2830000000004,9.033499999999998,4.0,7.0
CHEMBL3304241,CC1=CC2Cc3nc4cc(Cl)ccc4c(NCCCCCCCCCCCNC(=O)c4cc(O)c5c(c4)C(=O)c4cccc(O)c4C5=O)c3C(C1)C2,17.4,active,720.3100000000004,9.423599999999997,4.0,7.0
CHEMBL3304178,CC1=CC2Cc3nc4cc(Cl)ccc4c(NCc4ccc(CNC(=O)c5cc(O)c6c(c5)C(=O)c5cccc(O)c5C6=O)cc4)c3C(C1)C2,18.2,active,670.1650000000002,7.612900000000008,4.0,7.0
CHEMBL4112162,CC1=C[C@H]2Cc3nc4cc(Cl)ccc4c(N)c3[C@@H](C1)C2,13.6,active,284.7900000000001,4.466400000000003,1.0,2.0
CHEMBL3892148,COc1ccc2nc(NCCc3cc[n+](Cc4ccccc4)cc3)sc2c1,186.0,active,376.50500000000005,4.295300000000003,1.0,4.0
CHEMBL3937964,COc1ccc2nc(NCCc3cc[n+](Cc4ccc(F)cc4)cc3)sc2c1,223.0,active,394.49500000000006,4.434400000000004,1.0,4.0
CHEMBL3910025,COc1ccc2nc(NCCc3cc[n+](Cc4c(F)cccc4F)cc3)sc2c1,203.0,active,412.48500000000007,4.573500000000004,1.0,4.0
CHEMBL3952144,Fc1ccc(C[n+]2ccc(CCNc3nc4ccc(F)cc4s3)cc2)cc1,269.0,active,382.45900000000006,4.564900000000003,1.0,3.0
CHEMBL3900968,O=[N+]([O-])c1ccc2nc(NCCc3cc[n+](Cc4ccc(F)cc4)cc3)sc2c1,96.0,active,409.466,4.334000000000004,1.0,5.0
CHEMBL3947803,CCOC(=O)C1=C(C)Nc2nc3c(c(N)c2C1c1ccc(C(F)(F)F)cc1)CC(C)CC3,768.0,active,445.4850000000002,5.201900000000004,2.0,5.0
CHEMBL3985136,CC1=C(C(=O)OC(C)C)C(c2cccc(F)c2)c2c(nc3c(c2N)CC(C)(C)CC3)N1,558.0,active,423.53200000000027,5.100800000000003,2.0,5.0
CHEMBL3959939,CCOC(=O)C1=C(C)Nc2nc3c(c(N)c2C1c1cccc(C(F)(F)F)c1)CC(C)(C)CC3,1125.0,intermediate,459.5120000000002,5.592000000000004,2.0,5.0
CHEMBL3960964,C=CCOC(=O)C1=C(C)Nc2nc3c(c(N)c2C1c1cccc([N+](=O)[O-])c1)CC(C)(C)CC3,1055.0,intermediate,448.52300000000025,4.6475000000000035,2.0,7.0
CHEMBL3933508,CCOC(=O)C1=C(C)Nc2nc3c(c(N)c2C1c1cccc(Cl)c1)CC(C)(C)CC3,770.0,active,425.9600000000002,5.226600000000004,2.0,5.0
CHEMBL3985662,COC(=O)C1=C(C)Nc2nc3c(c(N)c2C1c1ccccc1)CC(C)(C)CC3,893.0,active,377.48800000000017,4.183100000000003,2.0,5.0
CHEMBL3939015,CC1=C(C(=O)OC(C)C)C(c2ccccc2F)c2c(nc3c(c2N)CC(C)(C)CC3)N1,1377.0,intermediate,423.53200000000027,5.100800000000004,2.0,5.0
CHEMBL3965431,CC1=C(C(=O)OC2CCC2)C(c2ccccc2F)c2c(nc3c(c2N)CC(C)(C)CC3)N1,757.0,active,435.5430000000003,5.244900000000004,2.0,5.0
CHEMBL3981946,COCCOC(=O)C1=C(C)Nc2nc3c(c(N)c2C1c1ccccc1Cl)CC(C)(C)CC3,919.0,active,455.9860000000003,4.853100000000004,2.0,6.0
CHEMBL3983878,CC1=C(C(=O)OCC2CC2)C(c2ccccc2Cl)c2c(nc3c(c2N)CC(C)(C)CC3)N1,971.0,active,451.99800000000033,5.616700000000005,2.0,5.0
CHEMBL3928459,COC(=O)C1=C(C)Nc2nc3c(c(N)c2C1c1cccc([N+](=O)[O-])c1)CSC3,729.0,active,398.44400000000013,3.3232000000000017,2.0,8.0
CHEMBL3972317,CCOC(=O)C1=C(C)Nc2nc3c(c(N)c2C1c1cccc([N+](=O)[O-])c1)CC(F)(F)CC3,504.0,active,444.4380000000002,4.090500000000001,2.0,7.0
CHEMBL3949770,CCOC(=O)C1=C(C)Nc2nc3c(c(N)c2C1c1cccc([N+](=O)[O-])c1)CC(Cl)(Cl)CC3,333.0,active,477.3480000000002,4.629100000000003,2.0,7.0
CHEMBL3941497,COC(=O)C1=C(C)Nc2nc3c(c(N)c2C1c1cccc([N+](=O)[O-])c1)CCCC3Cl,732.0,active,428.8760000000002,4.192600000000002,2.0,7.0
CHEMBL3922471,COC(=O)C1=C(C)Nc2nc3c(c(N)c2C1c1cccc([N+](=O)[O-])c1)CCC(C)C3,1107.0,intermediate,408.4580000000002,3.7012000000000027,2.0,7.0
CHEMBL3937974,COC(=O)C1=C(C)Nc2nc3c(c(N)c2C1c1ccccc1)CSCC3,450.0,active,367.4740000000001,3.4575000000000022,2.0,6.0
CHEMBL3910033,CCOC(=O)C1=C(C(F)(F)F)Nc2nc3c(c(N)c2C1c1cccc([N+](=O)[O-])c1)CC(C)(C)CC3,540.0,active,490.4820000000003,5.023800000000004,2.0,7.0
CHEMBL3900977,CC1=C(C(=O)OC(C)C)C(c2cncnc2)c2c(nc3c(c2N)CC(C)(C)CC3)N1,842.0,active,407.51800000000026,3.7517000000000023,2.0,7.0
CHEMBL3895528,CCOC(=O)C1=C(C)Nc2nc3c(c(N)c2C1c1ccccc1OC)CC(C)CC3,178.0,active,407.51400000000024,4.1917000000000035,2.0,6.0
CHEMBL3891315,CC1=C(C(=O)OCCN(C)C)C(c2ccccc2)c2c(nc3c(c2N)CC(F)(F)CC3)N1,136.0,active,442.5100000000003,3.724000000000002,2.0,6.0
CHEMBL3986650,COC(=O)C1=C(C)Nc2nc3c(c(N)c2C1c1cccc([N+](=O)[O-])c1)CC(C)(C)CC3,45.0,active,422.48500000000024,4.091300000000003,2.0,7.0
CHEMBL3944088,CCOC(=O)C1=C(C)Nc2nc3c(c(N)c2C1c1cccc([N+](=O)[O-])c1)CC(C)(C)CC3,5960.0,intermediate,436.5120000000003,4.481400000000003,2.0,7.0
CHEMBL3919972,CC1=C(C(=O)OC(C)C)C(c2ccccc2Cl)c2c(nc3c(c2N)CC(C)(C)CC3)N1,3030.0,intermediate,439.9870000000003,5.615100000000005,2.0,5.0
CHEMBL3938676,CC1=C(C(=O)OC(C)C)C(c2cccc(Cl)c2)c2c(nc3c(c2N)CC(C)(C)CC3)N1,6918.0,intermediate,439.9870000000003,5.615100000000005,2.0,5.0
CHEMBL3968230,CCOC(=O)C1=C(C)Nc2nc3c(c(N)c2C1c1cccc(F)c1)CC(C)(C)CC3,1836.0,intermediate,409.5050000000002,4.7123000000000035,2.0,5.0
CHEMBL3896153,C=CCOC(=O)C1=C(C)Nc2nc3c(c(N)c2C1c1cccc(F)c1)CC(C)(C)CC3,1780.0,intermediate,421.5160000000002,4.878400000000004,2.0,5.0
CHEMBL3920662,C#CCOC(=O)C1=C(C)Nc2nc3c(c(N)c2C1c1cccc(F)c1)CC(C)(C)CC3,1792.0,intermediate,419.50000000000017,4.325600000000003,2.0,5.0
CHEMBL3981703,C#CCOC(=O)C1=C(C)Nc2nc3c(c(N)c2C1c1cccc([N+](=O)[O-])c1)CC(C)(C)CC3,1928.0,intermediate,446.50700000000023,4.094700000000003,2.0,7.0
CHEMBL3911730,CCOC(=O)C1=C(C)N(C)c2nc3c(c(N)c2C1c1ccccc1Cl)CC(C)(C)CC3,1860.0,intermediate,439.98700000000025,5.250900000000004,1.0,5.0
CHEMBL4088116,COc1cc(/C=C/C(=O)Nc2ccccc2)ccc1O,500000.0,inactive,269.3,3.052700000000002,2.0,3.0
CHEMBL4093408,COc1cc(/C=C/C(=O)Nc2ccccc2)ccc1OCCN(C)C,23200.0,inactive,340.4230000000002,3.2875000000000023,1.0,4.0
CHEMBL4065799,COc1cc(/C=C/C(=O)Nc2ccccc2)ccc1OCCCN(C)C,33860.0,inactive,354.4500000000002,3.6776000000000026,1.0,4.0
CHEMBL4085671,COc1cc(/C=C/C(=O)Nc2ccccc2)ccc1OCCCCN(C)C,100500.0,inactive,368.47700000000026,4.067700000000003,1.0,4.0
CHEMBL4103604,COc1cc(/C=C/C(=O)Nc2ccccc2)ccc1OCCCCCN(C)C,33020.0,inactive,382.5040000000003,4.457800000000004,1.0,4.0
CHEMBL4063045,COc1cc(/C=C/C(=O)Nc2ccccc2)ccc1OCCCCCCN(C)C,8400.0,intermediate,396.53100000000035,4.8479000000000045,1.0,4.0
CHEMBL4084714,COc1cc(/C=C/C(=O)Nc2ccccc2)ccc1OCCCCCCCCN(C)C,8950.0,intermediate,424.58500000000043,5.628100000000006,1.0,4.0
CHEMBL4086323,COc1cc(/C=C/C(=O)Nc2ccccc2)ccc1OCCCCCCCCCCN(C)C,9930.0,intermediate,452.6390000000005,6.408300000000007,1.0,4.0
CHEMBL4064846,CCN(CC)CCOc1ccc(/C=C/C(=O)Nc2ccccc2)cc1OC,41060.0,inactive,368.4770000000001,4.067700000000003,1.0,4.0
CHEMBL4078463,CCN(CC)CCCOc1ccc(/C=C/C(=O)Nc2ccccc2)cc1OC,23720.0,inactive,382.50400000000013,4.457800000000004,1.0,4.0
CHEMBL4102718,CCN(CC)CCCCOc1ccc(/C=C/C(=O)Nc2ccccc2)cc1OC,41630.0,inactive,396.5310000000001,4.8479000000000045,1.0,4.0
CHEMBL4067562,CCN(CC)CCCCCOc1ccc(/C=C/C(=O)Nc2ccccc2)cc1OC,18980.0,inactive,410.5580000000001,5.238000000000005,1.0,4.0
CHEMBL4094981,CCN(CC)CCCCCCOc1ccc(/C=C/C(=O)Nc2ccccc2)cc1OC,1830.0,intermediate,424.58500000000015,5.628100000000006,1.0,4.0
CHEMBL4105158,CCN(CC)CCCCCCCCOc1ccc(/C=C/C(=O)Nc2ccccc2)cc1OC,1360.0,intermediate,452.6390000000001,6.408300000000007,1.0,4.0
CHEMBL4087300,CCN(CC)CCCCCCCCCCOc1ccc(/C=C/C(=O)Nc2ccccc2)cc1OC,14920.0,inactive,480.6930000000001,7.188500000000008,1.0,4.0
CHEMBL4072405,CCOC(=O)/C=C/c1ccc(OCCCCCCN(CC)CC)c(OC)c1,1940.0,intermediate,377.5250000000001,4.552500000000005,0.0,5.0
CHEMBL4099340,CCN(CC)CCCCCCOc1ccc(/C=C/C(=O)O)cc1OC,2670.0,intermediate,349.4710000000001,4.0740000000000025,1.0,4.0
CHEMBL4087978,CCOC(=O)/C=C/c1ccc(OCCCCCCCCN(CC)CC)c(OC)c1,1560.0,intermediate,405.5790000000002,5.332700000000005,0.0,5.0
CHEMBL4059684,CCN(CC)CCCCCCCCOc1ccc(/C=C/C(=O)O)cc1OC,3180.0,intermediate,377.5250000000001,4.854200000000004,1.0,4.0
CHEMBL4095695,COc1cc(/C=C/C(=O)Nc2ccccc2)ccc1OCCN1CCCCC1,19400.0,inactive,380.48800000000034,4.211800000000004,1.0,4.0
CHEMBL4068340,COc1cc(/C=C/C(=O)Nc2ccccc2)ccc1OCCCN1CCCCC1,14480.0,inactive,394.5150000000004,4.601900000000004,1.0,4.0
CHEMBL4069385,COc1cc(/C=C/C(=O)Nc2ccccc2)ccc1OCCCCN1CCCCC1,7140.0,intermediate,408.5420000000004,4.992000000000005,1.0,4.0
CHEMBL4090413,COc1cc(/C=C/C(=O)Nc2ccccc2)ccc1OCCCCCN1CCCCC1,4800.0,intermediate,422.56900000000047,5.382100000000006,1.0,4.0
CHEMBL4080105,COc1cc(/C=C/C(=O)Nc2ccccc2)ccc1OCCCCCCN1CCCCC1,710.0,active,436.5960000000005,5.772200000000006,1.0,4.0
CHEMBL4098132,COc1cc(/C=C/C(=O)Nc2ccccc2)ccc1OCCCCCCCCN1CCCCC1,4120.0,intermediate,464.6500000000006,6.552400000000007,1.0,4.0
CHEMBL4074258,COc1cc(/C=C/C(=O)Nc2ccccc2)ccc1OCCCCCCCCCCN1CCCCC1,11110.0,inactive,492.7040000000007,7.332600000000008,1.0,4.0
CHEMBL4094761,CCOC(=O)/C=C/c1ccc(OCCCCCCN2CCCCC2)c(OC)c1,2650.0,intermediate,389.5360000000002,4.6966000000000045,0.0,5.0
CHEMBL4075021,COc1cc(/C=C/C(=O)O)ccc1OCCCCCCN1CCCCC1,45550.0,inactive,361.48200000000026,4.218100000000004,1.0,4.0
CHEMBL4101703,COc1cc(/C=C/C(=O)Nc2ccccc2)ccc1OCCN1CCCC1,35130.0,inactive,366.4610000000003,3.8217000000000025,1.0,4.0
CHEMBL4085283,COc1cc(/C=C/C(=O)Nc2ccccc2)ccc1OCCCN1CCCC1,37140.0,inactive,380.48800000000034,4.211800000000004,1.0,4.0
CHEMBL4063663,COc1cc(/C=C/C(=O)Nc2ccccc2)ccc1OCCCCN1CCCC1,24350.0,inactive,394.5150000000004,4.601900000000004,1.0,4.0
CHEMBL4093019,COc1cc(/C=C/C(=O)Nc2ccccc2)ccc1OCCCCCN1CCCC1,6210.0,intermediate,408.5420000000004,4.992000000000005,1.0,4.0
CHEMBL4072258,COc1cc(/C=C/C(=O)Nc2ccccc2)ccc1OCCCCCCN1CCCC1,1110.0,intermediate,422.56900000000047,5.382100000000006,1.0,4.0
CHEMBL4100736,COc1cc(/C=C/C(=O)Nc2ccccc2)ccc1OCCCCCCCCN1CCCC1,2910.0,intermediate,450.62300000000056,6.162300000000006,1.0,4.0
CHEMBL4082739,COc1cc(/C=C/C(=O)Nc2ccccc2)ccc1OCCCCCCCCCCN1CCCC1,13520.0,inactive,478.67700000000065,6.942500000000008,1.0,4.0
CHEMBL4062593,CCOC(=O)/C=C/c1ccc(OCCCCCCN2CCCC2)c(OC)c1,5050.0,intermediate,375.5090000000001,4.306500000000004,0.0,5.0
CHEMBL4090559,COc1cc(/C=C/C(=O)O)ccc1OCCCCCCN1CCCC1,69910.0,inactive,347.4550000000002,3.828000000000003,1.0,4.0
CHEMBL4103664,Cc1ccc(C2c3ccc4cccnc4c3Oc3nc4c(c(N)c32)CCCC4)cc1,2850.0,intermediate,393.4900000000003,5.685120000000005,1.0,4.0
CHEMBL4085738,COc1ccc(C2c3ccc4cccnc4c3Oc3nc4c(c(N)c32)CCCC4)cc1,1510.0,intermediate,409.48900000000026,5.3853000000000035,1.0,5.0
CHEMBL4095908,COc1cccc(C2c3ccc4cccnc4c3Oc3nc4c(c(N)c32)CCCC4)c1,750.0,active,409.4890000000003,5.3853000000000035,1.0,5.0
CHEMBL4104551,Nc1c2c(nc3c1C(c1cccc(F)c1)c1ccc4cccnc4c1O3)CCCC2,2200.0,intermediate,397.45300000000026,5.515800000000003,1.0,4.0
CHEMBL4067497,Nc1c2c(nc3c1C(c1ccccc1)c1ccc4cccnc4c1O3)CCCC2,1730.0,intermediate,379.46300000000025,5.376700000000004,1.0,4.0
CHEMBL4089082,CC(C)c1ccc(NC(=O)Oc2ccc3c(c2)[C@]2(C)CCN[C@@H]2N3)cc1,110.0,active,351.45000000000005,4.423500000000002,3.0,4.0
CHEMBL4090583,COc1cc2c(cc1OC)C(=O)/C(=C/c1ccc(CN(C)C)c(O)c1)O2,24300.0,inactive,355.39000000000004,3.087200000000002,1.0,6.0
CHEMBL4075571,CCN(CC)Cc1ccc(/C=C2\Oc3cc(OC)c(OC)cc3C2=O)cc1O,700.0,active,383.44400000000013,3.867400000000004,1.0,6.0
CHEMBL4094805,COc1cc2c(cc1OC)C(=O)/C(=C/c1ccc(CN3CCCC3)c(O)c1)O2,1320.0,intermediate,381.42800000000017,3.621400000000002,1.0,6.0
CHEMBL4100760,COc1cc2c(cc1OC)C(=O)/C(=C/c1ccc(CN3CCCCC3)c(O)c1)O2,37.1,active,395.4550000000002,4.0115000000000025,1.0,6.0
CHEMBL4059887,COc1cc2c(cc1OC)C(=O)/C(=C/c1ccc(CN3CCOCC3)c(O)c1)O2,6000.0,intermediate,397.4270000000002,2.857800000000001,1.0,7.0
CHEMBL4081805,COc1cc2c(cc1OC)C(=O)/C(=C/c1ccc(CN3CCN(C)CC3)c(O)c1)O2,14000.0,inactive,410.4700000000002,2.7730000000000006,1.0,7.0
CHEMBL4098196,CCN1CCN(Cc2ccc(/C=C3\Oc4cc(OC)c(OC)cc4C3=O)cc2O)CC1,32100.0,inactive,424.49700000000024,3.163100000000002,1.0,7.0
CHEMBL4102562,COc1cc2c(cc1OC)C(=O)/C(=C/c1ccc(CN(C)Cc3ccccc3)c(O)c1)O2,26300.0,inactive,431.4880000000001,4.657600000000005,1.0,6.0
CHEMBL4072914,CCN(Cc1ccc(/C=C2\Oc3cc(OC)c(OC)cc3C2=O)cc1O)Cc1ccccc1N(C)C,6690.0,intermediate,488.58400000000023,5.113700000000005,1.0,7.0
CHEMBL4069184,COc1cc2c(cc1OC)C(=O)/C(=C/c1ccc(O)c(CN(C)C)c1)O2,510.0,active,355.3900000000001,3.087200000000001,1.0,6.0
CHEMBL4060687,COc1ccc(CNc2nc(NC(N)=O)nc3ccccc23)cc1OC,8600.0,intermediate,353.3820000000001,2.7497000000000007,3.0,6.0
CHEMBL4081013,NC(=O)Nc1nc(NCc2ccccc2)c2ccccc2n1,8300.0,intermediate,293.33000000000004,2.732500000000001,3.0,4.0
CHEMBL4099046,COc1ccc(CCNc2nc(NC(N)=O)nc3ccccc23)cc1OC,8700.0,intermediate,367.4090000000001,2.792200000000001,3.0,6.0
CHEMBL4070380,NC(=O)Nc1nc(NCCc2ccccc2)c2ccccc2n1,7900.0,intermediate,307.357,2.7750000000000012,3.0,4.0
CHEMBL4091317,COc1ccc(CNc2nc(NC(C)=O)nc3ccccc23)cc1OC,8500.0,intermediate,352.3940000000001,3.217500000000001,2.0,6.0
CHEMBL4061746,CC(=O)Nc1nc(NCc2ccccc2)c2ccccc2n1,7500.0,intermediate,292.34200000000004,3.2003000000000013,2.0,4.0
CHEMBL4083524,CCCNc1nc(NCc2ccc(OC)c(OC)c2)c2ccccc2n1,5600.0,intermediate,352.43800000000005,4.081000000000003,2.0,6.0
CHEMBL4097374,COc1ccc(CNc2nc(NC3CC3)nc3ccccc23)cc1OC,7200.0,intermediate,350.4220000000001,3.833400000000002,2.0,6.0
CHEMBL4079345,CCNc1nc(NCc2ccccc2)c2ccccc2n1,7500.0,intermediate,278.35900000000004,3.673700000000002,2.0,4.0
CHEMBL4105088,CCCNc1nc(NCc2ccccc2)c2ccccc2n1,7800.0,intermediate,292.3860000000001,4.063800000000002,2.0,4.0
CHEMBL3262251,CC(C)Nc1nc(NCc2ccccc2)c2ccccc2n1,6400.0,intermediate,292.3860000000001,4.0622000000000025,2.0,4.0
CHEMBL4067481,c1ccc(CNc2nc(NC3CC3)nc3ccccc23)cc1,6600.0,intermediate,290.37,3.816200000000002,2.0,4.0
CHEMBL4094911,CNc1nc(NCCc2ccc(OC)c(OC)c2)c2ccccc2n1,8500.0,intermediate,338.41100000000006,3.343300000000002,2.0,6.0
CHEMBL4078382,CCNc1nc(NCCc2ccc(OC)c(OC)c2)c2ccccc2n1,7500.0,intermediate,352.43800000000005,3.7334000000000023,2.0,6.0
CHEMBL4102655,CCCNc1nc(NCCc2ccc(OC)c(OC)c2)c2ccccc2n1,7000.0,intermediate,366.4650000000001,4.1235000000000035,2.0,6.0
CHEMBL4086248,COc1ccc(CCNc2nc(NC3CC3)nc3ccccc23)cc1OC,7200.0,intermediate,364.4490000000001,3.8759000000000023,2.0,6.0
CHEMBL4064773,CNc1nc(NCCc2ccccc2)c2ccccc2n1,8700.0,intermediate,278.35900000000004,3.326100000000002,2.0,4.0
CHEMBL4061837,CCNc1nc(NCCc2ccccc2)c2ccccc2n1,7600.0,intermediate,292.3860000000001,3.7162000000000024,2.0,4.0
CHEMBL4083601,CCCNc1nc(NCCc2ccccc2)c2ccccc2n1,7200.0,intermediate,306.41300000000007,4.106300000000003,2.0,4.0
CHEMBL4070462,CC(C)Nc1nc(NCCc2ccccc2)c2ccccc2n1,7200.0,intermediate,306.41300000000007,4.104700000000002,2.0,4.0
CHEMBL4091385,c1ccc(CCNc2nc(NC3CC3)nc3ccccc23)cc1,8600.0,intermediate,304.39700000000005,3.8587000000000016,2.0,4.0
CHEMBL4100046,COc1ccc(CNc2nc(CC(N)=O)nc3ccccc23)cc1OC,7400.0,intermediate,352.39400000000006,2.2869,2.0,6.0
CHEMBL4073193,NC(=O)Cc1nc(NCc2ccccc2)c2ccccc2n1,7200.0,intermediate,292.34200000000004,2.2696999999999994,2.0,4.0
CHEMBL4096673,COc1ccc(CCNc2nc(CC(N)=O)nc3ccccc23)cc1OC,12500.0,inactive,366.4210000000001,2.3293999999999997,2.0,6.0
CHEMBL4069444,NC(=O)Cc1nc(NCCc2ccccc2)c2ccccc2n1,7300.0,intermediate,306.369,2.3122,2.0,4.0
CHEMBL4060016,COc1ccc(CCNc2nc(NC(C)=O)nc3ccccc23)cc1OC,7400.0,intermediate,366.4210000000001,3.2600000000000016,2.0,6.0
CHEMBL4085114,CC(=O)Nc1nc(NCCc2ccccc2)c2ccccc2n1,7000.0,intermediate,306.369,3.2428000000000017,2.0,4.0
CHEMBL4098421,CNc1nc(NCc2ccc(OC)c(OC)c2)c2ccccc2n1,7300.0,intermediate,324.384,3.3008000000000015,2.0,6.0
CHEMBL4077088,CCNc1nc(NCc2ccc(OC)c(OC)c2)c2ccccc2n1,6300.0,intermediate,338.41100000000006,3.6909000000000027,2.0,6.0
CHEMBL4099790,COc1ccc(CNc2nc(NC(C)C)nc3ccccc23)cc1OC,6800.0,intermediate,352.4380000000001,4.079400000000002,2.0,6.0
CHEMBL1626455,CNc1nc(NCc2ccccc2)c2ccccc2n1,8000.0,intermediate,264.332,3.2836000000000016,2.0,4.0
CHEMBL4095445,COc1ccc(CCNc2nc(NC(C)C)nc3ccccc23)cc1OC,7600.0,intermediate,366.46500000000015,4.121900000000003,2.0,6.0
CHEMBL2337271,COc1cc2c(cc1OC)C(=O)C(CC1CCN(Cc3ccccc3)CC1)C2.Cl.O,30.0,active,433.9760000000002,3.9582000000000055,0.0,4.0
CHEMBL1201092,CCN(C)C(=O)Oc1cccc([C@H](C)N(C)C)c1.O=C(O)[C@H](O)[C@@H](O)C(=O)O,6500.0,intermediate,400.4280000000001,0.6371000000000009,4.0,7.0
CHEMBL4060617,O=C(CCCC1CCSS1)NCCCNc1c2c(nc3cc(Cl)ccc13)CCCC2,253.0,active,464.1000000000003,6.009200000000005,2.0,5.0
CHEMBL4081795,Oc1cc(O)cc(/C=C/c2ccc(Nc3c4c(nc5cc(Cl)ccc35)CCCC4)cc2)c1,8800.0,intermediate,442.9460000000002,7.092200000000006,3.0,4.0
CHEMBL4066309,Oc1cc(O)cc(CCc2ccc(Nc3c4c(nc5cc(Cl)ccc35)CCCC4)cc2)c1,1300.0,intermediate,444.9620000000003,6.707000000000005,3.0,4.0
CHEMBL4093419,COc1cc(CCc2ccc(Nc3c4c(nc5ccccc35)CCCC4)cc2)cc(OC)c1,14200.0,inactive,438.5710000000003,6.659600000000006,1.0,4.0
CHEMBL4083174,COc1cc(CCc2ccc(Nc3c4c(nc5cc(Cl)ccc35)CCCC4)cc2)cc(OC)c1,800.0,active,473.0160000000003,7.313000000000006,1.0,4.0
CHEMBL521589,CN(C)C(=O)Oc1cc(OC(=O)N(C)C)cc(C(O)CNC(C)(C)C)c1,10000.0,inactive,367.4460000000001,2.2288999999999994,2.0,6.0
CHEMBL4096024,CCC(C)(C)NCC(O)c1cc(OC(=O)N(C)C)cc(OC(=O)N(C)C)c1.Cl,10000.0,inactive,417.93400000000014,3.040800000000002,2.0,6.0
CHEMBL4098455,CCN(C)C(=O)Oc1cc(OC(=O)N(C)CC)cc(C(O)CNC(C)(C)CC)c1.Cl,10000.0,inactive,445.9880000000001,3.821000000000003,2.0,6.0
CHEMBL4099598,N#CC1=C(N)N2CCNC2=C([N+](=O)[O-])C12c1ccccc1-c1nc3ccccc3nc12,6400.0,intermediate,409.40900000000016,1.9547800000000002,2.0,8.0
CHEMBL4062146,Cc1cc2nc3c(nc2cc1C)C1(C(C#N)=C(N)N2CCNC2=C1[N+](=O)[O-])c1ccccc1-3,6600.0,intermediate,437.46300000000025,2.571620000000001,2.0,8.0
CHEMBL4083875,N#CC1=C(N)N2CCNC2=C([N+](=O)[O-])C12c1ccccc1-c1nc3ccc([N+](=O)[O-])cc3nc12,6500.0,intermediate,454.40600000000023,1.86298,2.0,10.0
CHEMBL4070769,N#CC1=C(N)N2CCCNC2=C([N+](=O)[O-])C12c1ccccc1-c1nc3ccccc3nc12,4200.0,intermediate,423.43600000000015,2.3448800000000007,2.0,8.0
CHEMBL4091651,Cc1cc2nc3c(nc2cc1C)C1(C(C#N)=C(N)N2CCCNC2=C1[N+](=O)[O-])c1ccccc1-3,5700.0,intermediate,451.4900000000003,2.9617200000000006,2.0,8.0
CHEMBL4092602,N#CC1=C(N)N2CCCNC2=C([N+](=O)[O-])C12c1ccccc1-c1nc3ccc([N+](=O)[O-])cc3nc12,3900.0,intermediate,468.4330000000002,2.2530800000000006,2.0,10.0
CHEMBL4064904,CC1(C)CNC2=C([N+](=O)[O-])C3(C(C#N)=C(N)N2C1)c1ccccc1-c1nc2ccccc2nc13,4300.0,intermediate,451.4900000000001,2.9809800000000006,2.0,8.0
CHEMBL4100338,Cc1cc2nc3c(nc2cc1C)C1(C(C#N)=C(N)N2CC(C)(C)CNC2=C1[N+](=O)[O-])c1ccccc1-3,4000.0,intermediate,479.5440000000003,3.5978200000000022,2.0,8.0
CHEMBL4073501,CC1(C)CNC2=C([N+](=O)[O-])C3(C(C#N)=C(N)N2C1)c1ccccc1-c1nc2ccc([N+](=O)[O-])cc2nc13,3600.0,intermediate,496.4870000000002,2.8891800000000005,2.0,10.0
CHEMBL4074566,N#CC1=C(N)N(Cc2ccccc2)C(NCc2ccccc2)=C([N+](=O)[O-])C12c1ccccc1-c1nc3ccccc3nc12,5300.0,intermediate,563.6210000000002,5.341580000000004,2.0,8.0
CHEMBL4095032,Cc1cc2nc3c(nc2cc1C)C1(C(C#N)=C(N)N(Cc2ccccc2)C(NCc2ccccc2)=C1[N+](=O)[O-])c1ccccc1-3,5800.0,intermediate,591.6750000000002,5.958420000000006,2.0,8.0
CHEMBL4060800,N#CC1=C(N)N(Cc2ccccc2)C(NCc2ccccc2)=C([N+](=O)[O-])C12c1ccccc1-c1nc3ccc([N+](=O)[O-])cc3nc12,4400.0,intermediate,608.6180000000002,5.249780000000004,2.0,10.0
CHEMBL4085222,COc1cc(/C=C/C(=O)N2CCC(Cc3ccccc3)CC2)ccc1OCCCCN1CCc2ccccc2C1,3820.0,intermediate,538.7320000000003,6.407000000000008,0.0,4.0
CHEMBL4092048,COc1cc2c(cc1OC)C(=O)C(Cc1cc[n+](Cc3cccc(Cl)c3)cc1C(N)=O)C2.[Br-],41.0,active,531.8340000000002,0.39360000000000117,1.0,4.0
CHEMBL4061527,COc1cc2c(cc1OC)C(=O)C(CC1C=CN(Cc3ccccc3C)C=C1C(C)=O)C2,428.0,active,431.53200000000027,4.875920000000005,0.0,5.0
CHEMBL4081776,CC(=O)C1=CN(Cc2ccccc2C)C=CC1CC1Cc2cc3c(cc2C1=O)OCO3,1000.0,active,415.48900000000026,4.587420000000004,0.0,5.0
CHEMBL4099794,COc1ccc2c(c1)CC(CC1C=CN(Cc3ccccc3C)C=C1C(C)=O)C2=O,1000.0,active,401.5060000000002,4.867320000000005,0.0,4.0
CHEMBL4105085,CC(=O)C1=CN(Cc2ccccc2C)C=CC1CC1Cc2cc(C)c(C)cc2C1=O,653.0,active,399.5340000000002,5.475560000000006,0.0,3.0
CHEMBL4083445,CC(=O)C1=CN(Cc2ccccc2C)C=CC1CC1Cc2cc(C)ccc2C1=O,1000.0,active,385.5070000000002,5.167140000000005,0.0,3.0
CHEMBL4093567,CC(=O)C1=CN(Cc2ccccc2C)C=CC1CC1Cc2cc(Cl)ccc2C1=O,1000.0,active,405.9250000000002,5.512120000000006,0.0,3.0
CHEMBL4072865,COc1cc2c(cc1OC)C(=O)C(CC1C=CN(Cc3ccccc3C)C=C1C(N)=O)C2,1000.0,active,432.52000000000027,3.7722200000000026,1.0,5.0
CHEMBL4101303,COc1cc2c(cc1OC)C(=O)C(CC1C=CN(Cc3cccc(Cl)c3)C=C1C(N)=O)C2,1000.0,active,452.9380000000002,4.117200000000003,1.0,5.0
CHEMBL4076930,COc1cc2c(cc1OC)C(=O)C(Cc1cc[n+](Cc3ccccc3C)cc1C(N)=O)C2.[Br-],678.0,active,511.4160000000002,0.048620000000001995,1.0,4.0
CHEMBL4095535,COC(=O)c1c[n+](Cc2ccccc2C)ccc1CC1Cc2cc(OC)c(OC)cc2C1=O.[Br-],5.8,active,526.4270000000004,0.7363200000000012,0.0,5.0
CHEMBL4068149,COC(=O)c1c[n+](Cc2ccccc2)ccc1CC1Cc2cc(OC)c(OC)cc2C1=O.[Br-],25.6,active,512.4000000000003,0.42790000000000106,0.0,5.0
CHEMBL4092123,CNC(=O)c1c[n+](Cc2ccccc2C)ccc1CC1Cc2cc(OC)c(OC)cc2C1=O.[Br-],1000.0,active,525.4430000000002,0.3093200000000016,1.0,4.0
CHEMBL4064413,CNC(=O)c1c[n+](Cc2ccccc2)ccc1CC1Cc2cc(OC)c(OC)cc2C1=O.[Br-],1000.0,active,511.4160000000003,0.0009000000000012331,1.0,4.0
CHEMBL4099873,CC(=O)c1c[n+](Cc2ccccc2C)ccc1CC1Cc2cc(Cl)ccc2C1=O.[Br-],262.0,active,484.82100000000014,1.7885199999999999,0.0,2.0
CHEMBL4072999,CC(=O)c1c[n+](Cc2ccccc2C)ccc1CC1Cc2cc(C)ccc2C1=O.[Br-],91.0,active,464.4030000000002,1.44354,0.0,2.0
CHEMBL4074062,CC(=O)c1c[n+](Cc2ccccc2C)ccc1CC1Cc2cc(C)c(C)cc2C1=O.[Br-],27.7,active,478.43000000000023,1.75196,0.0,2.0
CHEMBL4094591,COc1ccc2c(c1)CC(Cc1cc[n+](Cc3ccccc3C)cc1C(C)=O)C2=O.[Br-],30.0,active,480.40200000000016,1.14372,0.0,3.0
CHEMBL4084371,CC(=O)c1c[n+](Cc2ccccc2C)ccc1CC1Cc2cc3c(cc2C1=O)OCO3.[Br-],60.0,active,494.3850000000003,0.86382,0.0,4.0
CHEMBL4102333,COc1cc2c(cc1OC)C(=O)C(Cc1cc[n+](Cc3cccc(Cl)c3)cc1C(C)=O)C2.[Br-],3.27,active,530.8460000000002,1.4973,0.0,4.0
CHEMBL4066548,COc1cc2c(cc1OC)C(=O)C(Cc1cc[n+](Cc3ccccc3Cl)cc1C(C)=O)C2.[Br-],18.0,active,530.8460000000002,1.4973,0.0,4.0
CHEMBL4094081,COc1cc2c(cc1OC)C(=O)C(Cc1cc[n+](Cc3cccc(C)c3)cc1C(C)=O)C2.[Br-],14.0,active,510.4280000000002,1.15232,0.0,4.0
CHEMBL4081915,COc1cc2c(cc1OC)C(=O)C(Cc1cc[n+](Cc3ccccc3C)cc1C(C)=O)C2.[Br-],8.8,active,510.4280000000002,1.15232,0.0,4.0
CHEMBL4060011,COc1cc2c(cc1OC)C(=O)C(Cc1cc[n+](Cc3ccccc3)cc1C(C)=O)C2.[Br-],18.0,active,496.4010000000002,0.8439000000000005,0.0,4.0
CHEMBL4071377,COc1cc2c(cc1OC)C(=O)C(Cc1cc[n+](Cc3ccccc3)cc1C#N)C2.[Br-],2.92,active,479.37400000000014,0.5129800000000004,0.0,4.0
CHEMBL4098418,COc1cc2c(cc1OC)C(=O)C(Cc1cc[n+](Cc3ccccc3)cc1)C2.[Br-],36.5,active,454.3640000000001,0.6413000000000006,0.0,3.0
CHEMBL4083306,COC(=O)C1=CN(C)c2cccc(OC(=O)N(C)C)c2C1,1000000.0,inactive,290.3190000000001,1.7962,0.0,5.0
CHEMBL4077952,COC(=O)c1cc2c(OC(=O)N(C)C)cccc2[n+](C)c1,20.0,active,289.31100000000004,1.5112999999999999,0.0,4.0
CHEMBL4076034,COc1ccc(CNc2c3c(nc4ccccc24)CCCC3)cc1OC,2200.0,intermediate,348.4460000000002,4.742900000000004,1.0,4.0
CHEMBL4070182,COc1ccc(CNc2c3c(nc4cc(Cl)ccc24)CCCC3)cc1OC,800.0,active,382.89100000000025,5.3963000000000045,1.0,4.0
CHEMBL4091851,COc1ccc(CCNc2c3c(nc4cc(Cl)ccc24)CCCC3)cc1OC,600.0,active,396.9180000000003,5.438800000000005,1.0,4.0
CHEMBL4075061,Clc1ccc2c(NCc3ccccn3)c3c(nc2c1)CCCC3,90.0,active,323.82700000000017,4.774100000000003,1.0,3.0
CHEMBL4066365,CCO[P@](=O)(SCC)c1ccccc1,8000.0,intermediate,230.269,3.2946000000000017,0.0,3.0
CHEMBL4093928,CCO[P@@](=O)(SCC)c1ccccc1,150000.0,inactive,230.269,3.2946000000000017,0.0,3.0
CHEMBL4097266,CSP(C)(=O)OC(C)C(C)(C)C,720000.0,inactive,210.279,3.6235000000000026,0.0,3.0
CHEMBL4072457,CSP(C)(=O)OC1CCCCC1,70000.0,inactive,208.26299999999995,3.521600000000002,0.0,3.0
CHEMBL23838,CCOP(=O)(OCC)Oc1ccc([N+](=O)[O-])cc1,10.0,active,275.197,3.154700000000002,0.0,6.0
CHEMBL4060832,CN1CC2C(=O)N(Cc3ccccc3)C(=O)C2C12C(=O)c1ccccc1C2=O,41160.0,inactive,374.39600000000013,1.5511999999999995,0.0,5.0
CHEMBL4089033,CN1CC2C(=O)N(C3CCCCC3)C(=O)C2C12C(=O)c1ccccc1C2=O,4120.0,intermediate,366.4170000000001,1.683699999999999,0.0,5.0
CHEMBL4088091,CN1C(=O)C2CN(C)C3(C(=O)c4ccccc4C3=O)C2C1=O,2100.0,intermediate,298.29800000000006,-0.019200000000000772,0.0,5.0
CHEMBL4066805,COc1ccccc1N1C(=O)C2CN(C)C3(C(=O)c4ccccc4C3=O)C2C1=O,11120.0,inactive,390.3950000000001,1.5642,0.0,6.0
CHEMBL4080216,CN1CC2C(=O)N(c3cccc(F)c3)C(=O)C2C12C(=O)c1ccccc1C2=O,80110.0,inactive,378.35900000000015,1.6947,0.0,5.0
CHEMBL4104459,CN1CC2C(=O)N(c3ccc([N+](=O)[O-])cc3)C(=O)C2C12C(=O)c1ccccc1C2=O,6600.0,intermediate,405.36600000000016,1.4638,0.0,7.0
CHEMBL4072825,COc1ccc(N2C(=O)C3CN(C)C4(C(=O)c5ccccc5C4=O)C3C2=O)cc1,780.0,active,390.3950000000001,1.5642,0.0,6.0
CHEMBL4093532,CC(C)c1ccc(N2C(=O)C3CN(C)C4(C(=O)c5ccccc5C4=O)C3C2=O)cc1,12240.0,inactive,402.4500000000001,2.679000000000001,0.0,5.0
CHEMBL4069096,CCc1ccc(N2C(=O)C3CN(C)C4(C(=O)c5ccccc5C4=O)C3C2=O)cc1,44560.0,inactive,388.4230000000001,2.1180000000000003,0.0,5.0
CHEMBL4090159,Cc1ccc(N2C(=O)C3CN(C)C4(C(=O)c5ccccc5C4=O)C3C2=O)cc1,7340.0,intermediate,374.39600000000013,1.86402,0.0,5.0
CHEMBL4079853,CN1CC2C(=O)N(c3ccccc3)C(=O)C2C12C(=O)c1ccccc1C2=O,69800.0,inactive,360.36900000000014,1.5556,0.0,5.0
CHEMBL4097877,CN1CC2C(=O)N(c3ccc(Br)cc3)C(=O)C2C12C(=O)c1ccccc1C2=O,73320.0,inactive,439.2650000000002,2.3181000000000003,0.0,5.0
CHEMBL4098808,CN1CC2C(=O)N(c3ccc(Cl)cc3)C(=O)C2C12C(=O)c1ccccc1C2=O,27860.0,inactive,394.8140000000002,2.2089999999999996,0.0,5.0
CHEMBL4071803,CN1CC2C(=O)N(c3ccc(F)cc3)C(=O)C2C12C(=O)c1ccccc1C2=O,50120.0,inactive,378.35900000000015,1.6947,0.0,5.0
CHEMBL4085482,CCOc1ccc(Cc2nc3cc(C(=O)N(CC)CC)ccc3n2CCCCN2CCCCC2)cc1,60100.0,inactive,490.6920000000004,5.7739000000000065,0.0,4.0
CHEMBL4082785,CCOc1ccc(Cc2nc3cc(C(=O)N(CC)CC)ccc3n2CCCCCCN2CCCCC2)cc1,20000.0,inactive,518.7460000000005,6.554100000000008,0.0,4.0
CHEMBL4072478,COc1ccc2nc3c(c(NCCCCCCCNC(=S)NC45CC6CC(CC(C6)C4)C5)c2c1)CCCC3,3470.0,intermediate,534.8140000000002,6.9175000000000075,3.0,4.0
CHEMBL4101886,c1ccc(CNc2c3c(nc4ccccc24)CCCC3)nc1,6700.0,intermediate,289.382,4.120700000000002,1.0,3.0
CHEMBL4068410,CC(C)c1ccc(NC(=O)Oc2ccc3c(c2)[C@]2(C)CCC(C)[C@@H]2C3C)cc1,760.0,active,377.52800000000013,6.841800000000006,1.0,2.0
CHEMBL4095755,CC1CC[C@@]2(C)c3cc(OC(=O)Nc4ccccc4)ccc3C(C)[C@@H]12,22.0,active,335.44700000000006,5.718400000000004,1.0,2.0
CHEMBL4090842,COc1ccc(CN(CC(=O)NC(C)C)C(=O)CCCCCn2ccnc2/C=N/O)cc1,1000000.0,inactive,443.54800000000023,2.8136,2.0,6.0
CHEMBL4069847,CCCCN(CC(=O)NC(C)C)C(=O)CCCCCn1ccnc1/C=N/O,1000000.0,inactive,379.505,2.4048999999999996,2.0,5.0
CHEMBL4063984,COc1ccc(CN(CC(=O)NCc2ccccc2)C(=O)CCCCCn2ccnc2/C=N/O)cc1,180000.0,inactive,491.5920000000003,3.605400000000002,2.0,6.0
CHEMBL4091748,CCCCN(CC(=O)NCc1ccccc1)C(=O)CCCCCn1ccnc1/C=N/O,1000000.0,inactive,427.54900000000026,3.1967000000000017,2.0,5.0
CHEMBL4072579,COCCN(CC(=O)NCc1ccccc1)C(=O)CCCCCn1ccnc1/C=N/O,1000000.0,inactive,429.52100000000024,2.0429999999999997,2.0,6.0
CHEMBL4099486,COCCN(CC(=O)NC(C)C)C(=O)CCCCCn1ccnc1/C=N/O,1000000.0,inactive,381.47700000000003,1.2512000000000019,2.0,6.0
CHEMBL4068829,COc1ccc(CN(CC(=O)NC(C)C)C(=O)CCCCCn2cc[n+](C)c2/C=N\O)cc1.[I-],1000000.0,inactive,585.4870000000003,-0.7528999999999952,2.0,5.0
CHEMBL4096126,CCCCN(CC(=O)NC(C)C)C(=O)CCCCCn1cc[n+](C)c1/C=N\O.[I-],1000000.0,inactive,521.444,-1.1615999999999942,2.0,4.0
CHEMBL4059560,COc1ccc(CN(CC(=O)NCc2ccccc2)C(=O)CCCCCn2cc[n+](C)c2/C=N\O)cc1.[I-],1000000.0,inactive,633.5310000000004,0.038900000000003765,2.0,5.0
CHEMBL4081509,CCCCN(CC(=O)NCc1ccccc1)C(=O)CCCCCn1cc[n+](C)c1/C=N\O.[I-],50000.0,inactive,569.4880000000003,-0.3697999999999952,2.0,4.0
CHEMBL4098703,COc1cc2c(cc1OC)C(=O)/C(=C/c1cc[n+](Cc3ccccc3)cc1)C2.[Br-],3.4,active,452.34800000000007,0.8659999999999997,0.0,3.0
CHEMBL4076580,COc1cc2c(cc1OC)C(=O)/C(=C/c1cc[n+](Cc3ccccc3F)cc1)C2.[Br-],0.8,active,470.3380000000001,1.0050999999999997,0.0,3.0
CHEMBL4095035,COc1cc2c(cc1OC)C(=O)/C(=C/c1cc[n+](Cc3cccc(F)c3)cc1)C2.[Br-],2.9,active,470.3380000000001,1.0050999999999997,0.0,3.0
CHEMBL4073287,COc1cc2c(cc1OC)C(=O)/C(=C/c1cc[n+](Cc3ccc(F)cc3)cc1)C2.[Br-],4.1,active,470.3380000000001,1.0050999999999997,0.0,3.0
CHEMBL4099391,COc1cc2c(cc1OC)C(=O)/C(=C/c1cc[n+](Cc3ccccc3C)cc1)C2.[Br-],5.8,active,466.3750000000001,1.1744199999999998,0.0,3.0
CHEMBL4084842,COc1cc2c(cc1OC)C(=O)/C(=C/c1cc[n+](Cc3cccc(C)c3)cc1)C2.[Br-],4.0,active,466.3750000000001,1.1744199999999998,0.0,3.0
CHEMBL4076986,COc1cc2c(cc1OC)C(=O)/C(=C/c1cc[n+](Cc3ccc(C)cc3)cc1)C2.[Br-],18.6,active,466.3750000000001,1.1744199999999998,0.0,3.0
CHEMBL4063583,COc1cc2c(cc1OC)C(=O)/C(=C/c1cc[n+](Cc3ccccc3Br)cc1)C2.[Br-],3.8,active,531.2440000000001,1.6284999999999996,0.0,3.0
CHEMBL4082048,COc1cc2c(cc1OC)C(=O)/C(=C/c1cc[n+](Cc3cccc(Br)c3)cc1)C2.[Br-],5.2,active,531.2440000000001,1.6284999999999996,0.0,3.0
CHEMBL4083039,COc1cc2c(cc1OC)C(=O)/C(=C/c1cc[n+](Cc3ccc(Br)cc3)cc1)C2.[Br-],69.7,active,531.2440000000001,1.6284999999999996,0.0,3.0
CHEMBL4101018,COc1cc2c(cc1OC)C(=O)/C(=C/c1cc[n+](Cc3cccc([N+](=O)[O-])c3)cc1)C2.[Br-],3.6,active,497.34500000000014,0.7741999999999996,0.0,5.0
CHEMBL4070471,COc1cc2c(cc1OC)C(=O)/C(=C/c1cc[n+](Cc3ccc([N+](=O)[O-])cc3)cc1)C2.[Br-],59.5,active,497.34500000000014,0.7741999999999996,0.0,5.0
CHEMBL1340607,COc1ccc(NC(S)=NCCN2CCC(C)CC2)cc1Cl,12000.0,inactive,341.908,3.7782000000000027,2.0,3.0
CHEMBL1482486,COc1ccc(NC(S)=NCCN2CCC(C)CC2)cc1,200000.0,inactive,307.463,3.1248000000000014,2.0,3.0
CHEMBL4081932,CC1CCN(CCNC(=S)Nc2cccc(Cl)c2)CC1,200000.0,inactive,311.8820000000001,3.3583000000000016,2.0,2.0
CHEMBL4099934,COc1ccc(NC(=S)NCCN2CCCCC2)cc1,120000.0,inactive,293.436,2.4675000000000002,2.0,3.0
CHEMBL4071394,S=C(NCCN1CCCCC1)Nc1cccc(Cl)c1,190000.0,inactive,297.855,3.112300000000001,2.0,2.0
CHEMBL4092186,COc1ccc(NC(=S)NCCN2CCOCC2)cc1Cl,14000.0,inactive,329.85299999999995,1.9671999999999994,2.0,4.0
CHEMBL1543212,COc1ccc(NC(S)=NCCN2CCOCC2)cc1,200000.0,inactive,295.40799999999996,1.7250999999999999,2.0,4.0
CHEMBL1416246,S=C(NCCN1CCOCC1)Nc1cccc(Cl)c1,200000.0,inactive,299.827,1.9585999999999995,2.0,3.0
CHEMBL4095547,COc1cc(NC(=S)NCCN2CCOCC2)ccc1Cl,200000.0,inactive,329.85299999999995,1.9671999999999994,2.0,4.0
CHEMBL4075136,COc1ccc(NC(=S)NCCN(C)C)cc1Cl,46000.0,inactive,287.816,2.1966,2.0,3.0
CHEMBL4087841,COc1ccc(NC(=S)NCCN(C)C)cc1,200000.0,inactive,253.37099999999998,1.5431999999999997,2.0,3.0
CHEMBL1301463,CN(C)CCN=C(S)Nc1cccc(Cl)c1,140000.0,inactive,257.79,2.5993000000000004,2.0,2.0
CHEMBL4079963,NS(=O)(=O)c1ccc(NC(=S)NCCN2CCCCC2)cc1,90000.0,inactive,342.4900000000002,1.1062999999999994,3.0,4.0
CHEMBL4104206,FC(F)(F)c1ccc(NC(=S)NCCN2CCCCC2)cc1,200000.0,inactive,331.40700000000015,3.4777000000000022,2.0,2.0
CHEMBL4092142,NS(=O)(=O)c1ccc(NC(=S)NCCN2CCOCC2)cc1,200000.0,inactive,344.46200000000016,-0.04740000000000011,3.0,5.0
CHEMBL179218,CN(C)CC/N=C(/S)Nc1ccc(S(N)(=O)=O)cc1,200000.0,inactive,302.42500000000007,0.5932999999999999,3.0,4.0
CHEMBL4064806,COc1ccccc1NC(=S)NCCN(C)C,120000.0,inactive,253.37099999999998,1.5431999999999997,2.0,3.0
CHEMBL4100253,CN(C)CCNC(=S)Nc1ccccc1Cl.O=S(=O)(O)O,200000.0,inactive,355.8690000000001,1.5351999999999997,4.0,4.0
CHEMBL4073401,COc1ccccc1NC(=S)NCCN1CCCCC1.Cl,32000.0,inactive,329.8970000000001,2.8893000000000018,2.0,3.0
CHEMBL1311140,COc1ccccc1N=C(S)NCCN1CCOCC1,200000.0,inactive,295.4080000000001,1.5342999999999998,2.0,4.0
CHEMBL14577,C[n+]1ccccc1C=NO.[I-],995700.0,inactive,264.06600000000003,-2.6767999999999983,1.0,2.0
CHEMBL451635,O/N=C/c1cc[n+](COC[n+]2ccc(/C=N/O)cc2)cc1,2169000.0,inactive,288.307,0.5096,2.0,5.0
CHEMBL4068713,COc1cc2c(cc1OC)CN(Cc1cccc(/C=N/O)c1O)CC2,1265000.0,inactive,342.3950000000001,2.7758000000000003,2.0,6.0
CHEMBL4088294,COc1cc2c(cc1OC)CN(Cc1ccc(O)c(/C=N/O)c1)CC2,559300.0,inactive,342.3950000000001,2.775800000000001,2.0,6.0
CHEMBL4060058,COc1cc2c(cc1OC)CN(Cc1cc(C)cc(/C=N/O)c1O)CC2,1058000.0,inactive,356.4220000000001,3.084220000000001,2.0,6.0
CHEMBL4080917,COc1cc2c(cc1OC)CN(Cc1cc(Cl)cc(/C=N/O)c1O)CC2,1567000.0,inactive,376.8400000000001,3.4292000000000016,2.0,6.0
CHEMBL4104406,COc1cc2c(cc1OC)CN(Cc1cc(Br)cc(/C=N/O)c1O)CC2,956700.0,inactive,421.2910000000001,3.538300000000002,2.0,6.0
CHEMBL4062826,COc1cc2c(cc1OC)CN(Cc1cc(F)cc(/C=N/O)c1O)CC2,692500.0,inactive,360.3850000000001,2.914900000000001,2.0,6.0
CHEMBL4100057,COc1cc(/C=N/O)c(O)c(CN2CCc3cc(OC)c(OC)cc3C2)c1,1382000.0,inactive,372.42100000000016,2.7844000000000007,2.0,7.0
CHEMBL4073838,COc1cc2c(cc1OC)C(c1ccccc1)N(Cc1cccc(/C=N/O)c1O)CC2,907800.0,inactive,418.49300000000017,4.365200000000002,2.0,6.0
CHEMBL4100639,COc1cc2c(cc1OC)C(c1ccccc1)N(Cc1ccc(O)c(/C=N/O)c1)CC2,625600.0,inactive,418.49300000000017,4.365200000000002,2.0,6.0
CHEMBL4065242,COc1cc2c(cc1OC)C(c1ccccc1)N(Cc1cc(C)cc(/C=N/O)c1O)CC2,1124000.0,inactive,432.5200000000002,4.673620000000004,2.0,6.0
CHEMBL4092905,COc1cc2c(cc1OC)C(c1ccccc1)N(Cc1cc(Cl)cc(/C=N/O)c1O)CC2,1207000.0,inactive,452.93800000000016,5.0186000000000055,2.0,6.0
CHEMBL4091945,COc1cc2c(cc1OC)C(c1ccccc1)N(Cc1cc(Br)cc(/C=N/O)c1O)CC2,895800.0,inactive,497.3890000000002,5.127700000000005,2.0,6.0
CHEMBL4076907,COc1cc2c(cc1OC)C(c1ccccc1)N(Cc1cc(F)cc(/C=N/O)c1O)CC2,754700.0,inactive,436.4830000000002,4.504300000000004,2.0,6.0
CHEMBL4084189,COc1cc(/C=N/O)c(O)c(CN2CCc3cc(OC)c(OC)cc3C2c2ccccc2)c1,911300.0,inactive,448.5190000000002,4.373800000000004,2.0,7.0
CHEMBL4062487,COc1cc2c(cc1OC)CN(CC1CCN(Cc3cccc(/C=N/O)c3O)CC1)CC2,802400.0,inactive,439.5560000000002,3.487800000000002,2.0,7.0
CHEMBL4061404,COc1cc2c(cc1OC)CN(CC1CCN(Cc3ccc(O)c(/C=N/O)c3)CC1)CC2,393300.0,inactive,439.5560000000002,3.487800000000002,2.0,7.0
CHEMBL4089550,COc1cc2c(cc1OC)CN(CC1CCN(Cc3cc(C)cc(/C=N/O)c3O)CC1)CC2,417500.0,inactive,453.58300000000025,3.7962200000000026,2.0,7.0
CHEMBL4102122,COc1cc2c(cc1OC)CN(CC1CCN(Cc3cc(Cl)cc(/C=N/O)c3O)CC1)CC2,636700.0,inactive,474.00100000000026,4.141200000000003,2.0,7.0
CHEMBL4077866,COc1cc2c(cc1OC)CN(CC1CCN(Cc3cc(Br)cc(/C=N/O)c3O)CC1)CC2,568000.0,inactive,518.4520000000001,4.250300000000003,2.0,7.0
CHEMBL4064154,COc1cc2c(cc1OC)CN(CC1CCN(Cc3cc(F)cc(/C=N/O)c3O)CC1)CC2,658100.0,inactive,457.5460000000002,3.626900000000002,2.0,7.0
CHEMBL4085722,COc1cc(/C=N/O)c(O)c(CN2CCC(CN3CCc4cc(OC)c(OC)cc4C3)CC2)c1,847900.0,inactive,469.5820000000004,3.496400000000002,2.0,8.0
CHEMBL4086639,COc1cc2c(cc1OC)C(c1ccccc1)N(CC1CCN(Cc3cccc(/C=N/O)c3O)CC1)CC2,740400.0,inactive,515.6540000000003,5.077200000000005,2.0,7.0
CHEMBL4104534,COc1cc2c(cc1OC)C(c1ccccc1)N(CC1CCN(Cc3ccc(O)c(/C=N/O)c3)CC1)CC2,233700.0,inactive,515.6540000000003,5.077200000000005,2.0,7.0
CHEMBL4094380,COc1cc2c(cc1OC)C(c1ccccc1)N(CC1CCN(Cc3cc(C)cc(/C=N/O)c3O)CC1)CC2,524700.0,inactive,529.6810000000003,5.385620000000006,2.0,7.0
CHEMBL4066891,COc1cc2c(cc1OC)C(c1ccccc1)N(CC1CCN(Cc3cc(Cl)cc(/C=N/O)c3O)CC1)CC2,940800.0,inactive,550.0990000000002,5.730600000000006,2.0,7.0
CHEMBL4091001,COc1cc2c(cc1OC)C(c1ccccc1)N(CC1CCN(Cc3cc(Br)cc(/C=N/O)c3O)CC1)CC2,977400.0,inactive,594.55,5.839700000000007,2.0,7.0
CHEMBL4063109,COc1cc2c(cc1OC)C(c1ccccc1)N(CC1CCN(Cc3cc(F)cc(/C=N/O)c3O)CC1)CC2,684500.0,inactive,533.6440000000002,5.216300000000006,2.0,7.0
CHEMBL4064304,COc1cc(/C=N/O)c(O)c(CN2CCC(CN3CCc4cc(OC)c(OC)cc4C3c3ccccc3)CC2)c1,543400.0,inactive,545.6800000000002,5.085800000000005,2.0,8.0
CHEMBL4080800,Cc1ccc(C2c3ccccc3N(C)c3ccccc32)cc1,20000.0,inactive,285.39000000000004,5.2565200000000045,0.0,1.0
CHEMBL4094837,COc1ccc(C2c3ccccc3N(C)c3ccccc32)cc1,20000.0,inactive,301.389,4.956700000000004,0.0,2.0
CHEMBL4090498,C[n+]1c2ccccc2c(-c2ccccc2)c2ccccc21.F[B-](F)(F)F,61300.0,inactive,357.159,5.784500000000003,0.0,0.0
CHEMBL4069472,Cc1ccc(-c2c3ccccc3[n+](C)c3ccccc23)cc1.F[B-](F)(F)F,41500.0,inactive,371.186,6.092920000000003,0.0,0.0
CHEMBL4104952,C[n+]1c2ccccc2c(-c2ccc(N)cc2)c2ccccc21.F[B-](F)(F)F,7620.0,intermediate,372.174,5.3667000000000025,1.0,1.0
CHEMBL4080726,CCN(CC)c1ccc(-c2c3ccccc3[n+](C)c3ccccc23)cc1.F[B-](F)(F)F,25200.0,inactive,428.282,6.6307000000000045,0.0,1.0
CHEMBL4097249,C[n+]1c2ccccc2c(-c2ccc(NC(=O)C(F)(F)F)cc2)c2ccccc21.F[B-](F)(F)F,36500.0,inactive,468.18100000000004,6.285300000000004,1.0,1.0
CHEMBL4070057,CC(=O)Nc1ccc(-c2c3ccccc3[n+](C)c3ccccc23)cc1.F[B-](F)(F)F,54300.0,inactive,414.211,5.742900000000002,1.0,1.0
CHEMBL4078265,C[n+]1c2ccccc2c(-c2ccc(F)cc2)c2ccccc21.F[B-](F)(F)F,32300.0,inactive,375.149,5.923600000000004,0.0,0.0
CHEMBL4096311,COc1ccc(-c2c3ccccc3[n+](C)c3ccccc23)cc1.F[B-](F)(F)F,13700.0,inactive,387.185,5.793100000000003,0.0,1.0
CHEMBL4067342,C[n+]1c2ccccc2c(-c2cc(C(C)(C)C)cc(C(C)(C)C)c2O)c2ccccc21.F[B-](F)(F)F,20000.0,inactive,485.3740000000001,8.085100000000008,1.0,1.0
CHEMBL4088594,Cc1cc(-c2c3ccccc3[n+](C)c3ccccc23)cc(C)c1O.F[B-](F)(F)F,49800.0,inactive,401.21200000000005,6.106940000000004,1.0,1.0
CHEMBL4071110,Cc1cc(-c2c3ccccc3[n+](C)c3ccccc23)cc(C)c1C.F[B-](F)(F)F,60100.0,inactive,399.24000000000007,6.709760000000005,0.0,0.0
CHEMBL4091935,C[n+]1c2ccccc2c(-c2c(O)ccc3ccccc23)c2ccccc21.F[B-](F)(F)F,20000.0,inactive,423.2180000000001,6.643300000000004,1.0,1.0
CHEMBL4070092,C[n+]1c2ccccc2c(-c2cccs2)c2ccccc21.F[B-](F)(F)F,40900.0,inactive,363.188,5.846000000000004,0.0,1.0
CHEMBL4077169,CN1c2ccccc2C(N2CCOCC2)c2ccccc21,12300.0,inactive,280.3709999999999,3.1895000000000016,0.0,3.0
CHEMBL4065259,CN1c2ccccc2C(N2CCSCC2)c2ccccc21,11800.0,inactive,296.43899999999996,3.906100000000003,0.0,3.0
CHEMBL4075825,CN1c2ccccc2C(n2cncn2)c2ccccc21,18800.0,inactive,262.31600000000003,2.9971000000000014,0.0,3.0
CHEMBL4075624,CN1c2ccccc2C(n2cnc([N+](=O)[O-])n2)c2ccccc21,16700.0,inactive,307.313,2.9053000000000013,0.0,5.0
CHEMBL4088659,CN1c2ccccc2C(n2nnc3ccccc32)c2ccccc21,12400.0,inactive,312.37600000000003,4.150300000000003,0.0,3.0
CHEMBL4074993,CN1c2ccccc2C(n2c3ccccc3c3ccccc32)c2ccccc21,20000.0,inactive,360.4600000000001,6.513500000000006,0.0,1.0
CHEMBL4063635,C[n+]1c2ccccc2c(N)c2ccccc21.F[B-](F)(F)F,39500.0,inactive,296.07599999999996,3.6997000000000018,1.0,1.0
CHEMBL4083288,CCCCNc1c2ccccc2[n+](C)c2ccccc12.F[B-](F)(F)F,20000.0,inactive,352.18399999999997,5.329500000000004,1.0,1.0
CHEMBL4066908,CCN(CCCN1C(=O)c2ccccc2C1=O)Cc1ccccc1OC,4500.0,intermediate,352.4340000000001,3.203400000000002,0.0,4.0
CHEMBL4075667,C#CCN(CCCN1C(=O)c2ccccc2C1=O)Cc1ccccc1,1200.0,intermediate,332.403,2.8081000000000014,0.0,3.0
CHEMBL4091683,CCN(CCCCN1C(=O)c2ccccc2C1=O)Cc1ccccc1,680.0,active,336.4350000000001,3.584900000000003,0.0,3.0
CHEMBL4069776,CCN(CCCCN1C(=O)c2ccccc2C1=O)Cc1ccccc1OC,280.0,active,366.4610000000002,3.5935000000000024,0.0,4.0
CHEMBL4096963,CCN(CCCCCCN1C(=O)c2ccccc2C1=O)Cc1ccccc1,3700.0,intermediate,364.48900000000015,4.365100000000004,0.0,3.0
CHEMBL4089264,CCN(CCCCCCN1C(=O)c2ccccc2C1=O)Cc1ccccc1OC,590.0,active,394.5150000000002,4.373700000000004,0.0,4.0
CHEMBL887,C#CCN[C@@H]1CCc2ccccc21,19.0,active,171.243,1.8967,1.0,1.0
CHEMBL3425895,CCn1c2ccccc2c2cc(/C=C/c3ccc4ccccc4[n+]3C)ccc21.[I-],300.0,active,490.3880000000001,2.9665000000000026,0.0,0.0
CHEMBL3425894,C[n+]1c(/C=C/c2cc3ccccc3[nH]2)ccc2ccccc21.[I-],700.0,active,412.27400000000006,1.3199999999999994,1.0,0.0
CHEMBL3425893,C[n+]1c(/C=C/c2ccc(N3CCOCC3)cc2)ccc2ccccc21.[I-],2400.0,intermediate,458.34299999999996,0.6752999999999996,0.0,2.0
CHEMBL3425892,COc1cc(/C=C/c2ccc3ccccc3[n+]2C)ccc1N1CCOCC1.[I-],1900.0,intermediate,488.3690000000002,0.6839,0.0,3.0
CHEMBL3425889,C[n+]1c(/C=C/c2ccccc2)ccc2ccccc21.[I-],4300.0,intermediate,373.23699999999997,0.8386999999999993,0.0,0.0
CHEMBL1303143,C[n+]1c(/C=C/c2ccc(O)cc2)ccc2ccccc21.[I-],1800.0,intermediate,389.23600000000005,0.5442999999999996,1.0,1.0
CHEMBL3425881,COc1cc(/C=C/c2ccc3ccccc3[n+]2C)cc(OC)c1O.[I-],1700.0,intermediate,449.28800000000007,0.5614999999999994,1.0,3.0
CHEMBL3425891,COc1cc(/C=C/c2ccc3ccccc3[n+]2C)cc(OC)c1OC.[I-],1600.0,intermediate,463.3150000000001,0.8644999999999994,0.0,3.0
CHEMBL3425890,COc1cc(/C=C/c2ccc3ccccc3[n+]2C)ccc1F.[I-],2800.0,intermediate,421.253,0.9863999999999995,0.0,1.0
CHEMBL3425885,C[n+]1c(/C=C/c2cc([N+](=O)[O-])ccc2O)ccc2ccccc21.[I-],5000.0,intermediate,434.233,0.4524999999999993,1.0,3.0
CHEMBL1242180,CN(C)c1ccc(/C=C/c2ccc3ccccc3[n+]2C)cc1.[I-],500.0,active,416.306,0.9046999999999992,0.0,1.0
CHEMBL4061433,CCN(CC)c1ccc(/C=C/c2ccc3ccccc3[n+]2C)c(O)c1.[I-],1500.0,intermediate,460.3590000000001,1.3905,1.0,2.0
CHEMBL4097284,CCN(CC)c1ccc(/C=C/c2ccc3ccccc3[n+]2C)c(OC)c1.[I-],700.0,active,474.38600000000014,1.6935,0.0,2.0
CHEMBL4070093,CN1CCN(c2ccc(/C=C/c3ccc4ccccc4[n+]3C)cc2)CC1.[I-],1400.0,intermediate,471.38600000000014,0.5905,0.0,2.0
CHEMBL4093946,COc1cc(/C=C/c2ccc3ccccc3[n+]2C)ccc1N1CCN(C)CC1.[I-],2100.0,intermediate,501.4120000000002,0.5991000000000004,0.0,3.0
CHEMBL4066392,CCN(CC)c1ccc(/C=C/c2ccc3ccccc3[n+]2C)cc1.[I-],400.0,active,444.36000000000007,1.6848999999999998,0.0,1.0
CHEMBL4080358,CCN(CC)c1ccc(/C=C/c2ccc3ccccc3[n+]2C)c(Cl)c1.[I-],600.0,active,478.80500000000006,2.3383000000000003,0.0,1.0
CHEMBL4104589,C[n+]1c(/C=C/c2ccc(Cl)cc2)ccc2ccccc21.[I-],4400.0,intermediate,407.682,1.4921,0.0,0.0
CHEMBL597863,C[n+]1c(/C=C/c2ccc(F)cc2)ccc2ccccc21.[I-],2400.0,intermediate,391.22700000000003,0.9777999999999996,0.0,0.0
CHEMBL4096862,CCN(CC)c1ccc(/C=C/c2ccc3ccccc3[n+]2C)c(OC)n1.[I-],1000.0,active,475.37400000000014,1.0885000000000002,0.0,3.0
CHEMBL4060972,COc1ncccc1/C=C/c1ccc2ccccc2[n+]1C.[I-],5000.0,intermediate,404.25100000000003,0.2422999999999993,0.0,2.0
CHEMBL4089155,C[n+]1c(/C=C/c2cccnc2)ccc2ccccc21.[I-],5000.0,intermediate,374.225,0.23369999999999957,0.0,1.0
CHEMBL4099308,CN1CCN(c2cc(/C=C/c3ccc(N(C)C)cc3)[n+](C)c3ccccc23)CC1.[I-],5000.0,intermediate,514.4550000000002,0.6565000000000016,0.0,3.0
CHEMBL4086152,CCN(CC)c1ccc(/C=C/c2cc(N3CCN(C)CC3)c3ccccc3[n+]2C)c(O)c1.[I-],5000.0,intermediate,558.5080000000002,1.142300000000001,1.0,4.0
CHEMBL4065910,CCN(CC)c1ccc(/C=C/c2cc(N3CCN(C)CC3)c3ccccc3[n+]2C)c(OC)c1.[I-],5000.0,intermediate,572.5350000000002,1.4453000000000011,0.0,4.0
CHEMBL4093514,CN1CCN(c2ccc(/C=C/c3cc(N4CCN(C)CC4)c4ccccc4[n+]3C)cc2)CC1.[I-],2500.0,intermediate,569.5350000000003,0.34230000000000427,0.0,4.0
CHEMBL4086383,COc1cc(/C=C/c2cc(N3CCN(C)CC3)c3ccccc3[n+]2C)ccc1N1CCN(C)CC1.[I-],4200.0,intermediate,599.5610000000001,0.35090000000000376,0.0,5.0
CHEMBL4064920,CN(C)c1ccc(/C=C/c2cc(N3CCOCC3)c3ccccc3[n+]2C)cc1.[I-],5000.0,intermediate,501.412,0.741300000000001,0.0,3.0
CHEMBL4078528,CCN(CC)c1ccc(/C=C/c2cc(N3CCOCC3)c3ccccc3[n+]2C)c(O)c1.[I-],5000.0,intermediate,545.4650000000001,1.2271000000000003,1.0,4.0
CHEMBL4102810,CCN(CC)c1ccc(/C=C/c2cc(N3CCOCC3)c3ccccc3[n+]2C)c(OC)c1.[I-],5000.0,intermediate,559.4920000000002,1.5301000000000007,0.0,4.0
CHEMBL4067639,C[n+]1c(/C=C/c2cc3ccccc3[nH]2)cc(N2CCOCC2)c2ccccc21.[I-],4400.0,intermediate,497.38000000000017,1.1565999999999999,1.0,2.0
CHEMBL4095051,CCn1c2ccccc2c2cc(/C=C/c3cc(N4CCOCC4)c4ccccc4[n+]3C)ccc21.[I-],2300.0,intermediate,575.4940000000003,2.8031000000000015,0.0,2.0
CHEMBL4105221,CN(C)c1ccc(/C=C/c2cc(N3CCN(CCO)CC3)c3ccccc3[n+]2C)cc1.[I-],5000.0,intermediate,544.4810000000001,0.01900000000000257,1.0,4.0
CHEMBL4087364,CCN(CC)c1ccc(/C=C/c2cc(N3CCN(CCO)CC3)c3ccccc3[n+]2C)c(O)c1.[I-],5000.0,intermediate,588.5340000000002,0.5048000000000019,2.0,5.0
CHEMBL4072484,CCN(CC)c1ccc(/C=C/c2cc(N3CCN(CCO)CC3)c3ccccc3[n+]2C)c(OC)c1.[I-],5000.0,intermediate,602.5610000000003,0.8078000000000021,1.0,5.0
CHEMBL4099404,C[n+]1c(/C=C/c2cc3ccccc3[nH]2)cc(N2CCN(CCO)CC2)c2ccccc21.[I-],5000.0,intermediate,540.4490000000003,0.4343000000000006,2.0,3.0
CHEMBL4065374,COc1cc(/C=C/c2cc(N3CCN(CCO)CC3)c3ccccc3[n+]2C)cc(OC)c1O.[I-],5000.0,intermediate,577.4630000000002,-0.324199999999998,2.0,6.0
CHEMBL4086807,CCN(CC)c1ccc(/C=C/c2ccc3ccccc3n2)c(O)c1,5000.0,intermediate,318.4200000000001,4.957000000000005,1.0,3.0
CHEMBL140,COc1cc(/C=C/C(=O)CC(=O)/C=C/c2ccc(O)c(OC)c2)ccc1O,5000.0,intermediate,368.3850000000001,3.3699000000000026,2.0,6.0
CHEMBL165,Oc1ccc(/C=C/c2cc(O)cc(O)c2)cc1,5000.0,intermediate,228.247,2.9738000000000016,3.0,3.0
CHEMBL3425908,CCn1c2ccccc2c2cc(/C=C/c3ccc4ccccc4n3)ccc21,5000.0,intermediate,348.44900000000007,6.533000000000006,0.0,1.0
CHEMBL4079599,CCCCCCOC(=O)[C@@H](CCC(=O)NCCC1CCN(Cc2ccccc2)CC1)NC(=O)c1ccccc1,890.0,active,535.7290000000004,5.107200000000004,2.0,5.0
CHEMBL4071149,CCOC(=O)CC[C@H](NC(=O)OCc1ccccc1)C(=O)OCC,10000.0,inactive,337.3720000000001,2.1878,1.0,6.0
CHEMBL4094833,CCOC(=O)CC[C@@H](NC(=O)OCc1ccccc1)C(=O)OCC,10000.0,inactive,337.3720000000001,2.1878,1.0,6.0
CHEMBL4067388,CCOC(=O)CC[C@H](NC(=O)OCc1ccccc1)C(=O)NCCC1CCN(Cc2ccccc2)CC1,4990.0,intermediate,509.6470000000004,4.043200000000002,2.0,6.0
CHEMBL4102571,CCOC(=O)CC[C@@H](NC(=O)OCc1ccccc1)C(=O)NCCC1CCN(Cc2ccccc2)CC1,3000.0,intermediate,509.6470000000004,4.043200000000002,2.0,6.0
CHEMBL4078305,O=C(CC[C@H](NC(=O)c1ccccc1)C(=O)O)NCCC1CCN(Cc2ccccc2)CC1,760.0,active,451.5670000000004,3.0683000000000016,3.0,4.0
CHEMBL4064686,O=C(CC[C@@H](NC(=O)c1ccccc1)C(=O)O)NCCC1CCN(Cc2ccccc2)CC1,20000.0,inactive,451.5670000000004,3.0683000000000016,3.0,4.0
CHEMBL4086191,O=C(CC[C@H](NC(=O)c1c[nH]c2ccccc12)C(=O)O)NCCC1CCN(Cc2ccccc2)CC1,6400.0,intermediate,490.6040000000004,3.5496000000000016,4.0,4.0
CHEMBL4073273,COc1ccc2cc(C(=O)N[C@@H](CCC(=O)NCCC3CCN(Cc4ccccc4)CC3)C(=O)O)ccc2c1,15200.0,inactive,531.6530000000004,4.230100000000002,3.0,5.0
CHEMBL4093947,CCOC(=O)[C@H](CCC(=O)NCCC1CCN(Cc2ccccc2)CC1)NC(=O)c1ccccc1,850.0,active,479.62100000000015,3.5468,2.0,5.0
CHEMBL4059766,CCOC(=O)[C@@H](CCC(=O)NCCC1CCN(Cc2ccccc2)CC1)NC(=O)c1ccccc1,500.0,active,479.62100000000015,3.5468,2.0,5.0
CHEMBL4081699,CCOC(=O)[C@H](CCC(=O)NCCC1CCN(Cc2ccccc2)CC1)NC(=O)c1c[nH]c2ccccc12,1900.0,intermediate,518.6580000000001,4.028100000000001,3.0,5.0
CHEMBL4076207,CCCCCCOC(=O)[C@H](CCC(=O)NCCC1CCN(Cc2ccccc2)CC1)NC(=O)c1c[nH]c2ccccc12,3040.0,intermediate,574.7660000000003,5.588500000000005,3.0,5.0
CHEMBL4080691,CCOC(=O)[C@H](CCC(=O)NCCC1CCN(Cc2ccccc2)CC1)NC(=O)c1ccc2cc(OC)ccc2c1,890.0,active,559.7070000000002,4.708600000000003,2.0,6.0
CHEMBL4098654,CCN(CCCCNC(=O)COc1ccc(-c2cc(=O)c3c(OC)c(OC)c(OC)cc3o2)cc1)Cc1ccccc1OC,63.0,active,604.7000000000004,5.291700000000006,1.0,9.0
CHEMBL4068935,CCN(CCCCCCNC(=O)COc1ccc(-c2cc(=O)c3c(OC)c(OC)c(OC)cc3o2)cc1)Cc1ccccc1OC,1250.0,intermediate,632.7540000000002,6.0719000000000065,1.0,9.0
CHEMBL4100298,CCN(CCCCNC(=O)COc1ccc(-c2cc(=O)c3c(O)c(OC)c(OC)cc3o2)cc1)Cc1ccccc1OC,39.0,active,590.6730000000003,4.988700000000004,2.0,9.0
CHEMBL4092562,CCN(CCCCCCNC(=O)COc1ccc(-c2cc(=O)c3c(O)c(OC)c(OC)cc3o2)cc1)Cc1ccccc1OC,1370.0,intermediate,618.7270000000003,5.768900000000006,2.0,9.0
CHEMBL4100407,Cc1ccc2c(c1)C(=O)C(=O)N2C(=O)N(C)C,144.5,active,232.23899999999998,1.2059199999999999,0.0,3.0
CHEMBL4073582,Cc1ccc2c(c1)C(=O)C(=O)N2C(=O)c1ccccc1,1000.0,active,265.268,2.36472,0.0,3.0
CHEMBL4074655,Cc1ccc2c(c1)C(=O)C(=O)N2Cc1ccccc1[N+](=O)[O-],199.5,active,296.28200000000004,2.632720000000001,0.0,4.0
CHEMBL511921,Cc1ccc2c(c1)C(=O)C(=O)N2Cc1ccc(Br)cc1,204.17,active,330.181,3.487020000000002,0.0,2.0
CHEMBL4100935,O=C1C(=O)N(Cc2ccc(Br)cc2)c2ccc(Br)cc21,89.13,active,395.05,3.9411000000000014,0.0,2.0
CHEMBL4082959,O=C1C(=O)N(Cc2ccccc2[N+](=O)[O-])c2ccc(Br)cc21,263.0,active,361.151,3.086800000000001,0.0,4.0
CHEMBL4062800,COc1ccc(NCc2ccc3c(c2)C(=O)C(=O)N3C(=O)c2ccccc2)cc1,169.8,active,386.4070000000001,3.6770000000000023,1.0,5.0
CHEMBL4090751,O=C1C(=O)N(C(=O)c2ccccc2)c2ccc(CNc3ccc(Br)cc3)cc21,398.1,active,435.2770000000001,4.430900000000004,1.0,4.0
CHEMBL4085450,O=C1C(=O)N(C(=O)c2ccccc2)c2ccc(CN3CCCCC3)cc21,79.43,active,348.4020000000002,3.042200000000002,0.0,4.0
CHEMBL4063877,CN1CCN(Cc2ccc3c(c2)C(=O)C(=O)N3C(=O)c2ccccc2)CC1,47.86,active,363.4170000000001,1.8037,0.0,5.0
CHEMBL4068888,CCN(CC)Cc1ccc(NC(=O)c2ccccc2)c(C(=O)C(=O)N(CC)CC)c1,44.67,active,409.53000000000026,3.831800000000003,1.0,4.0
CHEMBL4077157,O=C(Nc1ccc(CN2CCOCC2)cc1C(=O)C(=O)N1C(=O)CCC1=O)c1ccccc1,229.08,active,449.4630000000002,1.6293999999999993,1.0,7.0
CHEMBL4094543,Cc1ccc2c(c1)CC(=O)N2C(=O)c1ccccc1,1000.0,active,251.28500000000003,2.724520000000001,0.0,2.0
CHEMBL4067881,O=C(O)CCC(=O)NCc1ccc2c(c1)CC(=O)N2C(=O)c1ccccc1,1000.0,active,366.37300000000005,1.8970999999999998,2.0,4.0
CHEMBL4065639,COC(=O)C(=O)c1cc(C)ccc1NC(=O)c1ccccc1,1000.0,active,297.31,2.6030200000000008,1.0,4.0
CHEMBL4125708,C=C(C)[C@H](O)CC[C@]1(C)[C@@H](CC=C(C)C)C[C@@]2(CC=C(C)C)C(=O)[C@]1(C(=O)C(C)C)C(=O)C1=C2O[C@H](C(C)(C)O)C1,26430.0,inactive,568.7950000000003,6.606000000000008,2.0,6.0
CHEMBL4128985,C=C(C)[C@H](O)CC[C@]1(C)[C@@H](CC=C(C)C)C[C@@]2(CC=C(C)C)C(=O)[C@]1(C(=O)C(C)C)C(=O)C1=C2O[C@@H](C(C)(C)O)C1,25070.0,inactive,568.7950000000003,6.606000000000008,2.0,6.0
CHEMBL4127747,CC(C)=CC[C@H]1C[C@@]2(CC=C(C)C)C(=O)[C@](C(=O)C(C)C)(C(=O)C3=C2O[C@H](C(C)(C)O)C3)[C@]1(C)CCC(=O)C(C)C,10880.0,inactive,568.7950000000004,6.894100000000009,1.0,6.0
CHEMBL4129147,CC(C)=CCC1=C2O[C@H](C(C)(C)O)C[C@@]23C[C@H](CC=C(C)C)[C@@](C)(CCC(=O)C(C)C)[C@@](C(=O)C(C)C)(C1=O)C3=O,24260.0,inactive,568.7950000000003,6.894100000000008,1.0,6.0
CHEMBL4128454,CC(=O)[C@@]12C(=O)C(CC=C(C)C)=C3O[C@H](C(C)(C)O)C[C@]3(C[C@H](CC=C(C)C)[C@@]1(C)CCC=C(C)C)C2=O,8750.0,intermediate,524.7420000000004,6.999100000000008,1.0,5.0
CHEMBL4127071,C=C(C)[C@@H](O)CC[C@]1(C)[C@@H](CC=C(C)C)C[C@]23C[C@@H](C(C)(C)O)OC2=C(CC=C(C)C)C(=O)[C@@]1(C(=O)C(C)C)C3=O,9130.0,intermediate,568.7950000000003,6.606000000000008,2.0,6.0
CHEMBL4130217,COC(C)(C)/C=C/C[C@]1(C)[C@@H](CC=C(C)C)C[C@]2(CC=C(C)C)C(=O)C3=C(O[C@H](C(C)(C)O)C3)[C@@]1(C(=O)C(C)C)C2=O,3980.0,intermediate,582.8220000000003,7.260100000000009,1.0,6.0
CHEMBL4125722,COC(C)(C)/C=C/C[C@]1(C)[C@@H](CC=C(C)C)C[C@]2(CC=C(C)C)C(=O)C3=C(O[C@@H](C(C)(C)O)C3)[C@@]1(C(=O)C(C)C)C2=O,7170.0,intermediate,582.8220000000003,7.260100000000009,1.0,6.0
CHEMBL4129007,CC(C)=CCC[C@]1(C)[C@@H](CC=C(C)C)C[C@]2(CC=C(C)C)C(=O)C3=C(O[C@@H](C(C)(C)O)[C@@H]3O)[C@@]1(C(=O)C(C)C)C2=O,12550.0,inactive,568.7950000000003,6.606000000000009,2.0,6.0
CHEMBL4129420,CC(C)=CCC[C@]1(C)[C@@H](CC=C(C)C)C[C@]2(CC=C(C)C)C(=O)C3=C(O[C@H](C(C)(C)O)[C@H]3O)[C@@]1(C(=O)C(C)C)C2=O,8830.0,intermediate,568.7950000000003,6.606000000000009,2.0,6.0
CHEMBL4128040,C=C(C)[C@H](O)CC[C@]1(C)[C@@H](CC=C(C)C)C[C@]2(CC=C(C)C)C(=O)C3=C(O[C@H](C(C)(C)O)C3)[C@@]1(C(=O)C(C)C)C2=O,19600.0,inactive,568.7950000000003,6.606000000000008,2.0,6.0
CHEMBL4128191,C=C(C)[C@@H](O)CC[C@]1(C)[C@@H](CC=C(C)C)C[C@]2(CC=C(C)C)C(=O)C3=C(O[C@H](C(C)(C)O)C3)[C@@]1(C(=O)C(C)C)C2=O,10720.0,inactive,568.7950000000003,6.606000000000008,2.0,6.0
CHEMBL4129940,CC(C)=CCC[C@]1(C)[C@@H](CC=C(C)C)C[C@@]2(CC=C(C)C)C(=O)[C@]1(C(=O)C(C)C)C(=O)C1=C2O[C@@H](C(C)(C)O)[C@@H]1O,11260.0,inactive,568.7950000000005,6.606000000000009,2.0,6.0
CHEMBL4126674,CC(C)=CCC[C@]1(C)[C@@H](CC=C(C)C)C[C@@]2(CC=C(C)C)C(=O)[C@]1(C(=O)C(C)C)C(=O)C1=C2O[C@H](C(C)(C)O)[C@H]1O,18550.0,inactive,568.7950000000005,6.606000000000009,2.0,6.0
CHEMBL4128061,O=C(Cc1cc(=O)oc2cc(O)ccc12)NCCCCCCCNC(=O)c1cccc2c(=O)c3ccccc3[nH]c12,5850.0,intermediate,553.6150000000004,4.532500000000003,4.0,6.0
CHEMBL4163705,OCC1CCN(Cc2cc(Cl)c3ccccc3n2)CC1,10000.0,inactive,290.7940000000001,3.092500000000001,1.0,3.0
CHEMBL4164010,O=CC1CCN(Cc2cc(Cl)c3ccccc3n2)CC1,10000.0,inactive,288.7780000000001,3.299100000000002,0.0,3.0
CHEMBL4176598,[N-]=[N+]=Nc1cc(CN2CCC(C=O)CC2)nc2ccccc12,10000.0,inactive,295.346,3.587500000000002,0.0,4.0
CHEMBL4172587,COc1cc2c(cc1OC)C(=O)/C(=C/C1CCN(Cc3cc(N=[N+]=[N-])c4ccccc4n3)CC1)C2,4880.0,intermediate,469.54500000000024,5.771200000000006,0.0,6.0
CHEMBL4164347,COc1cc2c(cc1OC)C(=O)/C(=C/C1CCN(Cc3cc(Cl)c4ccccc4n3)CC1)C2,10000.0,inactive,462.97700000000026,5.4828000000000054,0.0,5.0
CHEMBL4174514,COc1cc2c(cc1OC)C(=O)C(CC1CCN(Cc3cc(Cl)c4ccccc4n3)CC1)C2,10000.0,inactive,464.9930000000002,5.562700000000006,0.0,5.0
CHEMBL4166300,COc1cc2c(cc1OC)C(=O)/C(=C/C1CCN(Cc3cc(N)c4ccccc4n3)CC1)C2,14.0,active,443.54700000000025,4.4116000000000035,1.0,6.0
CHEMBL4174269,COc1cc2c(cc1OC)C(=O)C(CC1CCN(Cc3cc(N)c4ccccc4n3)CC1)C2,710.0,active,445.5630000000003,4.491500000000003,1.0,6.0
CHEMBL1187434,COc1cc2c(cc1OC)C(=O)C(CC1CCN(CCCNc3c4c(nc5cc(Cl)ccc35)CCCC4)CC1)C2,0.27,active,562.1540000000001,6.743500000000007,1.0,6.0
CHEMBL4175159,COc1ccc2c3c1O[C@H]1C[C@@H](O)C=C[C@@]31[C@H](O)C[N@@+](C)([O-])C2,200000.0,inactive,319.35700000000014,0.8337,2.0,5.0
CHEMBL4164525,COc1ccc2c3c1O[C@H]1C[C@@H](O)CC[C@@]31CC[N@@+](C)([O-])C2,200000.0,inactive,305.374,2.0869,1.0,4.0
CHEMBL4160912,COc1cc2c(cc1O)[C@@H]1[C@H](O)[C@@H](OC)C=C3CCN(C2)[C@H]31,200000.0,inactive,303.35800000000006,1.3882,2.0,5.0
CHEMBL4164315,CO[C@@H]1C=C[C@@]23c4cc5c(cc4C[N@@+]([O-])(CCc4ccc(O)cc4)[C@@H]2C(=O)N(C)[C@H]3C1)OCO5,200000.0,inactive,464.5180000000002,2.6136999999999997,1.0,6.0
CHEMBL4174963,CO[C@@H]1C=C[C@@]23c4cc5c(cc4CN(C)[C@@H]2C(=O)N(C)[C@H]3C1)OCO5,200000.0,inactive,342.39500000000015,1.2825999999999997,0.0,5.0
CHEMBL4167757,CO[C@@H]1C=C[C@@]23c4cc5c(cc4CN(CCc4ccc(O)cc4)[C@@H]2C(=O)N(C)[C@H]3C1)OCO5,200000.0,inactive,448.51900000000023,2.6010999999999997,1.0,6.0
CHEMBL4159837,CO[C@@H]1C=C[C@@]23c4cc5c(cc4CN(CCc4ccccc4)[C@@H]2C(=O)N(C)[C@H]3C1)OCO5,200000.0,inactive,432.5200000000002,2.8955,0.0,5.0
CHEMBL4164387,CO[C@@H]1C=C[C@@]23c4cc5c(cc4CN(CCC(C)C)[C@@H]2C(=O)N(C)[C@H]3C1)OCO5,200000.0,inactive,398.50300000000016,2.6989,0.0,5.0
CHEMBL4165897,COc1cc2c(cc1O)[C@@H]1[C@H](O)[C@@H](OC)C=C3CC[N@@+]([O-])(C2)[C@H]31,200000.0,inactive,319.3570000000001,1.4008,2.0,5.0
CHEMBL4173815,COc1cc2c(cc1OC)[C@@H]1[C@H](O)[C@@H](OC)C=C3CC[N@+]([O-])(C2)[C@H]31,200000.0,inactive,333.3840000000001,1.7037999999999998,1.0,5.0
CHEMBL4162452,CO[C@@H]1C=C[C@@]2(CN(CCC(C)C)Cc3cc4c(cc32)OCO4)[C@@H](N(C)C=O)C1,200000.0,inactive,400.5190000000002,2.9465000000000012,0.0,5.0
CHEMBL4170372,CO[C@@H]1C=C[C@@]23c4cc5c(cc4C(=O)N(CCC(C)C)[C@@H]2CN(C)[C@@H]3C1)OCO5,200000.0,inactive,398.5030000000002,2.812500000000001,0.0,5.0
CHEMBL4162043,CO[C@@H]1C=C[C@@]23c4cc5c(cc4C[N@@+]([O-])(CCc4ccccc4)[C@@H]2C(=O)N(C)[C@H]3C1)OCO5,200000.0,inactive,448.5190000000002,2.908100000000001,0.0,5.0
CHEMBL4169326,CO[C@@H]1C=C[C@@]23c4cc5c(cc4C(=O)N(C)[C@@H]2C(=O)N(C)[C@H]3C1)OCO5,200000.0,inactive,356.37800000000016,0.9227999999999998,0.0,5.0
CHEMBL4177164,CO[C@@H]1C=C[C@@]23c4cc5c(cc4C(=O)N(CCC(C)C)[C@@H]2C(=O)N(C)[C@H]3C1)OCO5,200000.0,inactive,412.4860000000002,2.3391,0.0,5.0
CHEMBL4160856,CN[C@H]1C[C@H](OC)C=C[C@@]12C(=O)N(CCC(C)C)Cc1cc3c(cc12)OCO3,200000.0,inactive,386.4920000000002,2.6043000000000003,1.0,5.0
CHEMBL4168790,CO[C@@H]1C=C[C@@]23c4cc5c(cc4CN(CCC(C)C)[C@]2(C(C)=O)C(=O)N(C)[C@H]3C1)OCO5,200000.0,inactive,440.54000000000025,2.6581,0.0,6.0
CHEMBL4167958,COc1ccc2c3c1O[C@H]1C[C@H](O)CC[C@@]31CCN(C)C2,57900.0,inactive,289.375,2.0743,1.0,4.0
CHEMBL469638,COc1ccc2c3c1O[C@H]1C[C@@H](O)CC[C@@]31CCN(C)C2,20070.0,inactive,289.375,2.0743,1.0,4.0
CHEMBL586091,COc1cc2c(cc1O)[C@@H]1[C@H](O)[C@@H](O)C=C3CCN(C2)[C@H]31,187630.0,inactive,289.331,0.7341,3.0,5.0
CHEMBL1172893,COc1cc2c(cc1OC)[C@@H]1[C@H](O)[C@@H](OC)C=C3CCN(C2)[C@H]31,6100.0,intermediate,317.3850000000001,1.6911999999999998,1.0,5.0
CHEMBL4172271,COc1cc2c3c(c1)c1cc(=O)c(OC)cc-1cn3CC2,35610.0,inactive,281.31100000000004,2.6796000000000006,0.0,3.0
CHEMBL4172720,CO[C@@H]1C=C[C@@]23c4cc5c(cc4C[N@@+]([O-])(CCO)[C@@H]2C(=O)N(C)[C@H]3C1)OCO5,126160.0,inactive,388.4200000000002,0.6576999999999997,1.0,6.0
CHEMBL4163781,O=C(NCCCCCCNCc1ccc2ccccc2c1)c1cc(Cl)nc(Cl)c1,99700.0,inactive,430.37900000000013,5.621600000000005,2.0,3.0
CHEMBL4165299,O=C(NCCCCCCNCc1c[nH]c2ccccc12)c1cc(Cl)nc(Cl)c1,8850.0,intermediate,419.3560000000001,4.9497000000000035,3.0,3.0
CHEMBL4175914,COc1ccccc1CNCCCCCCNC(=O)c1cc(Cl)nc(Cl)c1,8300.0,intermediate,410.345,4.477000000000003,2.0,4.0
CHEMBL4161860,O=C(NCCCCCCNCc1ccccc1)c1cc(Cl)nc(Cl)c1,3170.0,intermediate,380.3190000000001,4.4684000000000035,2.0,3.0
CHEMBL4172510,O=C(Nc1ccncc1Br)OCCCCCNCc1ccccc1,4040.0,intermediate,392.29700000000014,4.352700000000003,2.0,4.0
CHEMBL4164186,O=C(Nc1cc(Cl)nc(Cl)c1)OCCCCCNCc1c[nH]c2ccccc12,648.0,active,421.32800000000015,5.378300000000003,3.0,4.0
CHEMBL4168710,COc1ccccc1CNCCCCCOC(=O)Nc1cc(Cl)nc(Cl)c1,6160.0,intermediate,412.3169999999999,4.905600000000004,2.0,5.0
CHEMBL4160790,O=C(Nc1cc(Cl)nc(Cl)c1)OCCCCCCNCc1ccccc1,759.0,active,396.31800000000015,5.287100000000003,2.0,4.0
CHEMBL4164524,O=C(Nc1cc(Cl)nc(Cl)c1)OCCCCCNCc1ccccc1,153.0,active,382.2910000000001,4.897000000000003,2.0,4.0
CHEMBL4173258,C#CCN(C)Cc1cc2cc(OCCCN3CCCCC3)ccc2n1C,530.0,active,353.5100000000001,3.4981000000000027,0.0,3.0
CHEMBL4168617,O=C(O)C(F)(F)F.O=C1CC[C@@]2(C=CNC3=C2C2=NCCc4c[nH]c(c42)C3=O)C=C1Br,116000.0,inactive,498.2550000000002,3.188600000000001,3.0,5.0
CHEMBL4160694,O=C(O)C(F)(F)F.O=C1C2=C(C3=NCCc4c[nH]c1c43)C1(C=CN2)C=C(Br)C(O)C(Br)=C1,152000.0,inactive,577.1510000000001,3.479000000000001,4.0,5.0
CHEMBL462946,O=C(O)C(F)(F)F.O=C1C=C2S[C@H]3C[C@]2(C=C1Br)C1=C(N3)C(=O)c2[nH]cc3c2C1=NCC3,49400.0,inactive,528.306,3.241600000000001,3.0,6.0
CHEMBL553245,O=C([O-])C(F)(F)F.O=C1C2=C3C4=[N+](CCc5c[nH]c1c54)[C@@H]1C(=O)C=C4S[C@@H](C[C@@]43[C@H]1O)N2,158000.0,inactive,465.40900000000016,-0.6163000000000007,3.0,7.0
CHEMBL4172401,CNC(=O)Oc1ccc2c(c1)[C@]1(C)CCN[C@@H]1N2.O=C(O)c1ccccc1O,14500.0,inactive,385.4200000000001,2.4978000000000002,5.0,6.0
CHEMBL1171719,CC(C)=CCC[C@@](C)(O)[C@H]1CC=C(C)CC1,10.0,active,222.37199999999996,4.2302000000000035,1.0,1.0
CHEMBL4162070,CN1CCc2cc3c(cc2[C@H]1[C@H]1O[C@@H](O)c2c1ccc1c2OCO1)OCO3,100000.0,inactive,369.3730000000002,2.4353999999999996,1.0,7.0
CHEMBL4176125,CN1CCc2cc3c(cc2[C@@]12C(=O)c1ccc4c(c1[C@@H]2O)OCO4)OCO3,100000.0,inactive,367.35700000000014,1.7570999999999999,1.0,7.0
CHEMBL4165513,CN1CCc2cc3c(cc2[C@H]1[C@H]1OC(=O)c2c1ccc1c2OCO1)OCO3,100000.0,inactive,367.3570000000002,2.5846999999999998,0.0,7.0
CHEMBL2314746,COc1ccc2c(c1O)CN1CCc3cc4c(cc3C1C2)OCO4,100000.0,inactive,325.3640000000001,2.785000000000001,1.0,5.0
CHEMBL4168934,CN1CCc2cc3c(cc2C1=O)OCO3,100000.0,inactive,205.21299999999994,1.0434,0.0,3.0
CHEMBL4164418,CO[C@@H]1O[C@H]([C@@H]2c3cc4c(cc3CCN2C)OCO4)c2ccc3c(c21)OCO3,100000.0,inactive,383.40000000000015,3.089500000000001,0.0,7.0
CHEMBL453019,CN1CCc2cc3c(cc2C(=O)Cc2ccc4c(c2C1)OCO4)OCO3,100000.0,inactive,353.37400000000014,2.5573000000000006,0.0,6.0
CHEMBL4173190,CN1CCc2cc3c(cc2C12OCc1c(ccc4c1OCO4)C2=O)OCO3,100000.0,inactive,367.35700000000014,2.1978,0.0,7.0
CHEMBL465678,CN1Cc2c(ccc3c2OCO3)-c2ccc3cc4c(cc3c21)OCO4,100000.0,inactive,333.3430000000001,3.9140000000000033,0.0,5.0
CHEMBL4171637,COC1c2c(ccc3c2OCO3)-c2ccc3cc4c(cc3c2N1C)OCO4,96800.0,inactive,363.36900000000014,4.059000000000004,0.0,6.0
CHEMBL4163761,CC1(c2nccc3cc4c(cc23)OCO4)OC(O)c2c1ccc1c2OCO1,11300.0,inactive,365.3410000000001,2.976800000000001,1.0,7.0
CHEMBL4164862,CO[C@@H]1O[C@@](C)(c2nccc3cc4c(cc23)OCO4)c2ccc3c(c21)OCO3,100000.0,inactive,379.36800000000017,3.6309000000000022,0.0,7.0
CHEMBL4175494,CO[C@H]1O[C@](C)(c2nccc3cc4c(cc23)OCO4)c2ccc3c(c21)OCO3,100000.0,inactive,379.36800000000017,3.6309000000000022,0.0,7.0
CHEMBL4168299,CO[C@H]1O[C@@](C)(c2nccc3cc4c(cc23)OCO4)c2ccc3c(c21)OCO3,28300.0,inactive,379.36800000000017,3.6309000000000022,0.0,7.0
CHEMBL4160394,CO[C@@H]1O[C@](C)(c2nccc3cc4c(cc23)OCO4)c2ccc3c(c21)OCO3,100000.0,inactive,379.36800000000017,3.6309000000000022,0.0,7.0
CHEMBL4165471,c1cc2cc3c(cc2c([C@H]2Oc4ccc5c(c4O2)OCO5)n1)OCO3,78100.0,inactive,337.2870000000001,3.162200000000002,0.0,7.0
CHEMBL4173389,c1cc2cc3c(cc2c([C@@H]2Oc4ccc5c(c4O2)OCO5)n1)OCO3,100000.0,inactive,337.2870000000001,3.162200000000002,0.0,7.0
CHEMBL4170793,C[C@]1(c2nccc3cc4c(cc23)OCO4)Oc2ccc3c(c2O1)OCO3,100000.0,inactive,351.31400000000014,3.3363000000000005,0.0,7.0
CHEMBL4160151,C[C@@]1(c2nccc3cc4c(cc23)OCO4)Oc2ccc3c(c2O1)OCO3,100000.0,inactive,351.31400000000014,3.3363000000000005,0.0,7.0
CHEMBL4167398,C[C@@H](c1ccc2c(c1O)OCO2)c1nccc2cc3c(cc12)OCO3,100000.0,inactive,337.3310000000001,3.5496000000000025,1.0,6.0
CHEMBL4175274,C[C@H](c1ccc2c(c1O)OCO2)c1nccc2cc3c(cc12)OCO3,100000.0,inactive,337.3310000000001,3.5496000000000025,1.0,6.0
CHEMBL4163678,COc1ccc(C(=O)CCc2cc[n+](Cc3cccc(F)c3)cc2C#N)cc1OC.[Br-],11.0,active,485.3530000000001,0.86988,0.0,4.0
CHEMBL4175003,COc1ccc(C(=O)CCc2cc[n+](Cc3ccccc3C(F)(F)F)cc2C#N)cc1OC.[Br-],275.0,active,535.3600000000001,1.74958,0.0,4.0
CHEMBL4167127,COc1ccc(C(=O)CCc2cc[n+](Cc3ccc(Cl)cc3)cc2C#N)cc1OC.[Br-],10000.0,inactive,501.80800000000016,1.3841799999999995,0.0,4.0
CHEMBL4159880,COc1ccc(C(=O)CCc2cc[n+](Cc3cccc(Cl)c3)cc2C#N)cc1OC.[Br-],22.2,active,501.80800000000016,1.3841799999999995,0.0,4.0
CHEMBL4170530,CNC(=O)c1c[n+](Cc2ccccc2C)ccc1CC1CCc2cc(OC)ccc2C1=O.[Br-],10000.0,inactive,509.44400000000024,0.6908200000000009,1.0,3.0
CHEMBL4164981,COc1ccc2c(c1)CCC(Cc1cc[n+](Cc3ccccc3C)cc1C(F)(F)F)C2=O,242.4,active,440.48500000000007,5.3460200000000055,0.0,2.0
CHEMBL4172883,COc1ccc(C(=O)CCc2cc[n+](Cc3cccc(Cl)c3)cc2C(N)=O)cc1OC.[Br-],10000.0,inactive,519.8230000000002,0.6114000000000003,1.0,4.0
CHEMBL4166464,COc1ccc2c(c1)CCC(Cc1cc[n+](Cc3ccccc3Cl)cc1C(N)=O)C2=O.[Br-],378.8,active,515.835,0.7751000000000001,1.0,3.0
CHEMBL4174372,COc1ccc2c(c1)CCC(Cc1cc[n+](Cc3ccccc3C)cc1C(N)=O)C2=O.[Br-],893.8,active,495.41700000000014,0.43012000000000217,1.0,3.0
CHEMBL4163016,COc1cc2c(cc1OC)C(=O)C(Cc1cc[n+](Cc3nc4ccccc4o3)cc1C(N)=O)C2.[Br-],9267.0,intermediate,538.3980000000003,-0.11859999999999798,1.0,6.0
CHEMBL4170940,COc1cc2c(cc1OC)C(=O)C(Cc1cc[n+](Cc3cccc(C)n3)cc1C(N)=O)C2.[Br-],1861.0,intermediate,512.4040000000002,-0.5563799999999965,1.0,5.0
CHEMBL4173313,COc1cc2c(cc1OC)C(=O)C(Cc1cc[n+](CCc3ccccc3)cc1C(N)=O)C2.[Br-],896.0,active,511.4160000000002,-0.06539999999999696,1.0,4.0
CHEMBL4162617,COc1cc2c(cc1OC)C(=O)C(Cc1cc[n+](Cc3ccc(S(N)(=O)=O)cc3)cc1C(N)=O)C2.[Br-],10000.0,inactive,576.4690000000003,-1.612399999999996,2.0,6.0
CHEMBL4169887,COc1cc2c(cc1OC)C(=O)C(Cc1cc[n+](Cc3cccc(O)c3)cc1C(N)=O)C2.[Br-],10000.0,inactive,513.3880000000001,-0.5541999999999974,2.0,5.0
CHEMBL4159243,COC(=O)c1ccccc1C[n+]1ccc(CC2Cc3cc(OC)c(OC)cc3C2=O)c(C(=O)Oc2c(Cl)cc(Cl)cc2Cl)c1.[Br-],69.3,active,735.8420000000002,3.607300000000003,0.0,7.0
CHEMBL4173902,COc1cc2c(cc1OC)C(=O)C(Cc1cc[n+](Cc3cccc(Cl)c3)cc1C(=O)O)C2.[Br-],10000.0,inactive,532.8180000000002,0.9929000000000001,1.0,4.0
CHEMBL4165973,COc1ccc(C(=O)CCc2cc[n+](Cc3cccc(Cl)c3)cc2C(=O)O)cc1OC.[Br-],18.1,active,520.8070000000002,1.2106999999999999,1.0,4.0
CHEMBL4165562,COc1ccc(C(=O)CCc2cc[n+](Cc3cccc(Cl)c3)cc2C(C)=O)cc1OC.[Br-],143.5,active,518.8350000000003,1.7150999999999996,0.0,4.0
CHEMBL4176179,COc1ccc2c(c1)CCC(Cc1cc[n+](CC3CCCCC3)cc1C(C)=O)C2=O.[I-],210.0,active,533.4500000000003,1.7573999999999999,0.0,3.0
CHEMBL4162121,CCC[n+]1ccc(CC2CCc3cc(OC)ccc3C2=O)c(C(C)=O)c1.[I-],10000.0,inactive,479.3580000000001,0.5871000000000008,0.0,3.0
CHEMBL4172797,COc1ccc2c(c1)CCC(Cc1cc[n+](Cc3ccc(C)cc3)cc1C(C)=O)C2=O.[Br-],556.0,active,494.42900000000014,1.5338200000000002,0.0,3.0
CHEMBL4172353,COc1ccc2c(c1)CCC(Cc1cc[n+](Cc3ccc(Cl)cc3)cc1C(C)=O)C2=O.[Br-],568.0,active,514.8470000000001,1.8787999999999996,0.0,3.0
CHEMBL4173405,COc1ccc2c(c1)CCC(Cc1cc[n+](Cc3cccc(C(F)(F)F)c3)cc1C(C)=O)C2=O.[Br-],307.5,active,548.3990000000001,2.2441999999999993,0.0,3.0
CHEMBL4168987,COc1ccc2c(c1)CCC(Cc1cc[n+](Cc3cccc(C)c3)cc1C(C)=O)C2=O.[Br-],110.5,active,494.42900000000014,1.5338200000000002,0.0,3.0
CHEMBL4161065,COc1ccc2c(c1)CCC(Cc1cc[n+](Cc3ccccc3C)cc1C(C)=O)C2=O.[Br-],10.0,active,494.42900000000014,1.5338200000000002,0.0,3.0
CHEMBL4160115,COc1ccc2c(c1)CCC(Cc1cc[n+](Cc3cccc(F)c3)cc1C(C)=O)C2=O.[Br-],55.5,active,498.3920000000001,1.3645,0.0,3.0
CHEMBL4168037,COc1ccc2c(c1)CCC(Cc1cc[n+](Cc3ccccc3F)cc1C(C)=O)C2=O.[Br-],43.0,active,498.3920000000001,1.3645,0.0,3.0
CHEMBL4177133,COc1ccc2c(c1)CCC(Cc1cc[n+](Cc3ccccc3Cl)cc1C(C)=O)C2=O.[Br-],29.5,active,514.8470000000001,1.8788,0.0,3.0
CHEMBL4166513,COc1ccc2c(c1)CCC(Cc1cc[n+](Cc3cccc(Cl)c3)cc1C(C)=O)C2=O.[Br-],71.0,active,514.8470000000001,1.8788,0.0,3.0
CHEMBL4162015,COc1cc2c(cc1OC)C(=O)C(Cc1cc[n+](Cc3ccccc3)cc1C(C)=O)CC2.[Br-],24.0,active,510.4280000000002,1.2340000000000002,0.0,4.0
CHEMBL4169938,COc1cc2c(cc1OC)C(=O)C(Cc1cc[n+](Cc3cccc(Cl)c3)cc1C(C)=O)CC2.[Br-],21.0,active,544.8730000000003,1.8874000000000002,0.0,4.0
CHEMBL4170331,CC(=O)c1c[n+](Cc2cccc(Cl)c2)ccc1CC1Cc2cc(O)ccc2C1=O.[Br-],116.5,active,486.79300000000023,1.1857000000000002,1.0,3.0
CHEMBL4159705,COc1cc2c(cc1O)C(=O)C(Cc1cc[n+](Cc3cccc(Cl)c3)cc1C(C)=O)C2,2.7,active,436.91500000000013,4.190300000000003,1.0,4.0
CHEMBL4173784,CC(=O)c1c[n+](Cc2ccccc2C)ccc1CC1Cc2cc(OCC(F)(F)F)ccc2C1=O.[Br-],37.1,active,548.3990000000002,2.07622,0.0,3.0
CHEMBL4163077,CC(=O)c1c[n+](Cc2cccc(Cl)c2)ccc1CC1Cc2cc(F)ccc2C1=O.[Br-],10000.0,inactive,488.7840000000002,1.6192000000000006,0.0,2.0
CHEMBL4173239,COc1ccc2c(c1)CCC(Cc1cc[n+](Cc3cccc(C)c3)cc1Br)C2=O.[Br-],16.5,active,531.288,2.0937200000000002,0.0,2.0
CHEMBL4165327,COc1cc2c(cc1OC)C(=O)C(Cc1cc[n+](Cc3ccccc3)cc1Br)C2.[Br-],0.36,active,533.2600000000001,1.4038000000000002,0.0,3.0
CHEMBL4171568,COC(=O)c1c[n+](Cc2cccc(Cl)c2)ccc1CCC(=O)c1ccc(OC)c(OC)c1.[Br-],171.0,active,534.8340000000003,1.2991,0.0,5.0
CHEMBL4160310,COc1ccc(C(=O)CCC2C=CN(Cc3cccc(Cl)c3)C=C2C#N)cc1OC,923.0,active,422.9120000000002,5.373280000000006,0.0,5.0
CHEMBL4168225,COC(=O)C1=CN(Cc2cccc(Cl)c2)C=CC1CCC(=O)c1ccc(OC)c(OC)c1,10000.0,inactive,455.93800000000033,5.022700000000005,0.0,6.0
CHEMBL4165631,COc1ccc(C(=O)CCC2C=CN(Cc3cccc(Cl)c3)C=C2C(C)=O)cc1OC,10000.0,inactive,439.93900000000025,5.438700000000005,0.0,5.0
CHEMBL4173562,COc1ccc(C(=O)CCC2C=CN(Cc3cccc(Cl)c3)C=C2C(N)=O)cc1OC,10000.0,inactive,440.92700000000025,4.335000000000003,1.0,5.0
CHEMBL4174452,CC(=O)C1=CN(Cc2cccc(Cl)c2)C=CC1CC1Cc2cc(F)ccc2C1=O,10000.0,inactive,409.8880000000002,5.342800000000005,0.0,3.0
CHEMBL4160696,COc1cc2c(cc1OC)C(=O)C(CC1C=CN(Cc3ccccc3)C=C1C(C)=O)CC2,415.0,active,431.53200000000027,4.957600000000005,0.0,5.0
CHEMBL4166141,COc1ccc2c(c1)CCC(CC1C=CN(Cc3ccccc3F)C=C1C(C)=O)C2=O,10000.0,inactive,419.49600000000015,5.088100000000005,0.0,4.0
CHEMBL4174056,COc1ccc2c(c1)CCC(CC1C=CN(Cc3cccc(F)c3)C=C1C(C)=O)C2=O,10000.0,inactive,419.49600000000015,5.088100000000005,0.0,4.0
CHEMBL4162692,COc1ccc2c(c1)CCC(CC1C=CN(Cc3ccccc3Cl)C=C1C(C)=O)C2=O,10000.0,inactive,435.95100000000014,5.602400000000005,0.0,4.0
CHEMBL4170614,COc1ccc2c(c1)CCC(CC1C=CN(Cc3cccc(C)c3)C=C1C(C)=O)C2=O,10000.0,inactive,415.5330000000002,5.257420000000005,0.0,4.0
CHEMBL4172950,COc1ccc2c(c1)CCC(CC1C=CN(Cc3cccc(C(F)(F)F)c3)C=C1C(C)=O)C2=O,10000.0,inactive,469.50300000000016,5.967800000000005,0.0,4.0
CHEMBL4162281,COc1ccc2c(c1)CCC(CC1C=CN(Cc3ccc(Cl)cc3)C=C1C(C)=O)C2=O,10000.0,inactive,435.95100000000014,5.602400000000006,0.0,4.0
CHEMBL4175814,COc1ccc2c(c1)CCC(CC1C=CN(Cc3ccc(C)cc3)C=C1C(C)=O)C2=O,10000.0,inactive,415.5330000000002,5.257420000000005,0.0,4.0
CHEMBL4167954,COc1ccc2c(c1)CCC(CC1C=CN(Cc3ccccc3C)C=C1C(N)=O)C2=O,10000.0,inactive,416.5210000000002,4.1537200000000025,1.0,4.0
CHEMBL4170921,COc1ccc(C(=O)CCCCc2cc[n+](Cc3cccc(Cl)c3)cc2C(N)=O)cc1OC.[Br-],10000.0,inactive,547.8770000000002,1.3916000000000002,1.0,4.0
CHEMBL4162993,COc1cc2c(cc1OC)C(=O)C(CCCc1cc[n+](Cc3cccc(Cl)c3)cc1C(N)=O)C2.[Br-],10000.0,inactive,559.8880000000001,1.1738000000000002,1.0,4.0
CHEMBL4164078,Cc1cc(=O)oc2cc(OCCCCCCSC(=S)N3CCCCC3)ccc12,610.0,active,419.6120000000002,5.544620000000005,0.0,5.0
CHEMBL4174729,Cc1cc(=O)oc2cc(OCCCCCSC(=S)N3CCCCC3)ccc12,210.0,active,405.58500000000015,5.154520000000005,0.0,5.0
CHEMBL4167524,Cc1cc(=O)oc2cc(OCCCCSC(=S)N3CCCCC3)ccc12,27.0,active,391.55800000000016,4.764420000000005,0.0,5.0
CHEMBL4159609,Cc1cc(=O)oc2cc(OCCCSC(=S)N3CCCCC3)ccc12,290.0,active,377.5310000000002,4.3743200000000035,0.0,5.0
CHEMBL4159640,Cc1cc(=O)oc2cc(OCCSC(=S)N3CCC(N4CCCCC4)CC3)ccc12,1160.0,intermediate,446.6380000000004,4.4486200000000045,0.0,6.0
CHEMBL4167973,Cc1cc(=O)oc2cc(OCCSC(=S)N3CCN(C(C)C)CC3)ccc12,1990.0,intermediate,406.5730000000002,3.524320000000002,0.0,6.0
CHEMBL4175175,Cc1cc(=O)oc2cc(OCCSC(=S)N3CCCCC3)ccc12,470.0,active,363.5040000000002,3.984220000000003,0.0,5.0
CHEMBL4164540,Cc1cc(=O)oc2cc(OCCSC(=S)N3CCCC3)ccc12,890.0,active,349.47700000000015,3.594120000000003,0.0,5.0
CHEMBL4177242,CCN(CC)C(=S)SCCOc1ccc2c(C)cc(=O)oc2c1,1940.0,intermediate,351.4930000000001,3.8401200000000024,0.0,5.0
CHEMBL4169394,Cc1cc(=O)oc2cc(OCCSC(=S)N(C)C)ccc12,10590.0,inactive,323.439,3.0599200000000017,0.0,5.0
CHEMBL3091687,NCCCCN(C[C@H]1Cc2ccccc2CN1)[C@H]1CCCc2cccnc21,30000.0,inactive,364.5370000000002,3.2144000000000013,2.0,4.0
CHEMBL4167058,c1ccc2c(c1)CN[C@@H](CN(CCCN1CCNCC1)[C@H]1CCCc3cccnc31)C2,30000.0,inactive,419.61700000000025,2.7708000000000004,2.0,5.0
CHEMBL4174290,c1ccc2c(c1)CN[C@@H](CN(CC[C@H]1CCCNC1)[C@H]1CCCc3cccnc31)C2,10700.0,inactive,404.6020000000002,3.8652000000000024,2.0,4.0
CHEMBL4159074,Oc1ccc(-c2oc3cc(O)c4c5c3c2-c2cc(O)cc(O)c2[C@H](c2ccc(O)cc2)[C@@H]5[C@H](c2ccc(O)cc2)[C@@H]4c2cc(O)cc(O)c2)cc1,8400.0,intermediate,678.6930000000003,8.570000000000002,8.0,9.0
CHEMBL4177075,CN(C)C(=O)Oc1cccc2c1cc(C(=O)N(C)C)c[n+]2C.[I-],154.0,active,429.258,-1.569499999999997,0.0,3.0
CHEMBL4162999,Cc1c(C(=O)N(C)C)cc2c(OC(=O)N(C)C)cccc2[n+]1C.[I-],10000.0,inactive,443.285,-1.2610799999999969,0.0,3.0
CHEMBL4173704,Cc1c(C(=O)N(C)C)c[n+](C)c2cccc(OC(=O)N(C)C)c12.[I-],10000.0,inactive,443.2850000000001,-1.2610799999999969,0.0,3.0
CHEMBL4161805,Cc1c(C(=O)N(C)C)c(C)[n+](C)c2cccc(OC(=O)N(C)C)c12.[I-],10000.0,inactive,457.3120000000001,-0.9526599999999974,0.0,3.0
CHEMBL4171947,CC(C)NC(=O)c1cc2c(OC(=O)N(C)C)cccc2[n+](C)c1.[I-],58.0,active,443.285,-1.133099999999997,1.0,3.0
CHEMBL4161343,CCN(C)C(=O)Oc1cccc2c1cc(C(=O)NC(C)C)c[n+]2C.[I-],10000.0,inactive,457.31200000000007,-0.7429999999999974,1.0,3.0
CHEMBL4171941,CC(C)NC(=O)c1cc2c(OC(=O)N3CCCC3)cccc2[n+](C)c1.[I-],10000.0,inactive,469.323,-0.5988999999999978,1.0,3.0
CHEMBL4176452,COCCNC(=O)c1cc2c(OC(=O)N(C)C)cccc2[n+](C)c1.[I-],20.0,active,459.284,-1.895099999999996,1.0,4.0
CHEMBL4168588,CN(C)C(=O)Oc1cccc2c1cc(C(=O)Nc1ccccc1)c[n+]2C.[I-],30.0,active,477.302,-0.018999999999999906,1.0,3.0
CHEMBL4168198,COC(=O)CNC(=O)c1cc2c(OC(=O)N(C)C)cccc2[n+](C)c1.[I-],93.0,active,473.26700000000005,-2.3684999999999965,1.0,5.0
CHEMBL4160280,CN(C)C(=O)Oc1cccc2c1cc(C(=O)NC1CCCCC1)c[n+]2C.[I-],20.0,active,483.3500000000002,-0.2087999999999981,1.0,3.0
CHEMBL4164761,CNC(=O)c1cc2c(OC(=O)N(C)C)cccc2[n+](C)c1.[I-],77.0,active,415.231,-1.9116999999999964,1.0,3.0
CHEMBL4175384,CC[n+]1cc(C(=O)NC)cc2c(OC(=O)N(C)C)cccc21.[I-],314.0,active,429.258,-1.4287999999999974,1.0,3.0
CHEMBL4166257,CNC(=O)c1cc2c(OC(=O)N(C)C)cccc2[n+](Cc2ccccc2)c1.[Br-],1160.0,intermediate,444.32900000000006,-0.400399999999999,1.0,3.0
CHEMBL4176868,COC(=O)c1cc2c(OC(=O)N(C)C)cccc2[n+](C)c1.[I-],20.0,active,416.21500000000003,-1.4846999999999977,0.0,4.0
CHEMBL4165100,CN(C)C(=O)Oc1cccc2c1cc(C(=O)NCCOCCO)c[n+]2C.COS(=O)(=O)[O-],37.0,active,473.50400000000025,-0.44359999999999844,2.0,9.0
CHEMBL4173000,CN(C)C(=O)Oc1cccc2c1CC(C(=O)NCCOCCOCCN1C(=O)c3ccccc3C1=O)=CN2C,10000.0,inactive,536.5850000000003,2.0688,1.0,8.0
CHEMBL4168520,CN(C)C(=O)Oc1cccc2c1cc(C(=O)NCCOCCOCCN1C(=O)c3ccccc3C1=O)c[n+]2C.O=S(=O)([O-])C(F)(F)F,6.0,active,684.6460000000005,1.8352999999999997,1.0,10.0
CHEMBL4176380,C[n+]1cc(C(=O)NCCOCCOCCN2C(=O)c3ccccc3C2=O)cc2c(O)cccc21.[I-],10000.0,inactive,591.4020000000002,-1.566899999999995,2.0,6.0
CHEMBL4171284,Nc1c2c(nc3c1C(c1ccccc1)NC(=S)N3)CCCC2,10800.0,inactive,310.4260000000002,2.9320000000000013,3.0,3.0
CHEMBL4163376,Cc1ccc(C2NC(=S)Nc3nc4c(c(N)c32)CCCC4)cc1,23800.0,inactive,324.45300000000015,3.240420000000002,3.0,3.0
CHEMBL4166003,Cc1cccc(C2NC(=S)Nc3nc4c(c(N)c32)CCCC4)c1,10100.0,inactive,324.45300000000015,3.240420000000002,3.0,3.0
CHEMBL4176610,COc1ccc(C2NC(=S)Nc3nc4c(c(N)c32)CCCC4)cc1,7640.0,intermediate,340.45200000000017,2.9406000000000008,3.0,4.0
CHEMBL4171520,COc1cccc(C2NC(=S)Nc3nc4c(c(N)c32)CCCC4)c1,3050.0,intermediate,340.4520000000002,2.9406000000000008,3.0,4.0
CHEMBL4160908,COc1ccccc1C1NC(=S)Nc2nc3c(c(N)c21)CCCC3,31200.0,inactive,340.4520000000002,2.9406000000000008,3.0,4.0
CHEMBL4168179,Nc1c2c(nc3c1C(c1ccc4c(c1)OCO4)NC(=S)N3)CCCC2,8180.0,intermediate,354.4350000000001,2.6607000000000003,3.0,5.0
CHEMBL4176034,CN(C)c1ccc(C2NC(=S)Nc3nc4c(c(N)c32)CCCC4)cc1,24100.0,inactive,353.4950000000002,2.998000000000002,3.0,4.0
CHEMBL4159832,Nc1c2c(nc3c1C(c1ccc(F)cc1)NC(=S)N3)CCCC2,31000.0,inactive,328.41600000000017,3.0711000000000013,3.0,3.0
CHEMBL4167753,Nc1c2c(nc3c1C(c1ccc(Cl)cc1)NC(=S)N3)CCCC2,5280.0,intermediate,344.87100000000015,3.585400000000001,3.0,3.0
CHEMBL4174958,Nc1c2c(nc3c1C(c1cccc(Br)c1)NC(=S)N3)CCCC2,37.3,active,389.3220000000002,3.6945000000000014,3.0,3.0
CHEMBL4164310,Nc1c2c(nc3c1C(c1cccc([N+](=O)[O-])c1)NC(=S)N3)CCCC2,29800.0,inactive,355.4230000000002,2.840200000000001,3.0,5.0
CHEMBL4207758,Nc1ccc2c(c1)CNC(=O)C2,1.36,active,162.19199999999998,0.4410999999999999,2.0,2.0
CHEMBL4207230,O=C1Cc2ccc(NC(=O)c3ccccc3)cc2CN1,1.32,active,266.29999999999995,2.1112,2.0,2.0
CHEMBL4212110,O=C1Cc2ccc(NC(=O)c3cccc(Cl)c3)cc2CN1,9.14,active,300.74500000000006,2.7646000000000006,2.0,2.0
CHEMBL4209728,Cc1cccc(C(=O)Nc2ccc3c(c2)CNC(=O)C3)c1,7.91,active,280.32700000000006,2.41962,2.0,2.0
CHEMBL4214643,COc1ccccc1C(=O)Nc1ccc2c(c1)CNC(=O)C2,9.26,active,296.3260000000001,2.1197999999999997,2.0,3.0
CHEMBL4213792,O=C(Nc1ccc2c(c1)CN(C(=O)c1ccccc1)C(=O)C2)c1ccccc1,0.51,active,370.40800000000013,3.6640000000000024,1.0,3.0
CHEMBL4208866,O=C(Nc1ccc2c(c1)CN(C(=O)c1cccc(Cl)c1)C(=O)C2)c1ccccc1,0.02836,active,404.8530000000001,4.317400000000003,1.0,3.0
CHEMBL4218191,Cc1cccc(C(=O)N2Cc3cc(NC(=O)c4ccccc4)ccc3CC2=O)c1,0.02621,active,384.4350000000001,3.9724200000000023,1.0,3.0
CHEMBL4213253,COc1ccccc1C(=O)N1Cc2cc(NC(=O)c3ccccc3)ccc2CC1=O,0.01893,active,400.4340000000001,3.672600000000002,1.0,4.0
CHEMBL4205954,O=C(Nc1ccc2c(c1)CN(C(=O)c1ccccc1)C(=O)C2)c1cccc(Cl)c1,0.01323,active,404.8530000000002,4.317400000000003,1.0,3.0
CHEMBL4217663,O=C(Nc1ccc2c(c1)CN(C(=O)c1cccc(Cl)c1)C(=O)C2)c1cccc(Cl)c1,0.01415,active,439.2980000000001,4.970800000000003,1.0,3.0
CHEMBL4210316,Cc1cccc(C(=O)N2Cc3cc(NC(=O)c4cccc(Cl)c4)ccc3CC2=O)c1,0.01441,active,418.8800000000001,4.625820000000004,1.0,3.0
CHEMBL4205425,COc1ccccc1C(=O)N1Cc2cc(NC(=O)c3cccc(Cl)c3)ccc2CC1=O,0.01095,active,434.87900000000013,4.326000000000003,1.0,4.0
CHEMBL4214707,Cc1cccc(C(=O)Nc2ccc3c(c2)CN(C(=O)c2cccc(Cl)c2)C(=O)C3)c1,0.02094,active,418.88000000000017,4.625820000000004,1.0,3.0
CHEMBL4209803,Cc1cccc(C(=O)Nc2ccc3c(c2)CN(C(=O)c2cccc(C)c2)C(=O)C3)c1,0.01352,active,398.46200000000016,4.280840000000002,1.0,3.0
CHEMBL4209518,COc1ccccc1C(=O)Nc1ccc2c(c1)CN(C(=O)c1ccccc1)C(=O)C2,0.02938,active,400.43400000000014,3.672600000000002,1.0,4.0
CHEMBL4214430,COc1ccccc1C(=O)Nc1ccc2c(c1)CN(C(=O)c1cccc(Cl)c1)C(=O)C2,0.01672,active,434.8790000000002,4.326000000000004,1.0,4.0
CHEMBL4205144,COc1ccccc1C(=O)Nc1ccc2c(c1)CN(C(=O)c1cccc(C)c1)C(=O)C2,0.02592,active,414.4610000000002,3.9810200000000027,1.0,4.0
CHEMBL4210041,COc1ccccc1C(=O)Nc1ccc2c(c1)CN(C(=O)c1ccccc1OC)C(=O)C2,0.02158,active,430.4600000000002,3.6812000000000022,1.0,5.0
CHEMBL4204315,c1ccc2c(NCCCCC[Se][Se]CCCCCNc3c4c(nc5ccccc35)CCCC4)c3c(nc2c1)CCCC3,2.64,active,692.7119999999995,8.565200000000004,2.0,4.0
CHEMBL4208641,c1ccc2c(NCCCCCSSCCCCCNc3c4c(nc5ccccc35)CCCC4)c3c(nc2c1)CCCC3,1.62,active,598.926,9.786599999999996,2.0,6.0
CHEMBL4213042,c1ccc2c(NCCCCC[Se]CCCCCNc3c4c(nc5ccccc35)CCCC4)c3c(nc2c1)CCCC3,2.25,active,613.7520000000001,8.946000000000002,2.0,4.0
CHEMBL4217466,Cc1cc(=O)oc2cc(OCc3cc[n+](Cc4ccccc4)cc3)ccc12.[Br-],352.0,active,438.321,1.0202199999999997,0.0,3.0
CHEMBL4205764,Cc1cc(=O)oc2cc(OCc3cc[n+](Cc4ccccc4F)cc3)ccc12.[Br-],65.3,active,456.31100000000004,1.1593199999999995,0.0,3.0
CHEMBL4206041,Cc1cc(=O)oc2cc(OCc3cc[n+](Cc4cccc(F)c4)cc3)ccc12.[Br-],41.6,active,456.31100000000004,1.1593199999999995,0.0,3.0
CHEMBL4217755,Cc1cc(=O)oc2cc(OCc3cc[n+](Cc4ccc(F)cc4)cc3)ccc12.[Br-],36.9,active,456.31100000000004,1.1593199999999995,0.0,3.0
CHEMBL4210401,Cc1ccccc1C[n+]1ccc(COc2ccc3c(C)cc(=O)oc3c2)cc1.[Br-],35.4,active,452.3480000000001,1.3286399999999994,0.0,3.0
CHEMBL4205520,Cc1cccc(C[n+]2ccc(COc3ccc4c(C)cc(=O)oc4c3)cc2)c1.[Br-],83.6,active,452.34800000000007,1.3286399999999994,0.0,3.0
CHEMBL4213874,Cc1ccc(C[n+]2ccc(COc3ccc4c(C)cc(=O)oc4c3)cc2)cc1.[Br-],250.0,active,452.34800000000007,1.3286399999999996,0.0,3.0
CHEMBL4208961,Cc1cc(=O)oc2cc(OCc3cc[n+](Cc4ccccc4Br)cc3)ccc12.[Br-],78.1,active,517.2170000000001,1.7827199999999996,0.0,3.0
CHEMBL4218281,Cc1cc(=O)oc2cc(OCc3cc[n+](Cc4cccc(Br)c4)cc3)ccc12.[Br-],128.6,active,517.2170000000001,1.7827199999999996,0.0,3.0
CHEMBL4213345,Cc1cc(=O)oc2cc(OCc3cc[n+](Cc4ccc(Br)cc4)cc3)ccc12.[Br-],217.5,active,517.2170000000001,1.7827199999999996,0.0,3.0
CHEMBL4205110,Cc1cc(=O)oc2cc(OCc3cc[n+](Cc4cccc([N+](=O)[O-])c4)cc3)ccc12.[Br-],230.0,active,483.3180000000001,0.9284199999999998,0.0,5.0
CHEMBL4216807,Cc1cc(=O)oc2cc(OCc3cc[n+](Cc4ccc([N+](=O)[O-])cc4)cc3)ccc12.[Br-],1077.0,intermediate,483.3180000000001,0.9284199999999998,0.0,5.0
CHEMBL4218997,CN(Cc1ccccc1)Cc1ccc(NC(=O)Cc2ccccc2)cc1,5800.0,intermediate,344.45799999999997,4.499800000000004,1.0,2.0
CHEMBL4208392,CN(Cc1ccccc1)Cc1ccc(NC(=O)Cc2ccc(O)cc2)cc1,3240.0,intermediate,360.457,4.205400000000003,2.0,3.0
CHEMBL4207876,CCN(Cc1ccccc1)Cc1ccc(NC(=O)Cc2ccc(O)cc2)cc1,6500.0,intermediate,374.48400000000004,4.595500000000005,2.0,3.0
CHEMBL4214951,CN(Cc1ccccc1)Cc1ccc(NC(=O)Cc2ccc(O)c(O)c2)cc1,4630.0,intermediate,376.456,3.911000000000003,3.0,4.0
CHEMBL4212229,CCN(Cc1ccccc1)Cc1ccc(NC(=O)Cc2ccc(O)c(O)c2)cc1,7260.0,intermediate,390.48300000000006,4.301100000000004,3.0,4.0
CHEMBL4217212,COc1ccc(CC(=O)Nc2ccc(CN(C)Cc3ccccc3)cc2)cc1O,3040.0,intermediate,390.48300000000006,4.214000000000004,2.0,4.0
CHEMBL4214755,CCN(Cc1ccccc1)Cc1ccc(NC(=O)Cc2ccc(OC)c(O)c2)cc1,2760.0,intermediate,404.5100000000001,4.604100000000004,2.0,4.0
CHEMBL4203538,COc1ccc(CC(=O)Nc2ccc(CN(C)Cc3ccccc3)cc2)cc1OC,1850.0,intermediate,404.5100000000001,4.517000000000004,1.0,4.0
CHEMBL4203653,CCN(Cc1ccccc1)Cc1ccc(NC(=O)Cc2ccc(OC)c(OC)c2)cc1,3220.0,intermediate,418.53700000000015,4.907100000000004,1.0,4.0
CHEMBL4216806,CN(Cc1ccccc1)Cc1ccc(NC(=O)/C=C/c2ccc(O)c(O)c2)cc1,5420.0,intermediate,388.46700000000004,4.381700000000005,3.0,4.0
CHEMBL3891025,COc1cc(/C=C/C(=O)Nc2ccc(CN(C)Cc3ccccc3)cc2)ccc1O,8320.0,intermediate,402.494,4.684700000000005,2.0,4.0
CHEMBL4202749,N#Cc1ccccc1CNCC(=O)Nc1ccc2nc3n(c(=O)c2c1)CCC3,16.8,active,373.4160000000002,1.94268,2.0,5.0
CHEMBL4218829,O=C(CNCc1ccccc1[N+](=O)[O-])Nc1ccc2nc3n(c(=O)c2c1)CCC3,30.7,active,393.40300000000025,1.9792,2.0,6.0
CHEMBL4207101,O=C(CNCc1cc(F)cc(F)c1)Nc1ccc2nc3n(c(=O)c2c1)CCC3,7.61,active,384.38600000000025,2.3492000000000006,2.0,4.0
CHEMBL4205651,O=C(CNCc1ccccc1F)Nc1ccc2nc3n(c(=O)c2c1)CCC3,528.0,active,366.39600000000024,2.2100999999999997,2.0,4.0
CHEMBL4210517,Cc1ccccc1CNCC(=O)Nc1ccc2nc3n(c(=O)c2c1)CCC3,119.0,active,362.4330000000002,2.3794200000000005,2.0,4.0
CHEMBL4210020,O=C(CNCCCc1ccccc1)Nc1ccc2nc3n(c(=O)c2c1)CCC3,4.09,active,376.46000000000026,2.5036000000000005,2.0,4.0
CHEMBL4214932,O=C(CNCc1ccccc1)Nc1ccc2nc3n(c(=O)c2c1)CCC3,231.0,active,348.40600000000023,2.071,2.0,4.0
CHEMBL4212275,C#CCNCC(=O)Nc1ccc2nc3n(c(=O)c2c1)CCC3,46.4,active,296.3300000000001,0.5039999999999996,2.0,4.0
CHEMBL4207386,CC(C)=CCNCC(=O)Nc1ccc2nc3n(c(=O)c2c1)CCC3,25.9,active,326.4000000000002,1.8369999999999997,2.0,4.0
CHEMBL4217666,C=CCCNCC(=O)Nc1ccc2nc3n(c(=O)c2c1)CCC3,13.3,active,312.3730000000001,1.4469,2.0,4.0
CHEMBL4212713,C=CCNCC(=O)Nc1ccc2nc3n(c(=O)c2c1)CCC3,66.6,active,298.3460000000001,1.0567999999999995,2.0,4.0
CHEMBL4205426,CCCCCCCCCCCCCCCCNCC(=O)Nc1ccc2nc3n(c(=O)c2c1)CCC3,5.31,active,482.71300000000025,6.352100000000005,2.0,4.0
CHEMBL4217139,CCCCCCCCCCCCNCC(=O)Nc1ccc2nc3n(c(=O)c2c1)CCC3,36.7,active,426.60500000000025,4.791700000000003,2.0,4.0
CHEMBL4208869,CCCCCCCCCCNCC(=O)Nc1ccc2nc3n(c(=O)c2c1)CCC3,24.1,active,398.5510000000003,4.0115000000000025,2.0,4.0
CHEMBL4203988,CCCCCCCCNCC(=O)Nc1ccc2nc3n(c(=O)c2c1)CCC3,10.6,active,370.49700000000024,3.231300000000002,2.0,4.0
CHEMBL4217746,CCCCCCNCC(=O)Nc1ccc2nc3n(c(=O)c2c1)CCC3,25.3,active,342.4430000000002,2.4511000000000003,2.0,4.0
CHEMBL4208322,CCCCNCC(=O)Nc1ccc2nc3n(c(=O)c2c1)CCC3,21.2,active,314.3890000000001,1.6708999999999998,2.0,4.0
CHEMBL4213147,CCCNCC(=O)Nc1ccc2nc3n(c(=O)c2c1)CCC3,310.0,active,300.36200000000014,1.2807999999999993,2.0,4.0
CHEMBL4209420,CCNCC(=O)Nc1ccc2nc3n(c(=O)c2c1)CCC3,557.0,active,286.3350000000001,0.8906999999999994,2.0,4.0
CHEMBL4209795,COc1cc(/C=C/C(=O)NCCCCCCNc2c3c(nc4ccccc24)CCCC3)cc(OC)c1OCc1nc(C)c(C)nc1C,108.4,active,637.8249999999999,7.226960000000008,2.0,8.0
CHEMBL4216066,COc1cc(/C=C/C(=O)NCCCCCCNc2c3c(nc4ccccc24)CCCC3)cc(OC)c1O,65.2,active,503.6430000000003,5.638300000000006,3.0,6.0
CHEMBL4203672,COc1ccc(Cn2cc(C(=O)NCCCCCCCCNc3c4c(nc5cc(Cl)ccc35)CCCC4)c(=O)c3ccccc32)cc1,119.0,active,651.2510000000003,8.321300000000006,2.0,5.0
CHEMBL4213591,COc1ccc(Cn2cc(C(=O)NCCCCCCCNc3c4c(nc5cc(Cl)ccc35)CCCC4)c(=O)c3ccccc32)cc1,51.7,active,637.2240000000004,7.931200000000008,2.0,5.0
CHEMBL4217346,COc1ccc(Cn2cc(C(=O)NCCCCCCNc3c4c(nc5cc(Cl)ccc35)CCCC4)c(=O)c3ccccc32)cc1,94.1,active,623.1970000000003,7.541100000000007,2.0,5.0
CHEMBL4217660,COc1ccc(Cn2cc(C(=O)NCCCCCNc3c4c(nc5cc(Cl)ccc35)CCCC4)c(=O)c3ccccc32)cc1,180.0,active,609.1700000000003,7.151000000000007,2.0,5.0
CHEMBL4215154,COc1ccc(Cn2cc(C(=O)NCCCCNc3c4c(nc5cc(Cl)ccc35)CCCC4)c(=O)c3ccccc32)cc1,89.6,active,595.1430000000004,6.760900000000007,2.0,5.0
CHEMBL4210729,COc1ccc(Cn2cc(C(=O)NCCCNc3c4c(nc5cc(Cl)ccc35)CCCC4)c(=O)c3ccccc32)cc1,41.9,active,581.1160000000004,6.370800000000005,2.0,5.0
CHEMBL4215217,COc1ccc(Cn2cc(C(=O)NCCNc3c4c(nc5cc(Cl)ccc35)CCCC4)c(=O)c3ccccc32)cc1,74.5,active,567.0890000000004,5.980700000000005,2.0,5.0
CHEMBL4204901,COc1ccc(Cn2cc(C(=O)NCCCCCCCCNc3c4c(nc5ccccc35)CCCC4)c(=O)c3ccccc32)cc1,768.0,active,616.8060000000004,7.667900000000008,2.0,5.0
CHEMBL4214900,COc1ccc(Cn2cc(C(=O)NCCCCCCCNc3c4c(nc5ccccc35)CCCC4)c(=O)c3ccccc32)cc1,194.0,active,602.7790000000003,7.277800000000008,2.0,5.0
CHEMBL4206484,COc1ccc(Cn2cc(C(=O)NCCCCCCNc3c4c(nc5ccccc35)CCCC4)c(=O)c3ccccc32)cc1,194.0,active,588.7520000000004,6.887700000000007,2.0,5.0
CHEMBL4202784,COc1ccc(Cn2cc(C(=O)NCCCCCNc3c4c(nc5ccccc35)CCCC4)c(=O)c3ccccc32)cc1,293.0,active,574.7250000000004,6.4976000000000065,2.0,5.0
CHEMBL4209755,COc1ccc(Cn2cc(C(=O)NCCCCNc3c4c(nc5ccccc35)CCCC4)c(=O)c3ccccc32)cc1,491.0,active,560.6980000000003,6.107500000000006,2.0,5.0
CHEMBL4214668,COc1ccc(Cn2cc(C(=O)NCCCNc3c4c(nc5ccccc35)CCCC4)c(=O)c3ccccc32)cc1,129.0,active,546.6710000000004,5.717400000000005,2.0,5.0
CHEMBL4205374,COc1ccc(Cn2cc(C(=O)NCCNc3c4c(nc5ccccc35)CCCC4)c(=O)c3ccccc32)cc1,187.0,active,532.6440000000003,5.327300000000005,2.0,5.0
CHEMBL4210274,COc1ccc(Cn2cc(C(=O)NCCCCCCCCNc3c4c(nc5ccc(OC)cc35)CCCC4)c(=O)c3ccccc32)cc1,74300.0,inactive,646.8320000000003,7.676500000000009,2.0,6.0
CHEMBL4217617,COc1ccc(Cn2cc(C(=O)NCCCCCCCNc3c4c(nc5ccc(OC)cc35)CCCC4)c(=O)c3ccccc32)cc1,1530.0,intermediate,632.8050000000004,7.286400000000008,2.0,6.0
CHEMBL4205910,COc1ccc(Cn2cc(C(=O)NCCCCCCNc3c4c(nc5ccc(OC)cc35)CCCC4)c(=O)c3ccccc32)cc1,10000.0,inactive,618.7780000000004,6.896300000000007,2.0,6.0
CHEMBL4204913,COc1ccc(Cn2cc(C(=O)NCCCCCNc3c4c(nc5ccc(OC)cc35)CCCC4)c(=O)c3ccccc32)cc1,8020.0,intermediate,604.7510000000003,6.506200000000007,2.0,6.0
CHEMBL4216601,COc1ccc(Cn2cc(C(=O)NCCCCNc3c4c(nc5ccc(OC)cc35)CCCC4)c(=O)c3ccccc32)cc1,9500.0,intermediate,590.7240000000004,6.116100000000006,2.0,6.0
CHEMBL4217126,COc1ccc(Cn2cc(C(=O)NCCCNc3c4c(nc5ccc(OC)cc35)CCCC4)c(=O)c3ccccc32)cc1,2240.0,intermediate,576.6970000000005,5.726000000000005,2.0,6.0
CHEMBL4212151,COc1ccc(Cn2cc(C(=O)NCCNc3c4c(nc5ccc(OC)cc35)CCCC4)c(=O)c3ccccc32)cc1,2640.0,intermediate,562.6700000000004,5.335900000000005,2.0,6.0
CHEMBL608112,COc1ccc(Cn2cc(C(=O)O)c(=O)c3ccccc32)cc1,1000000.0,inactive,309.321,2.7566000000000006,1.0,3.0
CHEMBL4216666,O/N=C/c1nc(CCCCNc2c3c(nc4ccc(Cl)cc24)CCCC3)ccc1O,2300.0,intermediate,424.9320000000003,5.1105000000000045,3.0,6.0
CHEMBL77510,O/N=C/c1ccccn1,560000.0,inactive,122.12699999999998,0.8896999999999999,1.0,3.0
CHEMBL4210949,CC(=O)OC(C)(C)/C=C/C(=O)[C@](C)(O)[C@H]1[C@H](O)C[C@@]2(C)[C@@H]3CC=C(C(C)(C)C(=O)O)/C(=C\C(=O)O)[C@]3(C)C(=O)C[C@]12C,3100.0,intermediate,588.6940000000002,3.6450000000000014,4.0,8.0
CHEMBL4214417,CC(=O)OC(C)(C)/C=C/C(=O)[C@](C)(O)[C@H]1[C@H](O)C[C@@]2(C)[C@@H]3CC=C(C(C)(C)C(=O)O)C4=CC(=O)O[C@](O)(C[C@]12C)[C@@]43C,2600.0,intermediate,588.6940000000002,3.236700000000001,4.0,9.0
CHEMBL709,COc1cc2nc(N(C)CCCNC(=O)C3CCCO3)nc(N)c2cc1OC,18.0,active,389.4560000000002,1.3507000000000002,2.0,8.0
CHEMBL1201217,CCCCOc1ccc(C(=O)CCN2CCCCC2)cc1,181.0,active,289.4189999999999,3.9242000000000035,0.0,3.0
CHEMBL623,CCc1nn(CCCN2CCN(c3cccc(Cl)c3)CC2)c(=O)n1CCOc1ccccc1,1037.0,intermediate,470.01700000000034,3.5519000000000025,0.0,5.0
CHEMBL4241840,COc1ccc2c(c1)C/C(=C/C1CCN(Cc3ccccc3)CC1)C2=O,44.1,active,347.4580000000001,4.272600000000004,0.0,3.0
CHEMBL4243474,COc1ccc2c(c1)C/C(=C/c1ccccc1-c1ccccc1)C2=O,29.8,active,326.39500000000004,5.184600000000004,0.0,2.0
CHEMBL4244803,COc1ccc(-c2ccccc2/C=C2/Cc3cc(OC)ccc3C2=O)cc1,21.2,active,356.42100000000005,5.1932000000000045,0.0,3.0
CHEMBL4242359,COc1ccc2c(c1)C/C(=C/c1ccccc1-c1ccc3ccccc3c1)C2=O,32.4,active,376.4550000000001,6.337800000000005,0.0,2.0
CHEMBL4240861,COc1ccc2c(c1)C/C(=C/c1ccccc1-c1ccc3nc(N)ccc3c1)C2=O,14.7,active,392.45800000000014,5.315000000000004,1.0,4.0
CHEMBL4250314,CCOc1cccc2c(=O)c3c(oc12)CCN(/C(=C/C(=O)OC)C(=O)OC)C3,20000.0,inactive,387.38800000000015,1.7797,0.0,8.0
CHEMBL4238937,COC(=O)/C=C(\C(=O)OC)N1CCc2oc3ccc(Br)cc3c(=O)c2C1,20000.0,inactive,422.2310000000001,2.1434999999999995,0.0,7.0
CHEMBL4238512,C=Cc1oc2ccc(Br)cc2c(=O)c1CN(Cc1ccccc1)/C(=C/C(=O)OC)C(=O)OC,20000.0,inactive,512.3560000000003,4.4306000000000045,0.0,7.0
CHEMBL4250143,C=Cc1oc2ccccc2c(=O)c1CN(Cc1ccccc1)/C(=C/C(=O)OC)C(=O)OC,20000.0,inactive,433.46000000000015,3.668100000000001,0.0,7.0
CHEMBL4250287,C=Cc1oc2ccc(Br)cc2c(=O)c1CN(/C=C/C(C)=O)Cc1ccccc1,20000.0,inactive,438.3210000000002,5.303400000000004,0.0,4.0
CHEMBL4246032,C=Cc1oc2ccccc2c(=O)c1CN(/C=C/C(C)=O)Cc1ccccc1,20000.0,inactive,359.42500000000007,4.540900000000003,0.0,4.0
CHEMBL4249829,C=Cc1oc2ccc(Br)cc2c(=O)c1CN(C)/C=C/C(=O)OC,20000.0,inactive,378.22200000000015,3.317000000000002,0.0,5.0
CHEMBL4240365,C=Cc1oc2ccc(Br)cc2c(=O)c1CN(/C=C/C(=O)OC)Cc1ccccc1,20000.0,inactive,454.3200000000002,4.887400000000004,0.0,5.0
CHEMBL4244573,C=Cc1oc2ccccc2c(=O)c1CN(/C=C/C(=O)OC)Cc1ccccc1,20000.0,inactive,375.4240000000001,4.124900000000003,0.0,5.0
CHEMBL4250510,CCOc1cccc2c(=O)c3c(oc12)CCN(C)C3,20000.0,inactive,259.30499999999995,2.1795999999999998,0.0,4.0
CHEMBL4248378,CN1CCc2oc3ccc(Br)cc3c(=O)c2C1,20000.0,inactive,294.148,2.5434,0.0,3.0
CHEMBL4241100,CCOc1cccc2c(=O)c3c(oc12)CCN(Cc1ccccc1)C3,20000.0,inactive,335.403,3.7500000000000027,0.0,4.0
CHEMBL4250950,O=c1c2c(oc3ccc(Br)cc13)CCN(Cc1ccccc1)C2,20000.0,inactive,370.24600000000004,4.113800000000002,0.0,3.0
CHEMBL4244773,O=c1c2c(oc3ccccc13)CCN(Cc1ccccc1)C2,20000.0,inactive,291.34999999999997,3.351300000000002,0.0,3.0
CHEMBL4294109,O=C(CCCc1c[nH]c2ccccc12)NCCC1CCN(Cc2ccccc2)CC1,1260.0,intermediate,403.5700000000002,4.909100000000004,2.0,2.0
CHEMBL4285818,O=C(Cc1c[nH]c2ccc(Br)cc12)NCCC1CCN(Cc2ccccc2)CC1,1410.0,intermediate,454.4120000000003,4.891400000000004,2.0,2.0
CHEMBL4277879,Cc1[nH]c2ccccc2c1CC(=O)NCCC1CCN(Cc2ccccc2)CC1,7270.0,intermediate,389.5430000000001,4.437320000000004,2.0,2.0
CHEMBL4282414,Cn1cc(C(=O)NCCC2CCN(Cc3ccccc3)CC2)c2ccccc21,6110.0,intermediate,375.51600000000013,4.2104000000000035,1.0,2.0
CHEMBL4293015,Cn1cc(CC(=O)NCCC2CCN(Cc3ccccc3)CC2)c2ccccc21,1420.0,intermediate,389.5430000000001,4.139300000000003,1.0,2.0
CHEMBL4283651,O=C(Cc1c[nH]c2ccccc12)NCCC1CCN(Cc2ccccc2)CC1,3550.0,intermediate,375.51600000000013,4.128900000000003,2.0,2.0
CHEMBL4278287,COc1ccc2nc3c(c(NCCCNC(=O)c4sc(-c5ccnc(NC(=O)C6CC6)c5)nc4OC)c2c1)CCCC3,38.0,active,586.718,5.2298000000000044,3.0,9.0
CHEMBL4285581,COc1ccc2nc3c(c(NCCNC(=O)c4sc(-c5ccnc(NC(=O)C6CC6)c5)nc4OC)c2c1)CCCC3,23.0,active,572.691,4.839700000000004,3.0,9.0
CHEMBL4293418,COc1nc(-c2ccnc(NC(=O)C3CC3)c2)sc1C(=O)NCCCNc1c2c(nc3cc(Cl)ccc13)CCCC2,3.6,active,591.137,5.8746000000000045,3.0,8.0
CHEMBL4282154,COc1nc(-c2ccnc(NC(=O)C3CC3)c2)sc1C(=O)NCCNc1c2c(nc3cc(Cl)ccc13)CCCC2,2.1,active,577.1099999999999,5.484500000000004,3.0,8.0
CHEMBL4290039,COc1nc(-c2ccnc(NC(=O)C3CC3)c2)sc1C(=O)NCCCCCCNc1c2c(nc3ccccc13)CCCC2,22.0,active,598.7730000000001,6.391500000000006,3.0,8.0
CHEMBL4278686,COc1nc(-c2ccnc(NC(=O)C3CC3)c2)sc1C(=O)NCCCNc1c2c(nc3ccccc13)CCCC2,6.4,active,556.692,5.221200000000004,3.0,8.0
CHEMBL4286601,COc1nc(-c2ccnc(NC(=O)C3CC3)c2)sc1C(=O)NCCNc1c2c(nc3ccccc13)CCCC2,6.3,active,542.6650000000001,4.831100000000004,3.0,8.0
CHEMBL4278164,COC(=O)c1sc(-c2ccnc(NC(=O)C3CC3)c2)nc1OCCNc1c2c(nc3ccccc13)CCCC2,130.0,active,543.6490000000002,5.258100000000004,2.0,9.0
CHEMBL4288850,NC(=O)c1sc(-c2ccnc(NC(=O)C3CC3)c2)nc1OCCNc1c2c(nc3ccccc13)CCCC2,300.0,active,528.6380000000003,4.570400000000004,3.0,8.0
CHEMBL4293305,O=C(O)c1sc(-c2ccnc(NC(=O)C3CC3)c2)nc1OCCNc1c2c(nc3ccccc13)CCCC2,580.0,active,529.6220000000002,5.169700000000004,3.0,8.0
CHEMBL4285481,CCOC(=O)c1sc(-c2ccnc(NC(=O)C3CC3)c2)nc1OCCNc1c2c(nc3ccccc13)CCCC2,310.0,active,557.6760000000002,5.6482000000000046,2.0,9.0
CHEMBL4282502,C[C@@H]1C[C@H]2CC(=O)[C@H]3CCC[N+]4([O-])CCC[C@@H]2[C@]34C1,100000.0,inactive,263.381,2.878700000000001,0.0,2.0
CHEMBL4283621,C[C@@H]1C[C@H]2CC(=O)[C@H]3CCCN4CCC[C@@H]2[C@]34C1,100000.0,inactive,247.38199999999992,2.866100000000001,0.0,2.0
CHEMBL4289362,C[C@@H]1C[C@H]2CC(=O)[C@H]3CCC[N+]4([O-])CCC[C@]2(O)[C@]34C1,590.0,active,279.38,1.9935999999999998,1.0,3.0
CHEMBL4287748,C[N+](C)(CC#CCOC1=NOCC1)CCCCCCCCCCNc1c2c(nc3ccccc13)CCCC2.[Br-],1.778,active,599.6580000000004,3.480500000000002,1.0,5.0
CHEMBL4283298,C[N+](C)(CC#CCOC1=NOCC1)CCCCCCCNc1c2c(nc3ccccc13)CCCC2.[Br-],1.995,active,557.5770000000002,2.310200000000001,1.0,5.0
CHEMBL4293086,CC(C)(CN1C(=O)c2cccc3cccc(c23)C1=O)C[N+](C)(C)CCCCCCCCCC[N+](C)(C)CC#CCOC1=NOCC1.[Br-].[Br-],1071.52,intermediate,792.6980000000003,0.4974000000000076,0.0,5.0
CHEMBL4281409,C[N+](C)(CC#CCOC1=NOCC1)CCCCCCCCCC[N+](C)(C)CCCN1C(=O)c2ccccc2C1=O.[Br-].[Br-],13182.57,inactive,714.5840000000004,-1.2918999999999907,0.0,5.0
CHEMBL4280241,Fc1ccc2c(C3CCN(CCN4CCCC4)CC3)noc2c1,3290.0,intermediate,317.408,3.2421000000000015,0.0,4.0
CHEMBL4290877,Fc1ccc2c(C3CCN(CCN4CCCCC4)CC3)noc2c1,2220.0,intermediate,331.43500000000006,3.6322000000000028,0.0,4.0
CHEMBL4294640,Cn1c2nc3ccccc3c-2c(NCCCCCCCCNc2c3c(nc4ccccc24)CCCC3)c2ccccc21,0.95,active,555.7700000000003,9.1229,2.0,4.0
CHEMBL4284047,Cn1c2nc3ccccc3c-2c(NCCCCCCNc2c3c(nc4ccccc24)CCCC3)c2ccccc21,1.25,active,527.7160000000002,8.342700000000004,2.0,4.0
CHEMBL4281440,Cn1c2nc3ccccc3c-2c(NCCCCNc2c3c(nc4ccccc24)CCCC3)c2ccccc21,53.0,active,499.66200000000026,7.562500000000006,2.0,4.0
CHEMBL4280612,Nc1c2c(nc3cc(Cl)ccc13)C[C@H]1C=C(CCCCn3cc(CO)nn3)C[C@H]2C1,0.43,active,423.94800000000026,4.400800000000003,2.0,5.0
CHEMBL4283770,CN(C)CCOc1ccc(/C=C2\COc3ccccc3C2=O)cc1,657.0,active,323.39200000000005,3.285700000000002,0.0,4.0
CHEMBL4277095,CCN(CC)CCOc1ccc(/C=C2\COc3ccccc3C2=O)cc1,3290.0,intermediate,351.4460000000001,4.065900000000004,0.0,4.0
CHEMBL4285471,CCN(CC)CCCCOc1ccc(/C=C2\COc3ccccc3C2=O)cc1,14100.0,inactive,379.5000000000001,4.846100000000005,0.0,4.0
CHEMBL4280935,CCN(CC)CCCCCCOc1ccc(/C=C2\COc3ccccc3C2=O)cc1,1850.0,intermediate,407.55400000000014,5.626300000000006,0.0,4.0
CHEMBL4291591,CN(CCCCCCOc1ccc(/C=C2\COc3ccccc3C2=O)cc1)Cc1ccccc1,40900.0,inactive,455.5980000000002,6.416500000000007,0.0,4.0
CHEMBL4283733,CCN(CCOc1ccc(/C=C2\COc3ccccc3C2=O)cc1)Cc1ccccc1,22300.0,inactive,413.51700000000017,5.246200000000005,0.0,4.0
CHEMBL4288571,O=C1/C(=C/c2ccc(OCCCN3CCN(Cc4ccccc4)CC3)cc2)COc2ccccc21,4720.0,intermediate,468.59700000000015,4.932000000000005,0.0,5.0
CHEMBL4281894,CN(C)CCOc1cccc(/C=C2\COc3ccccc3C2=O)c1,1410.0,intermediate,323.39200000000005,3.285700000000002,0.0,4.0
CHEMBL4289104,CN(C)CCCOc1cccc(/C=C2\COc3ccccc3C2=O)c1,25720.0,inactive,337.41900000000004,3.6758000000000024,0.0,4.0
CHEMBL4278434,CCN(CC)CCOc1cccc(/C=C2\COc3ccccc3C2=O)c1,30300.0,inactive,351.4460000000001,4.065900000000004,0.0,4.0
CHEMBL1383041,O=C1/C(=C/c2ccc(O)cc2)COc2ccccc21,99900.0,inactive,252.26899999999998,3.0509000000000013,1.0,3.0
CHEMBL4292192,CCN(CC)c1ccc(/C=C/c2cc(N3CCCCC3)c3ccccc3n2)cc1,64100.0,inactive,385.55500000000006,6.241700000000006,0.0,3.0
CHEMBL4276675,CN(CCCCCN1C(=O)c2ccccc2S1(=O)=O)Cc1ccccc1,33.0,active,372.4900000000002,3.1334000000000017,0.0,4.0
CHEMBL4225157,C#CCNc1nc(NCCCCC2CCN(Cc3ccccc3)CC2)c(C#N)cc1C#N,1.0,active,426.56800000000015,4.364460000000004,2.0,6.0
CHEMBL4287962,COc1ccc(NC(=O)c2coc3ccc(/C=C/C(=O)O)cc3c2=O)cc1,8700.0,intermediate,365.3410000000001,3.151700000000001,2.0,5.0
CHEMBL4284580,O=C(O)/C=C/c1ccc2occ(C(=O)Nc3ccccc3)c(=O)c2c1,9250.0,intermediate,335.31500000000005,3.1431000000000013,2.0,4.0
CHEMBL4294389,COc1ccc(NC(=O)c2cc(=O)c3cc(/C=C/C(=O)O)ccc3o2)cc1,7430.0,intermediate,365.34100000000007,3.151700000000001,2.0,5.0
CHEMBL4283814,Cc1ccc(NC(=O)c2cc(=O)c3cc(/C=C/C(=O)O)ccc3o2)cc1,5100.0,intermediate,349.34200000000004,3.4515200000000013,2.0,4.0
CHEMBL4279249,O=C(O)/C=C/c1ccc2oc(C(=O)Nc3ccccc3)cc(=O)c2c1,5990.0,intermediate,335.31500000000005,3.1431000000000013,2.0,4.0
CHEMBL4283463,CCN(CC)CCOC(=O)/C=C/c1ccc2occ(C(=O)Nc3cccc(Cl)c3)c(=O)c2c1,8540.0,intermediate,468.93700000000024,4.596900000000003,1.0,6.0
CHEMBL4294028,CCN(CC)CCOC(=O)/C=C/c1ccc2occ(C(=O)Nc3ccc(Cl)cc3)c(=O)c2c1,7680.0,intermediate,468.93700000000024,4.596900000000003,1.0,6.0
CHEMBL4286806,CCN(CC)CCOC(=O)/C=C/c1ccc2occ(C(=O)Nc3ccc(OC)cc3)c(=O)c2c1,5430.0,intermediate,464.51800000000026,3.9521000000000024,1.0,7.0
CHEMBL4278883,CCN(CC)CCOC(=O)/C=C/c1ccc2occ(C(=O)Nc3ccc(C)cc3)c(=O)c2c1,8990.0,intermediate,448.51900000000023,4.251920000000004,1.0,6.0
CHEMBL4285749,CN(C)CCOC(=O)/C=C/c1ccc2occ(C(=O)Nc3ccc(Cl)cc3)c(=O)c2c1,9320.0,intermediate,440.88300000000015,3.8167000000000018,1.0,6.0
CHEMBL4294859,COc1ccc(NC(=O)c2coc3ccc(/C=C/C(=O)OCCN(C)C)cc3c2=O)cc1,3540.0,intermediate,436.4640000000003,3.1719000000000017,1.0,7.0
CHEMBL4284235,Cc1ccc(NC(=O)c2coc3ccc(/C=C/C(=O)OCCN(C)C)cc3c2=O)cc1,970.0,active,420.46500000000026,3.471720000000002,1.0,6.0
CHEMBL4286556,CN(C)CCOC(=O)/C=C/c1ccc2occ(C(=O)Nc3ccccc3)c(=O)c2c1,3690.0,intermediate,406.4380000000001,3.1633000000000013,1.0,6.0
CHEMBL4294446,CCN(CC)CCOC(=O)/C=C/c1ccc2oc(C(=O)Nc3ccc(C)c(C)c3)cc(=O)c2c1,2470.0,intermediate,462.5460000000002,4.560340000000004,1.0,6.0
CHEMBL4283189,CCN(CC)CCOC(=O)/C=C/c1ccc2oc(C(=O)Nc3cccc(Cl)c3)cc(=O)c2c1,4450.0,intermediate,468.9370000000001,4.596900000000003,1.0,6.0
CHEMBL4291046,CCN(CC)CCOC(=O)/C=C/c1ccc2oc(C(=O)Nc3ccc(Cl)cc3)cc(=O)c2c1,860.0,active,468.9370000000001,4.596900000000003,1.0,6.0
CHEMBL4293364,CCN(CC)CCOC(=O)/C=C/c1ccc2oc(C(=O)Nc3ccc(OC)cc3)cc(=O)c2c1,1140.0,intermediate,464.5180000000002,3.9521000000000024,1.0,7.0
CHEMBL4282755,CCN(CC)CCOC(=O)/C=C/c1ccc2oc(C(=O)Nc3ccc(C)cc3)cc(=O)c2c1,9870.0,intermediate,448.5190000000002,4.251920000000003,1.0,6.0
CHEMBL4289981,CCN(CC)CCOC(=O)/C=C/c1ccc2oc(C(=O)Nc3ccccc3)cc(=O)c2c1,3470.0,intermediate,434.49200000000013,3.943500000000003,1.0,6.0
CHEMBL4279297,Cc1ccc(NC(=O)c2cc(=O)c3cc(/C=C/C(=O)OCCN(C)C)ccc3o2)cc1C,210.0,active,434.49200000000025,3.780140000000003,1.0,6.0
CHEMBL4289908,CN(C)CCOC(=O)/C=C/c1ccc2oc(C(=O)Nc3cccc(Cl)c3)cc(=O)c2c1,5920.0,intermediate,440.88300000000015,3.8167000000000018,1.0,6.0
CHEMBL4282037,CN(C)CCOC(=O)/C=C/c1ccc2oc(C(=O)Nc3ccc(Cl)cc3)cc(=O)c2c1,1220.0,intermediate,440.88300000000015,3.8167000000000018,1.0,6.0
CHEMBL4287595,COc1ccc(NC(=O)c2cc(=O)c3cc(/C=C/C(=O)OCCN(C)C)ccc3o2)cc1,910.0,active,436.4640000000002,3.1719000000000017,1.0,7.0
CHEMBL4292235,Cc1ccc(NC(=O)c2cc(=O)c3cc(/C=C/C(=O)OCCN(C)C)ccc3o2)cc1,210.0,active,420.4650000000002,3.471720000000002,1.0,6.0
CHEMBL4285714,CN(C)CCOC(=O)/C=C/c1ccc2oc(C(=O)Nc3ccccc3)cc(=O)c2c1,740.0,active,406.4380000000001,3.1633000000000013,1.0,6.0
CHEMBL4293179,CCN1CCN(C(=O)COc2ccc(-c3ccccc3)cc2)CC1,200000.0,inactive,324.4240000000001,2.8965000000000014,0.0,3.0
CHEMBL4285972,CN1CCN(C2CCN(C(=O)COc3ccc(-c4ccccc4)cc3)CC2)CC1,10000.0,inactive,393.5310000000002,2.9708000000000014,0.0,4.0
CHEMBL4278046,O=C(COc1ccc(-c2ccccc2)cc1)N1CCC(N2CCCCC2)CC1,4600.0,intermediate,378.5160000000003,4.209300000000003,0.0,3.0
CHEMBL4284506,O=C(COc1ccc(-c2ccccc2)cc1)N1CCC(N2CCOCC2)CC1,93000.0,inactive,380.4880000000003,3.055600000000002,0.0,4.0
CHEMBL4295165,CCN1CCN(CCCNC(=O)COc2ccc(-c3ccccc3)cc2)CC1,113000.0,inactive,381.52000000000015,2.8762000000000008,1.0,4.0
CHEMBL4288000,CN1CCN(CCCNC(=O)COc2ccc(-c3ccccc3)cc2)CC1,115000.0,inactive,367.4930000000001,2.4861000000000004,1.0,4.0
CHEMBL4277357,O=C(COc1ccc(-c2ccccc2)cc1)NCCCN1CCCCC1,57000.0,inactive,352.47800000000024,3.7246000000000024,1.0,3.0
CHEMBL4291400,CCN1CCN(C2CCN(C(=O)COc3ccc(I)cc3)CC2)CC1,20000.0,inactive,457.35600000000017,2.2985000000000007,0.0,4.0
CHEMBL4280753,CCN1CCN(CCCNC(=O)COc2ccc(I)cc2)CC1,87000.0,inactive,431.3180000000001,1.8137999999999994,1.0,4.0
CHEMBL4281203,CN1CCN(CCCNC(=O)COc2ccc(I)cc2)CC1,138000.0,inactive,417.29100000000005,1.4236999999999995,1.0,4.0
CHEMBL4289086,O=C(COc1ccc(I)cc1)NCCCN1CCCCC1,13000.0,inactive,402.2760000000003,2.6622000000000012,1.0,3.0
CHEMBL4284619,CCN1CCN(C2CCN(C(=O)COc3ccc(-c4ccc(OC)cc4)cc3)CC2)CC1,18000.0,inactive,437.5840000000003,3.369500000000002,0.0,5.0
CHEMBL4292499,CCN1CCN(CCCNC(=O)COc2ccc(-c3ccc(OC)cc3)cc2)CC1,110000.0,inactive,411.5460000000002,2.884800000000001,1.0,5.0
CHEMBL4283139,COc1ccc(-c2ccc(OCC(=O)NCCCN3CCN(C)CC3)cc2)cc1,190000.0,inactive,397.5190000000001,2.4947,1.0,5.0
CHEMBL4290992,COc1ccc(-c2ccc(OCC(=O)NCCCN3CCCCC3)cc2)cc1,14000.0,inactive,382.50400000000013,3.7332000000000027,1.0,4.0
CHEMBL4276694,CCN1CCN(C2CCN(C(=O)COc3ccc(-c4ccccc4F)cc3)CC2)CC1,19000.0,inactive,425.54800000000023,3.5000000000000027,0.0,4.0
CHEMBL4287340,CCN1CCN(C2CCN(C(=O)COc3ccc4c(c3)CCC4=O)CC2)CC1,4900.0,intermediate,385.5080000000003,1.8227999999999998,0.0,5.0
CHEMBL4291845,CCN1CCN(C2CCN(C(=O)COc3ccc(-c4ccc([N+](=O)[O-])cc4)cc3)CC2)CC1,2100.0,intermediate,452.5550000000003,3.2691000000000017,0.0,6.0
CHEMBL4282357,Cc1cccc2c1ccc1c3occ(C)c3c(=O)oc(=O)c21,10000.0,inactive,292.29,3.6694400000000016,0.0,4.0
CHEMBL4290236,Cc1coc2c1c(=O)oc(=O)c1c3c(ccc12)C(C)(C)CCC3,3312.0,intermediate,310.3490000000001,3.8217200000000027,0.0,4.0
CHEMBL4285759,Cc1cccc2c1ccc1c3c(c(=O)oc(=O)c12)[C@@H](C)CO3,10132.0,inactive,294.30600000000004,3.1107200000000015,0.0,4.0
CHEMBL4293626,C[C@H]1COc2c1c(=O)oc(=O)c1c3c(ccc21)C(C)(C)CCC3,3213.0,intermediate,312.3650000000001,3.2630000000000017,0.0,4.0
CHEMBL4289318,COc1cc2nc(C(=O)NCCC3CCN(Cc4ccccc4)CC3)cc(OC)c2cc1OC,620.0,active,463.5780000000002,4.2927000000000035,1.0,6.0
CHEMBL4293801,COc1cc2[nH]c(C(=O)NCCC3CCN(Cc4ccccc4)CC3)cc(=O)c2cc1OC,170.0,active,449.5510000000002,3.5774000000000026,2.0,5.0
CHEMBL4285912,O=C(NCCC1CCN(Cc2ccccc2)CC1)c1cc(=O)c2cccc(O)c2[nH]1,1150.0,intermediate,405.49800000000016,3.265800000000002,3.0,4.0
CHEMBL4290401,COc1cccc2c(=O)cc(C(=O)NCCC3CCN(Cc4ccccc4)CC3)[nH]c12,1640.0,intermediate,419.5250000000002,3.568800000000002,2.0,4.0
CHEMBL4282527,COc1ccc2c(=O)cc(C(=O)NCCC3CCN(Cc4ccccc4)CC3)[nH]c2c1,450.0,active,419.52500000000015,3.568800000000002,2.0,4.0
CHEMBL4294609,O=C(NCCC1CCN(Cc2ccccc2)CC1)c1cc(=O)c2cc(O)ccc2[nH]1,300.0,active,405.49800000000016,3.2658000000000014,3.0,4.0
CHEMBL4287548,COc1ccc2[nH]c(C(=O)NCCC3CCN(Cc4ccccc4)CC3)cc(=O)c2c1,880.0,active,419.52500000000015,3.568800000000002,2.0,4.0
CHEMBL4294783,COc1cc2oc(C(=O)NCCCC3CCN(Cc4ccccc4)CC3)cc(=O)c2cc1OC,110.0,active,464.5620000000002,4.232400000000004,1.0,6.0
CHEMBL4284165,O=C(NCCCC1CCN(Cc2ccccc2)CC1)c1cc(=O)c2cc(O)ccc2o1,23.0,active,420.50900000000024,3.9208000000000034,2.0,5.0
CHEMBL4291372,COc1ccc2oc(C(=O)NCCCC3CCN(Cc4ccccc4)CC3)cc(=O)c2c1,370.0,active,434.5360000000002,4.223800000000003,1.0,5.0
CHEMBL4280725,O=C(NCCC1CCN(Cc2ccccc2)CC1)c1cc(=O)c2cc(O)c(O)cc2o1,4130.0,intermediate,422.4810000000002,3.2363000000000026,3.0,6.0
CHEMBL4287970,COc1cc2oc(C(=O)NCCC3CCN(Cc4ccccc4)CC3)cc(=O)c2cc1OC,46.0,active,450.5350000000002,3.8423000000000025,1.0,6.0
CHEMBL4277332,O=C(NCCC1CCN(Cc2ccccc2)CC1)c1cc(=O)c2c(O)cc(O)cc2o1,580.0,active,422.4810000000002,3.2363000000000017,3.0,6.0
CHEMBL4284591,COc1cc(OC)c2c(=O)cc(C(=O)NCCC3CCN(Cc4ccccc4)CC3)oc2c1,320.0,active,450.5350000000003,3.8423000000000034,1.0,6.0
CHEMBL4292477,Nc1ccc2oc(C(=O)NCCC3CCN(Cc4ccccc4)CC3)cc(=O)c2c1,41.0,active,405.4980000000001,3.407300000000002,2.0,5.0
CHEMBL4277548,O=C(NCCC1CCN(Cc2ccccc2)CC1)c1cc(=O)c2cc([N+](=O)[O-])ccc2o1,21.0,active,435.48000000000025,3.7333000000000025,1.0,6.0
CHEMBL4285779,COc1ccc2c(=O)cc(C(=O)NCCC3CCN(Cc4ccccc4)CC3)oc2c1,33.0,active,420.5090000000002,3.833700000000003,1.0,5.0
CHEMBL4291296,O=C(NCCC1CCN(Cc2ccccc2)CC1)c1cc(=O)c2cc(O)ccc2o1,91.0,active,406.4820000000002,3.530700000000002,2.0,5.0
CHEMBL4283450,COc1ccc2oc(C(=O)NCCC3CCN(Cc4ccccc4)CC3)cc(=O)c2c1,170.0,active,420.5090000000001,3.833700000000003,1.0,5.0
CHEMBL4294701,COc1cccc2oc(C(=O)NCCC3CCN(Cc4ccccc4)CC3)cc(=O)c12,870.0,active,420.5090000000002,3.833700000000003,1.0,5.0
CHEMBL4286799,O=C(NCCC1CCN(Cc2ccccc2)CC1)c1cc(=O)c2ccccc2o1,110.0,active,390.4830000000002,3.8251000000000026,1.0,4.0
CHEMBL4284495,COc1cc2oc(C(=O)OCCC3CCN(Cc4ccccc4)CC3)cc(=O)c2cc1OC,56.0,active,451.5190000000002,4.269300000000004,0.0,7.0
CHEMBL4295144,COc1cc2oc(C(=O)NCC3CCN(Cc4ccccc4)CC3)cc(=O)c2cc1OC,1460.0,intermediate,436.5080000000002,3.452200000000002,1.0,6.0
CHEMBL4287889,COc1ccc2oc(C(=O)NCC3CCN(Cc4ccccc4)CC3)cc(=O)c2c1,3610.0,intermediate,406.48200000000014,3.4436000000000027,1.0,5.0
CHEMBL4285601,COc1cc2oc(C(=O)OCC3CCN(Cc4ccccc4)CC3)cc(=O)c2cc1OC,300.0,active,437.4920000000002,3.8792000000000035,0.0,7.0
CHEMBL4286731,COc1ccc2oc(C(=O)OCC3CCN(Cc4ccccc4)CC3)cc(=O)c2c1,7490.0,intermediate,407.4660000000001,3.870600000000003,0.0,6.0
CHEMBL4292446,COc1cc2oc(C(=O)NC3CCN(Cc4ccccc4)CC3)cc(=O)c2cc1OC,660.0,active,422.4810000000002,3.204600000000002,1.0,6.0
CHEMBL4283079,O=C(NC1CCN(Cc2ccccc2)CC1)c1cc(=O)c2cc(O)ccc2o1,2360.0,intermediate,378.42800000000017,2.8930000000000007,2.0,5.0
CHEMBL4290940,COc1ccc2oc(C(=O)NC3CCN(Cc4ccccc4)CC3)cc(=O)c2c1,970.0,active,392.45500000000015,3.1960000000000015,1.0,5.0
CHEMBL4292399,Cl.Cl.Nc1ccc(O)c(Cn2cccn2)c1,844500.0,inactive,262.14,2.0627999999999993,2.0,3.0
CHEMBL4286677,Cl.Cl.Nc1ccc(O)c(Cn2ccnc2)c1,482500.0,inactive,262.14,2.0627999999999993,2.0,3.0
CHEMBL4294906,Cl.Cl.Nc1ccc(O)c(CN2CCOCC2)c1,270600.0,inactive,281.183,1.6502000000000001,2.0,4.0
CHEMBL4288558,Cl.Cl.Nc1ccc(O)c(CN2CCCCC2)c1,456000.0,inactive,279.21099999999996,2.8039000000000005,2.0,3.0
CHEMBL4282163,Cl.Cl.Nc1ccc(O)c(CN2CCCC2)c1,6300.0,intermediate,265.1839999999999,2.4138,2.0,3.0
CHEMBL4285213,CCCN(CCC)Cc1cc(N)ccc1O.Cl.Cl,131100.0,inactive,295.25399999999996,3.4400000000000026,2.0,3.0
CHEMBL4280224,CCN(CC)Cc1cc(N)ccc1O.Cl.Cl,48300.0,inactive,267.2,2.659800000000002,2.0,3.0
CHEMBL4282360,CCCCCCN(C)Cc1cc(N)ccc1O.Cl.Cl,1053500.0,inactive,309.281,3.830100000000004,2.0,3.0
CHEMBL4283986,CCCCCN(C)Cc1cc(N)ccc1O.Cl.Cl,805100.0,inactive,295.25399999999996,3.4400000000000026,2.0,3.0
CHEMBL4280848,CCCCN(C)Cc1cc(N)ccc1O.Cl.Cl,125200.0,inactive,281.227,3.0499000000000023,2.0,3.0
CHEMBL4288742,CCCN(C)Cc1cc(N)ccc1O.Cl.Cl,1151000.0,inactive,267.2,2.659800000000002,2.0,3.0
CHEMBL4284261,CCN(C)Cc1cc(N)ccc1O.Cl.Cl,965100.0,inactive,253.17300000000003,2.2697000000000007,2.0,3.0
CHEMBL4276921,CN(C)Cc1cc(N)ccc1O.Cl.Cl,1536500.0,inactive,239.14600000000002,1.8796000000000004,2.0,3.0
CHEMBL4292574,CNCc1cc(N)ccc1O.Cl.Cl,333500.0,inactive,225.119,1.5374000000000003,3.0,3.0
CHEMBL4287826,CC(C)(C)c1cc(CCC(=O)NCCC2CCN(Cc3ccccc3)CC2)cc(C(C)(C)C)c1O,3420.0,intermediate,478.7210000000003,6.338300000000008,2.0,3.0
CHEMBL4283390,CC(C)(C)c1cc(/C=C/C(=O)NCCC2CCN(Cc3ccccc3)CC2)cc(C(C)(C)C)c1O,2230.0,intermediate,476.70500000000027,6.418900000000008,2.0,3.0
CHEMBL4286736,CC(C)(C)c1cc(C(=O)CNCC2CCN(Cc3ccccc3)CC2)cc(C(C)(C)C)c1O,2440.0,intermediate,450.6670000000002,5.671700000000007,2.0,4.0
CHEMBL4279488,CC(C)(C)c1cc(C(=O)CNCCC2CCN(Cc3ccccc3)CC2)cc(C(C)(C)C)c1O,1380.0,intermediate,464.6940000000002,6.061800000000007,2.0,4.0
CHEMBL4288282,COc1ccc(CN2CCC(CCNC(=O)/C=C/c3cc(C(C)(C)C)c(O)c(C(C)(C)C)c3)CC2)cc1,2120.0,intermediate,506.7310000000004,6.427500000000008,2.0,4.0
CHEMBL4277644,Cc1ccccc1CN1CCC(CCNC(=O)/C=C/c2cc(C(C)(C)C)c(O)c(C(C)(C)C)c2)CC1,2510.0,intermediate,490.73200000000037,6.727320000000009,2.0,3.0
CHEMBL4284895,Cc1ccc(CN2CCC(CCNC(=O)/C=C/c3cc(C(C)(C)C)c(O)c(C(C)(C)C)c3)CC2)cc1,2010.0,intermediate,490.73200000000037,6.727320000000009,2.0,3.0
CHEMBL4292766,CC(C)(C)c1cc(/C=C/C(=O)NCCC2CCN(Cc3ccccc3F)CC2)cc(C(C)(C)C)c1O,750.0,active,494.6950000000003,6.558000000000008,2.0,3.0
CHEMBL4295126,CC(C)(C)c1cc(/C=C/C(=O)NCCC2CCN(Cc3cccc(F)c3)CC2)cc(C(C)(C)C)c1O,1330.0,intermediate,494.6950000000003,6.558000000000008,2.0,3.0
CHEMBL4284475,CC(C)(C)c1cc(/C=C/C(=O)NCCC2CCN(Cc3ccc(F)cc3)CC2)cc(C(C)(C)C)c1O,980.0,active,494.6950000000003,6.558000000000008,2.0,3.0
CHEMBL4291697,CC(C)(C)c1cc(/C=C/C(=O)NCCC2CCN(Cc3ccc(F)cc3F)CC2)cc(C(C)(C)C)c1O,1780.0,intermediate,512.6850000000003,6.697100000000009,2.0,3.0
CHEMBL4281066,CC(C)(C)c1cc(/C=C/C(=O)NCCC2CCN(Cc3ccc(F)c(F)c3)CC2)cc(C(C)(C)C)c1O,1620.0,intermediate,512.6850000000003,6.697100000000009,2.0,3.0
CHEMBL4293155,CC(C)(C)c1cc(/C=C/C(=O)NCCC2CCN(Cc3ccccc3Cl)CC2)cc(C(C)(C)C)c1O,2440.0,intermediate,511.15000000000026,7.072300000000009,2.0,3.0
CHEMBL4282558,CC(C)(C)c1cc(/C=C/C(=O)NCCC2CCN(Cc3cccc(Cl)c3)CC2)cc(C(C)(C)C)c1O,2540.0,intermediate,511.15000000000026,7.072300000000009,2.0,3.0
CHEMBL4281727,CC(C)(C)c1cc(/C=C/C(=O)NCCC2CCN(Cc3ccc(Br)cc3)CC2)cc(C(C)(C)C)c1O,3810.0,intermediate,555.6010000000002,7.181400000000009,2.0,3.0
CHEMBL4292349,CC(C)(C)c1cc(/C=C/C(=O)NCCC2CCN(Cc3cccc([N+](=O)[O-])c3)CC2)cc(C(C)(C)C)c1O,3460.0,intermediate,521.7020000000003,6.327100000000008,2.0,5.0
CHEMBL4278260,CC(C)(C)c1cc(/C=C/C(=O)NCCC2CCN(Cc3ccc(C#N)cc3)CC2)cc(C(C)(C)C)c1O,2780.0,intermediate,501.7150000000003,6.290580000000008,2.0,4.0
CHEMBL4469066,COc1ccc2nc3c(c(NCCCCCNC(=S)NC45CC6CC(CC(C6)C4)C5)c2c1)CCCC3,470.0,active,506.76000000000045,6.137300000000006,3.0,4.0
CHEMBL4591167,NC12CC3CC(F)(CC(C1)c1cc(NC(=O)CCCCNc4c5c(nc6cc(Cl)ccc46)CCCC5)ccc13)C2,2.5,active,561.1450000000003,7.552200000000006,3.0,4.0
CHEMBL4471659,NC12CC3CC(F)(CC(C1)c1cc(NC(=O)CCCNc4c5c(nc6cc(Cl)ccc46)CCCC5)ccc13)C2,0.3,active,547.1180000000003,7.162100000000006,3.0,4.0
CHEMBL4558495,FC12CC3CC(NCCCCCNc4c5c(nc6cc(Cl)ccc46)CCCC5)(CC(C1)c1ccccc13)C2,1.4,active,532.1470000000003,8.244600000000005,2.0,3.0
CHEMBL4469343,FC12CC3CC(NCCCCNc4c5c(nc6cc(Cl)ccc46)CCCC5)(CC(C1)c1ccccc13)C2,2.0,active,518.1200000000003,7.854500000000007,2.0,3.0
CHEMBL4462369,O=C(CCCCNc1c2c(nc3cc(Cl)ccc13)CCCC2)NC12CC3CC(F)(CC(C1)c1ccccc13)C2,1.3,active,546.1300000000003,7.771200000000007,2.0,3.0
CHEMBL4438626,O=C(CCCNc1c2c(nc3cc(Cl)ccc13)CCCC2)NC12CC3CC(F)(CC(C1)c1ccccc13)C2,1.4,active,532.1030000000003,7.381100000000007,2.0,3.0
CHEMBL78010,COc1ccc(-c2cc(=O)c3c(O)c(OC)c(O)cc3o2)cc1,250000.0,inactive,314.293,2.8884000000000007,2.0,6.0
CHEMBL4438650,COc1ccc(-c2cc(=O)c3cc(OC)c(O)c([C@H]4CCC(=O)N4)c3o2)cc1,18300.0,inactive,381.3840000000001,3.1339000000000006,2.0,6.0
CHEMBL4532623,COc1ccc(-c2cc(=O)c3cc(OC)c(O)c([C@@H]4CCC(=O)N4)c3o2)cc1,68000.0,inactive,381.3840000000001,3.1339000000000006,2.0,6.0
CHEMBL4537240,O=C(/C=C/c1ccc(OCCCCCCN2CCCC2)cc1)c1ccc(OCCCCCCN2CCCC2)cc1O,780.0,active,562.7950000000004,7.35830000000001,1.0,6.0
CHEMBL4476091,O=C(/C=C/c1ccccc1)c1ccc(OCCCCCCN2CCCC2)cc1O,3200.0,intermediate,393.5270000000002,5.323300000000006,1.0,4.0
CHEMBL369768,COc1ccc(/C=C/C(=O)c2ccc3c(c2O)C=CC(C)(C)O3)cc1,74710.0,inactive,336.38700000000006,4.481100000000004,1.0,4.0
CHEMBL4578305,COc1ccc(C2CC(=O)c3ccc4c(c3O2)C=CC(C)(C)O4)cc1,91070.0,inactive,336.38700000000006,4.585900000000004,0.0,4.0
CHEMBL362378,CC1(C)C=Cc2c(ccc(C(=O)/C=C/c3ccc(O)cc3)c2O)O1,17140.0,inactive,322.36,4.178100000000004,2.0,4.0
CHEMBL393417,COc1cc2c(cc1OC)[C@@H]1C(=O)c3ccc4c(c3O[C@@H]1CO2)C=CC(C)(C)O4,126700.0,inactive,394.4230000000002,4.007900000000003,0.0,6.0
CHEMBL241806,COc1cc2c(cc1OC)[C@]1(O)C(=O)c3ccc4c(c3O[C@@H]1CO2)C=CC(C)(C)O4,127180.0,inactive,410.4220000000002,3.111900000000002,1.0,7.0
CHEMBL3311038,COc1cc(OC)c(-c2coc3c4c(ccc3c2=O)OC(C)(C)C=C4)cc1OC,121600.0,inactive,394.4230000000002,4.670000000000004,0.0,6.0
CHEMBL3311040,COc1ccc(-c2coc3c4c(ccc3c2=O)OC(C)(C)C=C4)cc1OC,131170.0,inactive,364.3970000000001,4.661400000000005,0.0,5.0
CHEMBL2152545,CCCCCCCNC(=O)Oc1ccc2c(c1)CN1CCc3ccccc3C1N2C,3800.0,intermediate,407.55800000000016,5.252100000000005,1.0,4.0
CHEMBL4583273,CN1c2ccc(OC(=O)NCCCCCCN3CCCC3)cc2CN2CCc3ccccc3C21,880.0,active,462.63800000000026,4.937900000000005,1.0,5.0
CHEMBL4553968,CN1c2ccc(OC(=O)NCCCCCCN3CCCCC3)cc2CN2CCc3ccccc3C21,1200.0,intermediate,476.6650000000003,5.328000000000006,1.0,5.0
CHEMBL4533477,O=C(/C=C/c1ccc([N+](=O)[O-])cc1)NCCCCCCNc1c2c(nc3ccccc13)CCCC2,2.7,active,472.58900000000034,5.823700000000005,2.0,5.0
CHEMBL4451843,O=C(NCCCCCNc1c2c(nc3ccccc13)CCCC2)c1c2ccccc2nc2ccccc12,0.0076,active,488.63500000000033,6.827200000000006,2.0,4.0
CHEMBL4453954,Cc1cc(C)c(S(=O)(=O)Nc2ccc(C3C4=C(CC(C)(C)CC4=O)N(c4ccc(Br)cc4)C4=C3C(=O)CC(C)(C)C4)cc2)c(C)c1,140.0,active,701.727,9.065360000000002,1.0,5.0
CHEMBL4450045,Cc1c(C)c2ccc(OCC3CCN(Cc4cccc(CO)c4)CC3)cc2oc1=O,1400.0,intermediate,407.5100000000002,4.193140000000003,1.0,5.0
CHEMBL4470448,Cc1c(C)c2ccc(OCC3CCN(Cc4cccc(OCCCO)c4)CC3)cc2oc1=O,840.0,active,451.56300000000033,4.4620400000000044,1.0,6.0
CHEMBL4464759,Cc1c(C)c2ccc(OCC3CCN(CCCO)CC3)cc2oc1=O,890.0,active,345.4390000000001,2.883040000000001,1.0,5.0
CHEMBL4459482,Cc1c(C)c2ccc(OCC3CCN(Cc4cccc(CO[N+](=O)[O-])c4)CC3)cc2oc1=O,1300.0,intermediate,452.5070000000003,4.409140000000003,0.0,7.0
CHEMBL4530960,Cc1c(C)c2ccc(OCC3CCN(CCCO[N+](=O)[O-])CC3)cc2oc1=O,860.0,active,390.43600000000015,3.0990400000000013,0.0,7.0
CHEMBL4578377,Cc1c(C)c2ccc(OCC3CCN(Cc4cccc(OCCCO[N+](=O)[O-])c4)CC3)cc2oc1=O,480.0,active,496.5600000000004,4.678040000000005,0.0,8.0
CHEMBL4537101,COc1c(C(=O)CCC2CCN(CC3CCCCC3)CC2)cc(Cl)c2[nH]ccc12,91.4,active,416.99300000000005,6.085100000000007,1.0,3.0
CHEMBL4540355,COc1c(C(=O)CCC2CCN(Cc3ccccc3)CC2)cc(Cl)c2[nH]c([Si](C)(C)C)cc12,275.0,active,483.12800000000027,6.250200000000007,1.0,3.0
CHEMBL4526050,COc1c(C(=O)CCC2CCN(Cc3ccccc3)CC2)cc(Cl)c2[nH]ccc12,20.4,active,410.94500000000016,5.705000000000005,1.0,3.0
CHEMBL4444843,O=C(CCC1CCN(CC2CCCCC2)CC1)c1cc(Cl)c2[nH]ccc2c1,28.8,active,386.967,6.0765000000000065,1.0,2.0
CHEMBL4585990,O=C(CCC1CCN(Cc2ccccc2)CC1)c1ccc2[nH]ccc2c1,13.3,active,346.47400000000005,5.043000000000005,1.0,2.0
CHEMBL4529710,O=C(CCC1CCN(CC2CCCCC2)CC1)c1ccc2[nH]ccc2c1,51.0,active,352.522,5.423100000000005,1.0,2.0
CHEMBL4562793,O=C(CCC1CCN(CC2CCCC2)CC1)c1ccc2[nH]ccc2c1,94.0,active,338.495,5.033000000000005,1.0,2.0
CHEMBL4567394,CCCCN1CCC(CCC(=O)c2ccc3[nH]ccc3c2)CC1,716.0,active,312.4570000000001,4.642900000000004,1.0,2.0
CHEMBL4454706,COc1c(C(=O)CCC2CCN(CC3CCCCC3)CC2)ccc2[nH]ccc12,40.0,active,382.54800000000006,5.4317000000000055,1.0,3.0
CHEMBL4559904,COc1c(C(=O)CCC2CCN(CC3CCCCC3)CC2)cc(Cl)c2c1ccn2C,84.4,active,431.0200000000001,6.0955000000000075,0.0,3.0
CHEMBL4541090,COc1c(C(=O)CCC2CCN(CC3CCCCC3)CC2)cc(Cl)c2c1ccn2Cc1ccccc1,260.6,active,507.11800000000017,7.6068000000000096,0.0,3.0
CHEMBL4583738,COc1c(C(=O)CCC2CCN(CC3CCCCC3)CC2)cc(Cl)c2c1ccn2S(=O)(=O)c1ccccc1.O=C(O)/C=C/C(=O)O,559.0,active,673.2280000000003,6.507300000000007,2.0,7.0
CHEMBL4578844,O=C(CCC1CCN(CC2CCCCC2)CC1)c1ccc2c(ccn2Cc2ccccc2)c1,133.0,active,442.6470000000001,6.944800000000008,0.0,2.0
CHEMBL4438286,CC1C[C@H]2[C@H](O)[C@@H]3O[C@]4(C1)OC1CCN5CCCC24[C@]13C5,30000.0,inactive,291.39099999999996,1.3731999999999998,1.0,4.0
CHEMBL4568349,C=C[C@@H]1[C@@H]2CC3=C(CCC(=O)N3)[C@@]1(N)C[C@H](C)C2,30000.0,inactive,246.35399999999998,2.0999999999999996,2.0,2.0
CHEMBL4449395,C[C@@H]1C[C@H]2Cc3ncc(C4CCCCN4)cc3[C@]3(C1)NCCC[C@H]23,30000.0,inactive,325.50000000000006,3.6933000000000016,2.0,3.0
CHEMBL206106,COc1cc2c(cc1OC)-c1cc3ccc(OC)c(OC)c3c[n+]1CC2,1700.0,intermediate,352.41000000000014,3.384800000000002,0.0,4.0
CHEMBL4548293,COc1cc2c(cc1O)C(Cc1ccc(O)c(Oc3cc(CC4c5cc(O)c(OC)cc5CCN4C)ccc3OC)c1)N(C)CC2,66000.0,inactive,626.7500000000001,6.164900000000007,3.0,9.0
CHEMBL452895,COc1cc2c3cc1Oc1c(O)c(OC)cc4c1[C@@H](Cc1ccc(O)c(c1)Oc1ccc(cc1)C[C@@H]3N(C)CC2)N(C)CC4,97000.0,inactive,594.708,6.556400000000007,2.0,8.0
CHEMBL508781,COc1cc2c3cc1Oc1c(O)c(OC)cc4c1[C@H](Cc1ccc(cc1)Oc1cc(ccc1O)C[C@H]3N(C)CC2)N(C)CC4,100000.0,inactive,594.708,6.556400000000008,2.0,8.0
CHEMBL504323,COc1cc2c3cc1Oc1c(OC)c(OC)cc4c1[C@@H](Cc1ccc(O)c(c1)Oc1ccc(cc1)C[C@@H]3N(C)CC2)N(C)CC4,100000.0,inactive,608.7349999999999,6.859400000000009,1.0,8.0
CHEMBL4585711,COc1cc2c(cc1Oc1c3c(cc(OC)c1OC)CCN(C)C3)C(Cc1ccc(O)cc1)N(C)CC2,100000.0,inactive,504.62700000000035,4.969900000000005,1.0,7.0
CHEMBL4590539,CCN(CC)Cc1cc2cc(c1O)Oc1ccc(cc1)C[C@H]1c3cc(c(OC)cc3CCN1C)Oc1c(OC)c(OC)cc3c1[C@@H](C2)N(C)CC3,68000.0,inactive,693.885,7.70120000000001,1.0,9.0
CHEMBL11531,COc1ccc2cc3n(c(=O)c2c1OC)CCc1cc2c(cc1-3)OCO2,100000.0,inactive,351.3580000000001,2.9705000000000013,0.0,5.0
CHEMBL4444239,COc1ccc(C2=NN(C(C)=O)C(c3ccc(-n4cncn4)cc3)C2)cc1OC,955300.0,inactive,391.43100000000015,2.9821000000000017,0.0,6.0
CHEMBL4476639,COc1ccc(C2=NN(C(C)=O)C(c3ccc(-n4ccnc4)cc3)C2)cc1OC,205600.0,inactive,390.44300000000015,3.587100000000002,0.0,5.0
CHEMBL4448071,COc1ccc(C2=NN(C(C)=O)C(c3ccc(-n4cnc5ccccc54)cc3)C2)cc1OC,319200.0,inactive,440.5030000000002,4.740300000000005,0.0,5.0
CHEMBL4465544,COc1ccc(C2=NN(C(C)=O)C(c3ccc(N4CCN(Cc5ccccc5)CC4)cc3)C2)cc1OC,62800.0,inactive,498.62700000000035,4.723600000000005,0.0,6.0
CHEMBL4576193,COc1ccc(C2=NN(C(C)=O)C(c3ccc(N4CCC(Cc5ccccc5)CC4)cc3)C2)cc1OC,20100.0,inactive,497.63900000000035,5.860500000000006,0.0,5.0
CHEMBL4582736,COc1ccc(C2=NN(C(C)=O)C(c3ccc(N4CCN(C)CC4)cc3)C2)cc1OC,6500.0,intermediate,422.5290000000003,3.153200000000002,0.0,6.0
CHEMBL4594199,CCN1CCN(c2ccc(C3CC(c4ccc(OC)c(OC)c4)=NN3C(C)=O)cc2)CC1,47900.0,inactive,436.5560000000002,3.543300000000002,0.0,6.0
CHEMBL4445377,COc1ccc(C2=NN(C(C)=O)C(c3ccc(N4CCC(C)CC4)cc3)C2)cc1OC,77400.0,inactive,421.5410000000003,4.637700000000004,0.0,5.0
CHEMBL4483487,COc1ccc(C2=NN(C(C)=O)C(c3ccc(N4CCN(c5ccccc5)CC4)cc3)C2)cc1OC,294900.0,inactive,484.6000000000003,4.728000000000005,0.0,6.0
CHEMBL4475612,COc1ccc(C2=NN(C(C)=O)C(c3ccc(N4CCN(Cc5ccccc5)CC4)cc3)C2)cc1,100200.0,inactive,468.6010000000003,4.715000000000004,0.0,5.0
CHEMBL4532224,CCN1CCN(c2ccc(C3CC(c4ccc(OC)cc4)=NN3C(C)=O)cc2)CC1,221200.0,inactive,406.53000000000014,3.5347000000000026,0.0,5.0
CHEMBL14638,O=C(c1ccc(OCCCc2c[nH]cn2)cc1)C1CC1,86100.0,inactive,270.33200000000005,3.014000000000001,1.0,3.0
CHEMBL4589118,Cc1c(OCc2ccccc2)cccc1N1CCN(CCCCCCNc2c3c(nc4c2CCCC4)CCCC3)CC1,14.0,active,566.8340000000004,7.521120000000008,1.0,5.0
CHEMBL4591636,COc1ccccc1CN1CCN(CCCCCOc2cccc3[nH]c4ccccc4c23)CC1,2400.0,intermediate,457.6180000000001,5.696600000000005,1.0,4.0
CHEMBL4545210,COc1cc2c(cc1OC)-c1cc(OCCN3CCCCC3)nc(=O)n1CC2,5000.0,intermediate,385.4640000000002,2.3483,0.0,6.0
CHEMBL4566976,COc1ccc2nc3c(c(NCCCCCCCCNC(=S)NC45CC6CC(CC(C6)C4)C5)c2c1)CCCC3,1600.0,intermediate,548.8410000000001,7.307600000000008,3.0,4.0
CHEMBL4542112,C#CCOc1ccc(/C=N/Nc2c3c(nc4ccccc24)CCCC3)cc1.Cl,2730.0,intermediate,391.9020000000002,4.993400000000004,1.0,4.0
CHEMBL4445026,C(=N/Nc1c2c(nc3ccccc13)CCCC2)\c1ccc(OCc2cn(-c3ccccc3)nn2)cc1.Cl,900.0,active,511.02900000000017,6.141100000000006,1.0,6.0
CHEMBL4443988,Cl.Clc1ccc(-n2cc(COc3ccc(/C=N/Nc4c5c(nc6ccccc46)CCCC5)cc3)nn2)cc1,7030.0,intermediate,545.4740000000003,6.7945000000000055,1.0,6.0
CHEMBL4526428,Brc1ccc(-n2cc(COc3ccc(/C=N/Nc4c5c(nc6ccccc46)CCCC5)cc3)nn2)cc1.Cl,12800.0,inactive,589.9250000000002,6.903600000000006,1.0,6.0
CHEMBL4592037,Cc1ccc(-n2cc(COc3ccc(/C=N/Nc4c5c(nc6ccccc46)CCCC5)cc3)nn2)cc1.Cl,3750.0,intermediate,525.0560000000004,6.449520000000006,1.0,6.0
CHEMBL4553902,COc1ccc(-n2cc(COc3ccc(/C=N/Nc4c5c(nc6ccccc46)CCCC5)cc3)nn2)cc1.Cl,2300.0,intermediate,541.0550000000004,6.149700000000006,1.0,7.0
CHEMBL4557164,Cl.O=C(O)c1ccc(-n2cc(COc3ccc(/C=N/Nc4c5c(nc6ccccc46)CCCC5)cc3)nn2)cc1,4030.0,intermediate,555.0380000000002,5.839300000000005,2.0,7.0
CHEMBL4441059,Cl.O=[N+]([O-])c1ccc(-n2cc(COc3ccc(/C=N/Nc4c5c(nc6ccccc46)CCCC5)cc3)nn2)cc1,1050.0,intermediate,556.0260000000002,6.049300000000005,1.0,8.0
CHEMBL4447258,Cl.O=[N+]([O-])c1cccc(-n2cc(COc3ccc(/C=N/Nc4c5c(nc6ccccc46)CCCC5)cc3)nn2)c1,1460.0,intermediate,556.0260000000003,6.049300000000005,1.0,8.0
CHEMBL4466829,C(=N/Nc1c2c(nc3ccccc13)CCCC2)\c1ccc(OCc2cn(Cc3ccccc3)nn2)cc1.Cl,1050.0,intermediate,525.0560000000003,6.200200000000006,1.0,6.0
CHEMBL4444030,Cl.NS(=O)(=O)c1ccc(-n2cc(COc3ccc(/C=N/Nc4c5c(nc6ccccc46)CCCC5)cc3)nn2)cc1,1110.0,intermediate,590.1090000000003,4.7885000000000035,2.0,8.0
CHEMBL4580216,S=C(NNc1c2c(nc3ccccc13)CCCC2)Nc1ccccc1,610.0,active,348.475,4.427100000000003,3.0,3.0
CHEMBL4435058,S=C(NNc1c2c(nc3ccccc13)CCCC2)Nc1ccc(Cl)cc1,786.0,active,382.9200000000001,5.080500000000003,3.0,3.0
CHEMBL4435178,S=C(NNc1c2c(nc3ccccc13)CCCC2)Nc1ccc(Br)cc1,571.0,active,427.37100000000004,5.189600000000003,3.0,3.0
CHEMBL4525409,COc1ccc(NC(=S)NNc2c3c(nc4ccccc24)CCCC3)cc1,293.0,active,378.5010000000002,4.435700000000002,3.0,4.0
CHEMBL4458648,S=C(NCc1ccccc1)NNc1c2c(nc3ccccc13)CCCC2,218.0,active,362.50200000000024,4.104800000000003,3.0,3.0
CHEMBL4556651,C=CCNC(=S)NNc1c2c(nc3ccccc13)CCCC2,5770.0,intermediate,312.4420000000002,3.090600000000001,3.0,3.0
CHEMBL4459154,NS(=O)(=O)c1ccc(NC(=S)NNc2c3c(nc4ccccc24)CCCC3)cc1,961.0,active,427.55500000000023,3.0745000000000013,4.0,5.0
CHEMBL4536838,COc1ccc2[nH]cc(CCNC(=O)CN(CCC3CCN(Cc4ccccc4)CC3)C(=O)/C=C/c3ccc(O)c(OC)c3)c2c1,30.7,active,624.7820000000003,5.393700000000006,3.0,6.0
CHEMBL4541077,COc1ccc2[nH]cc(CCNC(=O)CN(CCCC3CCN(Cc4ccccc4)CC3)C(=O)/C=C/c3ccc(O)c(OC)c3)c2c1,26.2,active,638.8090000000003,5.7838000000000065,3.0,6.0
CHEMBL4456928,c1ccc2c(NCc3ccc(-c4ccc(CNc5c6c(nc7ccccc57)CCCC6)cc4)cc3)c3c(nc2c1)CCCC3,3.61,active,574.772,9.431799999999999,2.0,4.0
CHEMBL4522757,O=C(/C=C/c1ccc(OCc2ccccc2)cc1)NCCNc1c2c(nc3ccccc13)CCCC2,60.6,active,477.6080000000004,5.934100000000005,2.0,4.0
CHEMBL4534662,COc1cc(/C=C/C(=O)NCCNc2c3c(nc4ccccc24)CCCC3)ccc1OCc1ccccc1,55.1,active,507.6340000000003,5.942700000000006,2.0,5.0
CHEMBL4451532,COc1cc2oc(-c3ccc(NCCNc4c5c(nc6cc(Cl)ccc46)CCCC5)cc3)cc(=O)c2c(OC)c1OC,1.63,active,586.0880000000003,7.0902000000000065,2.0,8.0
CHEMBL4466652,COc1cc2oc(-c3ccc(NCCCNc4c5c(nc6cc(Cl)ccc46)CCCC5)cc3)cc(=O)c2c(OC)c1OC,1.9,active,600.1150000000001,7.480300000000007,2.0,8.0
CHEMBL4569511,COc1cc2oc(-c3ccc(NCCCCNc4c5c(nc6cc(Cl)ccc46)CCCC5)cc3)cc(=O)c2c(OC)c1OC,5.15,active,614.1420000000002,7.870400000000007,2.0,8.0
CHEMBL4443426,O=C(CCCCNc1c2c(nc3ccccc13)CCCC2)NCCc1c[nH]c2ccccc12,5e-06,active,440.59100000000024,5.536000000000004,3.0,3.0
CHEMBL199861,O=C(CCCCCNc1c2c(nc3ccccc13)CCCC2)NCCc1c[nH]c2ccccc12,5e-06,active,454.6180000000003,5.926100000000005,3.0,3.0
CHEMBL4556734,O=C(CCCCCCCNc1c2c(nc3ccccc13)CCCC2)NCCc1c[nH]c2ccccc12,5e-06,active,482.67200000000037,6.706300000000006,3.0,3.0
CHEMBL383663,O=C(CCCCCNc1c2c(nc3cc(Cl)ccc13)CCCC2)NCCc1c[nH]c2ccccc12,5e-06,active,489.0630000000004,6.579500000000005,3.0,3.0
CHEMBL4448350,O=C(CCCCCNc1c2c(nc3c(Cl)cccc13)CCCC2)NCCc1c[nH]c2ccccc12,5e-06,active,489.0630000000004,6.579500000000005,3.0,3.0
CHEMBL199538,O=C(CCCCCNc1c2c(nc3cc(Cl)cc(Cl)c13)CCCC2)NCCc1c[nH]c2ccccc12,5e-06,active,523.5080000000004,7.232900000000006,3.0,3.0
CHEMBL4590945,O=C(CCCCCCCNc1c2c(nc3cc(Cl)cc(Cl)c13)CCCC2)NCCc1c[nH]c2ccccc12,5e-06,active,551.5620000000005,8.013100000000007,3.0,3.0
CHEMBL4543251,O=C(CCCCCNc1c2c(nc3ccc(F)cc13)CCCC2)NCCc1c[nH]c2ccccc12,5e-06,active,472.60800000000035,6.065200000000005,3.0,3.0
CHEMBL4455677,COc1ccc2[nH]cc(CCNC(=O)CCCCNc3c4c(nc5ccccc35)CCCC4)c2c1,5e-06,active,470.61700000000025,5.544600000000005,3.0,4.0
CHEMBL199454,COc1ccc2[nH]cc(CCNC(=O)CCCCCNc3c4c(nc5ccccc35)CCCC4)c2c1,5e-06,active,484.6440000000003,5.934700000000006,3.0,4.0
CHEMBL4532770,COc1ccc2[nH]cc(CCNC(=O)CCCCCCCNc3c4c(nc5ccccc35)CCCC4)c2c1,5e-06,active,512.6980000000004,6.714900000000007,3.0,4.0
CHEMBL199748,COc1ccc2[nH]cc(CCNC(=O)CCCCCNc3c4c(nc5cc(Cl)ccc35)CCCC4)c2c1,5e-06,active,519.0890000000003,6.588100000000006,3.0,4.0
CHEMBL200008,COc1ccc2[nH]cc(CCNC(=O)CCCCCNc3c4c(nc5cccc(Cl)c35)CCCC4)c2c1,5e-06,active,519.0890000000003,6.588100000000006,3.0,4.0
CHEMBL4468781,COc1ccc2[nH]cc(CCNC(=O)CCCCCNc3c4c(nc5cc(Cl)cc(Cl)c35)CCCC4)c2c1,5e-06,active,553.5340000000001,7.2415000000000065,3.0,4.0
CHEMBL4579667,O=C(CCCCCCCNc1c2c(nc3ccccc13)CCCC2)NCCc1c[nH]c2ccc(O)cc12,5e-06,active,498.6710000000004,6.411900000000006,4.0,4.0
CHEMBL4469239,S=C(CCCCCNc1c2c(nc3ccccc13)CCCC2)NCCc1c[nH]c2ccccc12,5e-06,active,470.6860000000003,6.726900000000005,3.0,3.0
CHEMBL4467284,S=C(CCCCCCCNc1c2c(nc3ccccc13)CCCC2)NCCc1c[nH]c2ccccc12,5e-06,active,498.74000000000035,7.5071000000000065,3.0,3.0
CHEMBL4445345,Cc1cc(=O)oc2ccc(OC/C=C/CCn3cnc4c(N5CCCCC5)ncnc43)cc12,11940.0,inactive,445.5230000000003,4.256720000000003,0.0,7.0
CHEMBL4473282,C#CCNC1CCc2cc(Cl)c(OC(=O)N(C)CCC)cc21,43900.0,inactive,320.8200000000001,3.3907000000000025,1.0,3.0
CHEMBL4579904,C#CCNC1CCCc2ccc(OC(=O)N(C)CC)cc21,52400.0,inactive,286.375,2.737300000000001,1.0,3.0
CHEMBL4444497,COc1cc(NCc2ccc(Oc3c(N)cccc3Cl)cc2)cc(OC)c1OC,1320.0,intermediate,414.8890000000001,5.352400000000005,2.0,6.0
CHEMBL4466944,COc1cc(NCc2ccc(Oc3c(N)cccc3Cl)cc2)cc(OC)c1,2880.0,intermediate,384.86300000000006,5.343800000000004,2.0,5.0
CHEMBL4461560,Nc1cccc(Cl)c1Oc1ccc(CNc2cc(Br)cc(Br)c2)cc1,10000.0,inactive,482.60300000000007,6.851600000000003,2.0,3.0
CHEMBL4515603,Nc1cccc(Cl)c1Oc1ccc(CNc2cc(Cl)cc(Cl)c2)cc1,10000.0,inactive,393.70100000000014,6.633400000000003,2.0,3.0
CHEMBL4515376,Nc1cccc(Cl)c1Oc1ccc(CNc2ccc(O)cc2)cc1,8810.0,intermediate,340.81000000000006,5.032200000000003,3.0,4.0
CHEMBL4453331,COc1ccc(NCc2ccc(Oc3c(N)cccc3Cl)cc2)cc1,5240.0,intermediate,354.837,5.335200000000004,2.0,4.0
CHEMBL4518298,Nc1cccc(Cl)c1Oc1ccc(CNc2ccc(Br)cc2)cc1,10000.0,inactive,403.70700000000005,6.089100000000004,2.0,3.0
CHEMBL4447438,Nc1cccc(Cl)c1Oc1ccc(CNc2ccc(Cl)cc2)cc1,10000.0,inactive,359.2560000000001,5.980000000000003,2.0,3.0
CHEMBL4556097,Nc1cccc(Cl)c1Oc1ccc(CNc2cccc(O)c2)cc1,7230.0,intermediate,340.81000000000006,5.032200000000003,3.0,4.0
CHEMBL4568241,COc1cccc(NCc2ccc(Oc3c(N)cccc3Cl)cc2)c1,5650.0,intermediate,354.837,5.335200000000004,2.0,4.0
CHEMBL4448745,Nc1cccc(Cl)c1Oc1ccc(CNc2cccc(Br)c2)cc1,10000.0,inactive,403.70700000000005,6.089100000000004,2.0,3.0
CHEMBL4528790,Nc1cccc(Cl)c1Oc1ccc(CNc2cccc(Cl)c2)cc1,10000.0,inactive,359.2560000000001,5.980000000000003,2.0,3.0
CHEMBL4517373,Nc1cccc(Cl)c1Oc1ccc(CNc2ccccc2)cc1,10000.0,inactive,324.81100000000004,5.3266000000000036,2.0,3.0
CHEMBL4445075,OC(CNCc1cccc(OCc2ccccc2)c1)Cn1cc(Br)c2cc(Br)ccc21,9100.0,intermediate,544.2870000000001,5.896000000000004,2.0,3.0
CHEMBL4467520,Cc1ccc2[nH]c3c(c2c1)CN(CCCCCN1CCc2[nH]c4ccc(C)cc4c2C1)CC3,195.0,active,440.6350000000002,5.852740000000006,2.0,2.0
CHEMBL4455013,COc1ccc(CNC(=O)C2CCN(C(=O)c3ccccc3)CC2)cc1OC,4.11,active,382.46000000000015,2.8724000000000016,1.0,4.0
CHEMBL3291021,C#CCN(C)Cc1ccc(O)c2ncccc12,1800.0,intermediate,226.279,2.0054,1.0,3.0
CHEMBL4442213,COc1ccc2[nH]c3nc4c(c(N)c3c2c1)CCCC4,1500.0,intermediate,267.332,3.1857000000000015,2.0,3.0
CHEMBL3319256,Cn1ncc2cc(C(=O)Nc3ccc(Cl)c(Cl)c3)ccc21,78300.0,inactive,320.17900000000003,4.132400000000002,1.0,2.0
CHEMBL4458217,CCOc1ccc(Cc2nc3cc(C(=O)N(CC)CC)ccc3n2CCNc2c3c(nc4ccccc24)CCCC3)cc1,1.259,active,575.7570000000001,7.046900000000008,1.0,5.0
CHEMBL4458929,CCOc1ccc(Cc2nc3cc(C(=O)N(CC)CC)ccc3n2CCCNc2c3c(nc4ccccc24)CCCC3)cc1,3.162,active,589.784,7.437000000000008,1.0,5.0
CHEMBL4473438,CCOc1ccc(Cc2nc3cc(C(=O)N(CC)CC)ccc3n2CCCCNc2c3c(nc4ccccc24)CCCC3)cc1,31.62,active,603.811,7.8271000000000095,1.0,5.0
CHEMBL4583716,CCOc1ccc(Cc2nc3cc(C(=O)N(CC)CC)ccc3n2CCCCCNc2c3c(nc4ccccc24)CCCC3)cc1,6.31,active,617.8380000000001,8.217200000000009,1.0,5.0
CHEMBL4456083,CCOc1ccc(Cc2nc3cc(C(=O)N(CC)CC)ccc3n2CCCCCCNc2c3c(nc4ccccc24)CCCC3)cc1,1.995,active,631.8650000000001,8.607300000000006,1.0,5.0
CHEMBL4588547,CCOc1ccc(Cc2nc3cc(C(=O)NCCNc4c5c(nc6ccccc46)CCCC5)ccc3n2CCC(C)C)cc1,79.43,active,589.7840000000002,7.340800000000008,2.0,5.0
CHEMBL4441666,CCOc1ccc(Cc2nc3cc(C(=O)NCCCNc4c5c(nc6ccccc46)CCCC5)ccc3n2CCC(C)C)cc1,3.162,active,603.8110000000001,7.730900000000008,2.0,5.0
CHEMBL4464883,CCOc1ccc(Cc2nc3cc(C(=O)NCCCCNc4c5c(nc6ccccc46)CCCC5)ccc3n2CCC(C)C)cc1,10.0,active,617.8380000000001,8.121000000000008,2.0,5.0
CHEMBL4453905,CCOc1ccc(Cc2nc3cc(C(=O)NCCCCCNc4c5c(nc6ccccc46)CCCC5)ccc3n2CCC(C)C)cc1,7.943,active,631.8650000000001,8.511100000000006,2.0,5.0
CHEMBL4558335,CCOc1ccc(Cc2nc3cc(C(=O)NCCCCCCNc4c5c(nc6ccccc46)CCCC5)ccc3n2CCC(C)C)cc1,19.95,active,645.8920000000002,8.901200000000003,2.0,5.0
CHEMBL4545532,CCOc1ccc(Cc2nc3cc(C(=O)N(CC)CCCCNc4c5c(nc6ccccc46)CCCC5)ccc3n2CCC(C)C)cc1,63.1,active,645.8920000000002,8.853300000000004,1.0,5.0
CHEMBL4456433,CCOc1ccc(Cc2nc3cc(C(=O)N(CC)CC)ccc3n2CCOCCOCCNc2c3c(nc4ccccc24)CCCC3)cc1,100.0,active,663.863,7.080100000000009,1.0,7.0
CHEMBL4555887,CCOc1ccc(Cc2nc3cc(C(=O)NCCOCCOCCNc4c5c(nc6ccccc46)CCCC5)ccc3n2CCC(C)C)cc1,398.11,active,677.89,7.3740000000000085,2.0,7.0
CHEMBL4447210,CCOc1ccc(Cc2nc3cc(C(=O)NCCSSCCNc4c5c(nc6ccccc46)CCCC5)ccc3n2CCC(C)C)cc1,79.43,active,681.9719999999999,8.722200000000004,2.0,7.0
CHEMBL4439554,Oc1ccc(/C=N/c2c3c(nc4ccccc24)CCCC3)cc1,1475.0,intermediate,302.37700000000007,4.569800000000003,1.0,3.0
CHEMBL4536715,Oc1ccc(/C=N/c2c3c(nc4ccccc24)CCCC3)cc1O,609.0,active,318.3760000000001,4.275400000000003,2.0,4.0
CHEMBL4535585,Oc1ccc(CNc2c3c(nc4ccccc24)CCCC3)cc1O,100.0,active,320.3920000000001,4.136900000000003,3.0,4.0
CHEMBL4521755,Oc1cc(/C=N/c2c3c(nc4ccccc24)CCCC3)cc(O)c1O,1040.0,intermediate,334.37500000000006,3.981000000000003,3.0,5.0
CHEMBL4572757,Oc1ccc(CNCCCCCCNc2c3c(nc4ccccc24)CCCC3)cc1O,29.0,active,419.56900000000024,5.2869000000000055,4.0,5.0
CHEMBL4475228,COc1ccc(CCOCCCCCNc2c3c(nc4ccccc24)CCCC3)cc1,216.0,active,418.5810000000002,5.9637000000000056,1.0,4.0
CHEMBL4555120,COc1ccc(CCOCCCCCNc2c3c(nc4ccccc24)CCCC3)cc1OC,168.0,active,448.60700000000026,5.972300000000006,1.0,5.0
CHEMBL4588525,c1ccc(COc2ccc(CCOCCCCCNc3c4c(nc5ccccc35)CCCC4)cc2)cc1,454.0,active,494.6790000000002,7.534100000000008,1.0,4.0
CHEMBL4545701,c1ccc(COc2ccc(CCOCCCCCNc3c4c(nc5ccccc35)CCCC4)cc2OCc2ccccc2)cc1,506.0,active,600.8030000000003,9.113100000000001,1.0,5.0
CHEMBL4531167,Oc1ccc(CCOCCCCCNc2c3c(nc4ccccc24)CCCC3)cc1,142.0,active,404.5540000000002,5.660700000000005,2.0,4.0
CHEMBL4589250,Oc1ccc(CCOCCCCCNc2c3c(nc4ccccc24)CCCC3)cc1O,542.0,active,420.5530000000002,5.366300000000005,3.0,5.0
CHEMBL4526049,COc1cc(N)c(Cl)cc1C(=O)CCC1CCN(Cc2ccc(O)c(O)c2)CC1,137.9,active,418.92100000000016,4.217100000000004,3.0,6.0
CHEMBL4527729,COc1cc(CN2CCC(CCC(=O)c3cc(Cl)c(N)cc3OC)CC2)ccc1O,535.0,active,432.94800000000026,4.520100000000005,2.0,6.0
CHEMBL4563408,O=C(Nc1ccc(OC(F)F)nc1)NC1CCN(c2ncnc3c2nc(-c2ccccc2Cl)n3-c2ccc(Cl)cc2)CC1,10000.0,inactive,625.467,6.576200000000005,2.0,7.0
CHEMBL4456336,O=C(O)CC1(CC(=O)c2cc(O)ccc2O)C=C(CO)CCC1,26000.0,inactive,320.3410000000002,2.2343,4.0,5.0
CHEMBL4466903,COC(=O)/C(=C\C(=O)c1cc(O)ccc1O)CC/C=C(\C)CCC=C(C)C,8200.0,intermediate,372.4610000000002,4.852800000000004,2.0,5.0
CHEMBL4560804,C/C(=C/CC[C@H](CO)c1cc2cc(O)c(O)cc2o1)CO,28600.0,inactive,292.3310000000001,2.6387000000000023,4.0,5.0
CHEMBL4455690,Cc1ccc2oc(-c3ccc(OCCCCCCN4CCCCCC4)cc3)cc(=O)c2c1,480.0,active,433.59200000000027,6.583620000000007,0.0,4.0
CHEMBL4474399,Cc1ccc2oc(-c3ccc(OCCCCCCN4CCCCC4)cc3)cc(=O)c2c1,360.0,active,419.5650000000002,6.193520000000007,0.0,4.0
CHEMBL1459962,Cc1cc(N2CCCCC2)nc2ccccc12,840.0,active,226.32300000000004,3.533520000000002,0.0,2.0
CHEMBL4476621,O=C(NNC(=S)Nc1ccc(Cl)c(Cl)c1)c1ccccc1O,520.0,active,356.2340000000001,3.3304000000000005,4.0,3.0
CHEMBL424,O=C(O)c1ccccc1O,346000.0,inactive,138.12199999999999,1.0903999999999998,2.0,2.0
CHEMBL4569343,CC[C@@H](CN1CCCC1=O)C(=O)NCCCCCCCNc1c2c(nc3cc(Cl)ccc13)C[C@H]1C=C(C)C[C@@H]2C1,4.2,active,565.2020000000001,7.011400000000007,2.0,4.0
CHEMBL4514959,O=C(Cc1cc(=O)oc2cc(O)ccc12)NCCCNCCNCCCNc1c2c(nc3ccccc13)CCCC2,38.0,active,557.695,3.655800000000001,5.0,8.0
CHEMBL521,CC(C)Cc1ccc(C(C)C(=O)O)cc1,235110.0,inactive,206.28499999999997,3.073200000000001,1.0,1.0
CHEMBL21,Nc1ccc(S(N)(=O)=O)cc1,145240.0,inactive,172.20900000000003,-0.08380000000000004,2.0,3.0
CHEMBL4439928,CC(C)Cc1ccc(C(C)C(=O)NS(=O)(=O)c2ccc(N)cc2)cc1,600000.0,inactive,360.47900000000004,3.0759000000000007,2.0,4.0
CHEMBL4537026,O=C(Nc1cccc(-c2cn(CCNc3c4c(nc5ccccc35)CCCC4)nn2)n1)Nc1cccc2c1C1CCCCN1C2=O,133.0,active,613.726,6.204000000000004,3.0,7.0
CHEMBL4583650,O=C(Nc1ccc(-c2cn(CCNc3c4c(nc5ccccc35)CCCC4)nn2)cn1)Nc1cccc2c1C1CCCCN1C2=O,0.8,active,613.7259999999999,6.204000000000005,3.0,7.0
CHEMBL4443468,O=C(Nc1cc(-c2cn(CCNc3c4c(nc5ccccc35)CCCC4)nn2)ccn1)Nc1cccc2c1[C@@H]1CCCCN1C2=O,13.7,active,613.726,6.204000000000004,3.0,7.0
CHEMBL4443989,O=C(Nc1cc(-c2cn(CCNc3c4c(nc5ccccc35)CCCC4)nn2)ccn1)Nc1cccc2c1[C@H]1CCCCN1C2=O,9.5,active,613.726,6.204000000000004,3.0,7.0
CHEMBL4559936,O=C(Nc1cc(-c2cn(CCNc3c4c(nc5ccccc35)CCCC4)nn2)ccn1)Nc1cccc2c1C1CCCCN1C2=O,11.4,active,613.726,6.204000000000004,3.0,7.0
CHEMBL4593316,O=C(Nc1cc(CCc2cn(CCNc3c4c(nc5ccccc35)CCCC4)nn2)ccn1)Nc1cccc2c1C1CCCCN1C2=O,23.6,active,641.7799999999999,6.322200000000006,3.0,7.0
CHEMBL4446287,CN(Cc1ccnc(NC(=O)Nc2cccc3c2C2CCCCN2C3=O)c1)Cc1cn(CCNc2c3c(nc4ccccc24)CCCC3)nn1,58.6,active,670.822,6.169000000000007,3.0,8.0
CHEMBL4516356,O=C(Nc1cc(COCc2cn(CCNc3c4c(nc5ccccc35)CCCC4)nn2)ccn1)Nc1cccc2c1C1CCCCN1C2=O,20.8,active,657.7789999999999,6.253800000000005,3.0,8.0
CHEMBL4589980,O=C(CCCCCCNc1c2c(nc3cccc(Cl)c13)CCCC2)NCCc1c[nH]c2ccccc12,0.008,active,503.0900000000004,6.969600000000006,3.0,3.0
CHEMBL4448188,O=C(CCCCCNc1c2c(nc3cc(Cl)ccc13)CCCC2)NCCc1cc2ccccc2[nH]1,0.73,active,489.0630000000004,6.579500000000006,3.0,3.0
CHEMBL4559593,Cl.Cl.NC(Cc1c[nH]c2ccccc12)C(=O)NCCCCCCNc1c2c(nc3cc(Cl)ccc13)CCCC2,7.4,active,591.0270000000002,6.750400000000005,4.0,4.0
CHEMBL4449083,Cl.Cl.N[C@H](Cc1c[nH]c2ccccc12)C(=O)NCCCCCCNc1c2c(nc3cc(Cl)ccc13)CCCC2,6.9,active,591.0270000000002,6.750400000000005,4.0,4.0
CHEMBL4538398,COc1ccc2nc3c(c(NCCNC(=O)[C@@H](N)Cc4c[nH]c5ccccc45)c2c1)CCCC3.Cl.Cl,5700.0,intermediate,530.5000000000003,4.545200000000005,4.0,5.0
CHEMBL4556372,COc1ccc2nc3c(c(NCCCNC(=O)[C@@H](N)Cc4c[nH]c5ccccc45)c2c1)CCCC3.Cl.Cl,1300.0,intermediate,544.5270000000004,4.935300000000005,4.0,5.0
CHEMBL4475391,COc1ccc2nc3c(c(NCCCCNC(=O)[C@@H](N)Cc4c[nH]c5ccccc45)c2c1)CCCC3.Cl.Cl,12000.0,inactive,558.5540000000003,5.3254000000000055,4.0,5.0
CHEMBL4472570,COc1ccc2nc3c(c(NCCCCCNC(=O)[C@@H](N)Cc4c[nH]c5ccccc45)c2c1)CCCC3.Cl.Cl,620.0,active,572.5810000000004,5.715500000000006,4.0,5.0
CHEMBL4467355,COc1ccc2nc3c(c(NCCCCCCNC(=O)[C@@H](N)Cc4c[nH]c5ccccc45)c2c1)CCCC3.Cl.Cl,940.0,active,586.6080000000003,6.105600000000006,4.0,5.0
CHEMBL4586157,COc1ccc2nc3c(c(NCCCCCCCNC(=O)[C@@H](N)Cc4c[nH]c5ccccc45)c2c1)CCCC3.Cl.Cl,980.0,active,600.6350000000002,6.495700000000007,4.0,5.0
CHEMBL4582203,COc1ccc2nc3c(c(NCCCCCCCCNC(=O)[C@@H](N)Cc4c[nH]c5ccccc45)c2c1)CCCC3.Cl.Cl,1300.0,intermediate,614.6620000000001,6.885800000000008,4.0,5.0
CHEMBL4444822,Cl.Cl.N[C@@H](Cc1c[nH]c2ccccc12)C(=O)NCCNc1c2c(nc3cc(Cl)ccc13)CCCC2,160.0,active,534.9190000000003,5.190000000000003,4.0,4.0
CHEMBL4541558,Cl.Cl.N[C@@H](Cc1c[nH]c2ccccc12)C(=O)NCCCNc1c2c(nc3cc(Cl)ccc13)CCCC2,70.0,active,548.9460000000003,5.580100000000003,4.0,4.0
CHEMBL4552440,Cl.Cl.N[C@@H](Cc1c[nH]c2ccccc12)C(=O)NCCCCNc1c2c(nc3cc(Cl)ccc13)CCCC2,62.0,active,562.9730000000002,5.970200000000005,4.0,4.0
CHEMBL4563209,Cl.Cl.N[C@@H](Cc1c[nH]c2ccccc12)C(=O)NCCCCCNc1c2c(nc3cc(Cl)ccc13)CCCC2,76.0,active,577.0000000000001,6.360300000000005,4.0,4.0
CHEMBL4556281,Cl.Cl.N[C@@H](Cc1c[nH]c2ccccc12)C(=O)NCCCCCCNc1c2c(nc3cc(Cl)ccc13)CCCC2,6.3,active,591.0270000000002,6.750400000000005,4.0,4.0
CHEMBL4555818,Cl.Cl.N[C@@H](Cc1c[nH]c2ccccc12)C(=O)NCCCCCCCNc1c2c(nc3cc(Cl)ccc13)CCCC2,19.0,active,605.0540000000002,7.1405000000000065,4.0,4.0
CHEMBL4466307,Cl.Cl.N[C@@H](Cc1c[nH]c2ccccc12)C(=O)NCCCCCCCCNc1c2c(nc3cc(Cl)ccc13)CCCC2,50.0,active,619.0810000000002,7.530600000000007,4.0,4.0
CHEMBL4459500,Cl.Cl.N[C@@H](Cc1c[nH]c2ccccc12)C(=O)NCCNc1c2c(nc3ccccc13)CCCC2,730.0,active,500.47400000000044,4.5366000000000035,4.0,4.0
CHEMBL4438120,Cl.Cl.N[C@@H](Cc1c[nH]c2ccccc12)C(=O)NCCCNc1c2c(nc3ccccc13)CCCC2,580.0,active,514.5010000000004,4.926700000000004,4.0,4.0
CHEMBL4459416,Cl.Cl.N[C@@H](Cc1c[nH]c2ccccc12)C(=O)NCCCCNc1c2c(nc3ccccc13)CCCC2,1300.0,intermediate,528.5280000000004,5.316800000000004,4.0,4.0
CHEMBL4556575,Cl.Cl.N[C@@H](Cc1c[nH]c2ccccc12)C(=O)NCCCCCNc1c2c(nc3ccccc13)CCCC2,320.0,active,542.5550000000003,5.7069000000000045,4.0,4.0
CHEMBL4540429,Cl.Cl.N[C@@H](Cc1c[nH]c2ccccc12)C(=O)NCCCCCCNc1c2c(nc3ccccc13)CCCC2,120.0,active,556.5820000000002,6.097000000000005,4.0,4.0
CHEMBL4559477,Cl.Cl.N[C@@H](Cc1c[nH]c2ccccc12)C(=O)NCCCCCCCNc1c2c(nc3ccccc13)CCCC2,120.0,active,570.6090000000002,6.487100000000006,4.0,4.0
CHEMBL4456435,Cl.Cl.N[C@@H](Cc1c[nH]c2ccccc12)C(=O)NCCCCCCCCNc1c2c(nc3ccccc13)CCCC2,76.0,active,584.6360000000002,6.877200000000006,4.0,4.0
CHEMBL4519496,Brc1ccc(-c2nnn3c2C2c4ccccc4CCN2Cc2ccccc2-3)cc1,250.0,active,443.34800000000024,5.157900000000004,0.0,3.0
CHEMBL4538834,Cl.c1ccc(CCCCN2CCCc3[nH]c4ccccc4c3C2)cc1,20000.0,inactive,354.92500000000007,5.360800000000005,1.0,1.0
CHEMBL4540814,O=C(c1ccccc1Cl)n1nc(OCCN2CCCC2)c2ccccc21,9700.0,intermediate,369.85200000000015,3.852800000000003,0.0,4.0
CHEMBL4539963,O=C(c1ccccc1Cl)n1nc(OCCCN2CCCCC2)c2ccccc21,9700.0,intermediate,397.90600000000023,4.6330000000000044,0.0,4.0
CHEMBL4563523,O=C(c1cccc(F)c1F)n1nc(OCCN2CCCC2)c2ccccc21,11000.0,inactive,371.3870000000001,3.4776000000000025,0.0,4.0
CHEMBL4544025,O=C(c1cccc(Cl)c1F)n1nc(OCCCN2CCCCC2)c2ccccc21,10000.0,inactive,415.89600000000024,4.7721000000000044,0.0,4.0
CHEMBL4525824,O=C(c1cccc(Cl)c1Cl)n1nc(OCCN2CCCC2)c2ccccc21,10000.0,inactive,404.29700000000025,4.506200000000003,0.0,4.0
CHEMBL4445553,O=C(c1cccc(Cl)c1Cl)n1nc(OCCN2CCCCC2)c2ccccc21,10500.0,inactive,418.3240000000003,4.896300000000004,0.0,4.0
CHEMBL4588777,O=C(c1cccc(Cl)c1Cl)n1nc(OCCCN2CCCCC2)c2ccccc21,17000.0,inactive,432.35100000000034,5.286400000000005,0.0,4.0
CHEMBL4467037,O=C(c1c(F)ccc(F)c1F)n1nc(OCCN2CCCCC2)c2ccccc21,9400.0,intermediate,403.4040000000002,4.006800000000003,0.0,4.0
CHEMBL4473145,Cc1cc(C)c(C(=O)n2nc(OCCN3CCCCC3)c3ccccc32)c(C)c1,11600.0,inactive,391.5150000000001,4.514760000000004,0.0,4.0
CHEMBL4531896,O=C(c1ccccc1OCc1ccccc1)n1nc(OCCN2CCCC2)c2ccccc21,10000.0,inactive,441.53100000000035,4.778400000000005,0.0,5.0
CHEMBL4584023,O=C(c1ccccc1OCc1ccccc1)n1nc(OCCCN2CCCCC2)c2ccccc21,10000.0,inactive,469.58500000000043,5.5586000000000055,0.0,5.0
CHEMBL4441005,COc1cc(C(=O)n2nc(OCCN3CCCC3)c3ccccc32)cc(OC)c1OC,11600.0,inactive,425.4850000000001,3.225200000000002,0.0,7.0
CHEMBL4476861,O=C(c1cccc2ccccc12)n1nc(OCCCN2CCCC2)c2ccccc21,10000.0,inactive,399.4940000000002,4.742700000000005,0.0,4.0
CHEMBL4461027,O=C(c1cccc2ccccc12)n1nc(OCCN2CCCCC2)c2ccccc21,10000.0,inactive,399.49400000000026,4.742700000000005,0.0,4.0
CHEMBL4444855,O=C(c1cccc2ccccc12)n1nc(OCCCN2CCCCC2)c2ccccc21,10000.0,inactive,413.52100000000024,5.132800000000005,0.0,4.0
CHEMBL4435236,O=C(c1ccc2ccccc2c1)n1nc(OCCN2CCCCC2)c2ccccc21,10000.0,inactive,399.49400000000026,4.742700000000005,0.0,4.0
CHEMBL4468385,O=C(c1ccc2ccccc2c1)n1nc(OCCCN2CCCCC2)c2ccccc21,10000.0,inactive,413.52100000000024,5.132800000000005,0.0,4.0
CHEMBL4565602,O=C(Cc1ccc(Cl)cc1)n1nc(OCCCN2CCCCC2)c2ccccc21,10000.0,inactive,411.9330000000002,4.827400000000004,0.0,4.0
CHEMBL4470556,COc1ccc(CC(=O)n2nc(OCCN3CCCC3)c3ccccc32)cc1,10000.0,inactive,379.4600000000001,3.402400000000002,0.0,5.0
CHEMBL4460528,COc1ccc(CC(=O)n2nc(OCCCN3CCCCC3)c3ccccc32)cc1,10000.0,inactive,407.5140000000002,4.182600000000003,0.0,5.0
CHEMBL4451686,O=C1N/C(=N\c2ccc3oc(=O)ccc3c2)S/C1=C/c1ccccc1,94.1,active,348.38300000000004,3.6846000000000023,1.0,5.0
CHEMBL4473727,O=C(CNc1ccc2oc(=O)ccc2c1)N1CCOCC1,37.0,active,288.30300000000005,1.0636999999999999,1.0,5.0
CHEMBL4467130,O=C(CNc1ccc2oc(=O)ccc2c1)N1CCN(c2ccccc2)CC1,80.0,active,363.4170000000001,2.553700000000001,1.0,5.0
CHEMBL4436169,COc1ccc(C(=O)CNc2ccc3oc(=O)ccc3c2)cc1,55.0,active,309.321,3.096400000000001,1.0,5.0
CHEMBL4445907,O=C(CNc1ccc2oc(=O)ccc2c1)c1ccccc1,148.0,active,279.295,3.0878000000000014,1.0,4.0
CHEMBL4519239,CSc1ccc(C2SCC(=O)N2c2ccc3oc(=O)ccc3c2)cc1,311.0,active,369.46700000000004,4.293500000000003,0.0,5.0
CHEMBL4444516,O=C1CSC(c2ccc(F)cc2)N1c1ccc2oc(=O)ccc2c1,102.0,active,341.36300000000006,3.710700000000002,0.0,4.0
CHEMBL4564320,COc1ccc(C2SCC(=O)N2c2ccc3oc(=O)ccc3c2)cc1,71.1,active,353.39900000000006,3.5802000000000023,0.0,5.0
CHEMBL4516296,O=c1ccc2cc(/N=C/c3ccc(Br)cc3)ccc2o1,56.9,active,328.1650000000001,4.3061000000000025,0.0,3.0
CHEMBL4441237,CN(C)c1ccc(/C=N/c2ccc3oc(=O)ccc3c2)cc1,41.0,active,292.33799999999997,3.609600000000002,0.0,4.0
CHEMBL4449161,O=c1ccc2cc(/N=C/c3ccc(Cl)cc3)ccc2o1,78.9,active,283.71400000000006,4.197000000000003,0.0,3.0
CHEMBL4437163,CSc1ccc(/C=N/c2ccc3oc(=O)ccc3c2)cc1,172.1,active,295.363,4.265500000000003,0.0,4.0
CHEMBL4571434,O=c1ccc2cc(/N=C/c3ccc(F)cc3)ccc2o1,226.0,active,267.259,3.6827000000000023,0.0,3.0
CHEMBL4520782,COc1ccc(/C=N/c2ccc3oc(=O)ccc3c2)cc1,135.1,active,279.295,3.552200000000002,0.0,4.0
CHEMBL4537886,O=c1ccc2cc(/N=C/c3ccccc3)ccc2o1,114.4,active,249.26900000000003,3.5436000000000023,0.0,3.0
CHEMBL4465796,COc1ccc(/C=C2/S/C(=N/c3ccc4oc(=O)ccc4c3)NC2=O)cc1,49.8,active,378.40900000000005,3.6932000000000027,1.0,6.0
CHEMBL4542575,O=C1N/C(=N\c2ccc3oc(=O)ccc3c2)S/C1=C/c1ccc(F)cc1,216.0,active,366.37300000000005,3.8237000000000023,1.0,5.0
CHEMBL4449791,CSc1ccc(/C=C2/S/C(=N/c3ccc4oc(=O)ccc4c3)NC2=O)cc1,150.7,active,394.4770000000001,4.406500000000003,1.0,6.0
CHEMBL4465315,O=C1N/C(=N\c2ccc3oc(=O)ccc3c2)S/C1=C/c1ccc(Cl)cc1,173.5,active,382.8280000000001,4.338000000000003,1.0,5.0
CHEMBL4540497,CN(C)c1ccc(/C=C2/S/C(=N/c3ccc4oc(=O)ccc4c3)NC2=O)cc1,84.0,active,391.45200000000006,3.750600000000002,1.0,6.0
CHEMBL4519129,O=C1N/C(=N\c2ccc3oc(=O)ccc3c2)S/C1=C/c1ccc(Br)cc1,276.4,active,427.27900000000005,4.4471000000000025,1.0,5.0
CHEMBL4446234,COc1ccc(NCC(=O)Nc2ccc3oc(=O)ccc3c2)cc1,55.2,active,324.336,2.8522000000000007,2.0,5.0
CHEMBL4515881,O=C(CNc1ccc(F)cc1)Nc1ccc2oc(=O)ccc2c1,62.0,active,312.30000000000007,2.9827000000000012,2.0,4.0
CHEMBL4473127,Fc1ccc2[nH]c3c(c2c1)C[PH](Cc1cccc2ccccc12)(c1ccccc1)CC3,2111.0,intermediate,425.4870000000002,6.791900000000007,1.0,0.0
CHEMBL4579590,Oc1ccc2[nH]c3c(c2c1)C[PH](Cc1cccc2ccccc12)(c1ccccc1)CC3,2604.0,intermediate,423.49600000000015,6.358400000000007,2.0,1.0
CHEMBL4591417,Cc1cc(Nc2nccc(-c3sc(C4CCNCC4)nc3-c3ccc(F)cc3)n2)ccn1,400.0,active,446.5550000000001,5.320220000000004,2.0,7.0
CHEMBL4445099,CC(=O)N[C@@H](CCCCn1cc(-c2ccccc2)nn1)C(=O)NCC1CCN(Cc2ccccc2)CC1,10000.0,inactive,502.66300000000035,3.648500000000003,2.0,5.0
CHEMBL4464964,CC(=O)N[C@@H](Cn1cc(-c2ccccc2)nn1)C(=O)NCC1CCN(Cc2ccccc2)CC1,10000.0,inactive,460.58200000000033,2.4782,2.0,5.0
CHEMBL4467345,N[C@@H](CCCCn1cc(-c2ccccc2)nn1)C(=O)NCC1CCN(Cc2ccccc2)CC1,10000.0,inactive,460.6260000000004,3.4711000000000016,2.0,5.0
CHEMBL4520568,N[C@@H](Cn1cc(-c2ccccc2)nn1)C(=O)NCC1CCN(Cc2ccccc2)CC1,10000.0,inactive,418.54500000000024,2.3007999999999997,2.0,5.0
CHEMBL4557745,CCOc1ccc2[nH]c(SCc3cn(CC4CCN(Cc5ccccc5)CC4)nn3)nc2c1,6900.0,intermediate,462.6230000000002,4.757600000000004,1.0,6.0
CHEMBL4446441,c1ccc(CN2CCC(Cn3cc(CSc4nc5ccccc5[nH]4)nn3)CC2)cc1,7330.0,intermediate,418.57000000000016,4.358900000000003,1.0,5.0
CHEMBL4534345,COc1cc2ncnc(NCc3cn(CC4CCN(Cc5ccccc5)CC4)nn3)c2cc1OC,3940.0,intermediate,473.58100000000024,3.762800000000003,1.0,8.0
CHEMBL4440392,c1ccc(CN2CCC(Cn3cc(CNc4ncnc5ccccc45)nn3)CC2)cc1,4220.0,intermediate,413.52900000000017,3.7456000000000023,1.0,6.0
CHEMBL4437391,c1ccc(CN2CCC(Cn3cc(Cc4cccc5ccccc45)nn3)CC2)cc1,10000.0,inactive,396.5380000000001,4.934300000000004,0.0,3.0
CHEMBL4448634,O=C(Cc1c[nH]c2ccccc12)NCc1cn(CC2CCN(Cc3ccccc3)CC2)nn1,10000.0,inactive,442.56700000000023,3.5305000000000026,2.0,4.0
CHEMBL4574766,O=C1c2ccccc2C(=O)N1Cc1cn(CC2CCN(Cc3ccccc3)CC2)nn1,4900.0,intermediate,415.4970000000001,2.9865000000000013,0.0,5.0
CHEMBL4438642,COc1cc2c(cc1OC)C(=O)C(Cc1cn(CC3CCN(Cc4ccccc4)CC3)nn1)C2,4920.0,intermediate,460.57800000000026,3.805200000000003,0.0,6.0
CHEMBL3696475,Cc1c([C@@H](O)CN2CCN(C[C@H](O)c3ccc4c(c3C)COC4=O)CC2)ccc2c1COC2=O,9940.0,intermediate,466.5340000000004,2.0288399999999998,2.0,8.0
CHEMBL4443695,Fc1ccc(CNC2CCN(Cc3ccccc3)CC2)c(F)c1,710.0,active,316.3950000000001,3.719000000000003,1.0,2.0
CHEMBL1424080,Fc1ccc(CNC2CCN(Cc3ccccc3)CC2)cc1,1200.0,intermediate,298.4050000000001,3.579900000000003,1.0,2.0
CHEMBL4091169,Clc1ccc(CNC2CCN(Cc3ccccc3)CC2)c(Cl)c1,620.0,active,349.30500000000006,4.747600000000004,1.0,2.0
CHEMBL1348834,Clc1ccc(CNC2CCN(Cc3ccccc3)CC2)cc1,850.0,active,314.86000000000007,4.094200000000003,1.0,2.0
CHEMBL4587156,FC(F)(F)Oc1ccc(CNC2CCN(Cc3ccccc3)CC2)cc1,590.0,active,364.41100000000006,4.339400000000003,1.0,3.0
CHEMBL4583534,FC(F)(F)c1ccc(CNC2CCN(Cc3ccccc3)CC2)cc1,110.0,active,348.4120000000001,4.459600000000004,1.0,2.0
CHEMBL4442580,O=[N+]([O-])c1ccc(CNC2CCN(Cc3ccccc3)CC2)cc1,720.0,active,325.4120000000001,3.349000000000002,1.0,4.0
CHEMBL4444968,Cc1ccc(CNC2CCN(Cc3ccccc3)CC2)cc1,3700.0,intermediate,294.44200000000006,3.749220000000003,1.0,2.0
CHEMBL4458653,Cc1cccc(CNC2CCN(Cc3ccccc3)CC2)c1,4100.0,intermediate,294.44200000000006,3.749220000000003,1.0,2.0
CHEMBL4443013,Oc1ccc(CNC2CCN(Cc3ccccc3)CC2)c(O)c1,2300.0,intermediate,312.41300000000007,2.852000000000001,3.0,4.0
CHEMBL4561792,Oc1ccc(CNC2CCN(Cc3ccccc3)CC2)cc1,4000.0,intermediate,296.41400000000004,3.1464000000000016,2.0,3.0
CHEMBL4447514,Oc1ccccc1CNC1CCN(Cc2ccccc2)CC1,2400.0,intermediate,296.41400000000004,3.1464000000000016,2.0,3.0
CHEMBL4591283,COc1cc(CNC2CCN(Cc3ccccc3)CC2)cc(OC)c1OC,2200.0,intermediate,370.4930000000002,3.4666000000000023,1.0,5.0
CHEMBL4453051,c1ccc(CNC2CCN(Cc3ccccc3)CC2)cc1,1700.0,intermediate,280.41499999999996,3.440800000000002,1.0,2.0
CHEMBL4435826,COc1cccc(CNC2CCN(Cc3ccccc3)CC2)c1OC,2200.0,intermediate,340.46700000000016,3.458000000000002,1.0,4.0
CHEMBL4568615,Fc1ccc(/C=N/C2CCN(Cc3ccccc3)CC2)c(F)c1,1300.0,intermediate,314.3790000000001,4.048300000000004,0.0,2.0
CHEMBL4518938,Fc1ccc(/C=N/C2CCN(Cc3ccccc3)CC2)cc1,2900.0,intermediate,296.38900000000007,3.909200000000003,0.0,2.0
CHEMBL4568264,Clc1ccc(/C=N/C2CCN(Cc3ccccc3)CC2)c(Cl)c1,1300.0,intermediate,347.2890000000001,5.076900000000005,0.0,2.0
CHEMBL4526950,Clc1ccc(/C=N/C2CCN(Cc3ccccc3)CC2)cc1,1500.0,intermediate,312.84400000000005,4.423500000000003,0.0,2.0
CHEMBL4449445,FC(F)(F)Oc1ccc(/C=N/C2CCN(Cc3ccccc3)CC2)cc1,1000.0,active,362.3950000000001,4.668700000000004,0.0,3.0
CHEMBL4575167,FC(F)(F)c1ccc(/C=N/C2CCN(Cc3ccccc3)CC2)cc1,440.0,active,346.3960000000001,4.788900000000004,0.0,2.0
CHEMBL4452092,O=[N+]([O-])c1ccc(/C=N/C2CCN(Cc3ccccc3)CC2)cc1,900.0,active,323.3960000000001,3.678300000000003,0.0,4.0
CHEMBL4566555,Cc1ccc(/C=N/C2CCN(Cc3ccccc3)CC2)cc1,4400.0,intermediate,292.42600000000004,4.078520000000004,0.0,2.0
CHEMBL4566242,Cc1cccc(/C=N/C2CCN(Cc3ccccc3)CC2)c1,15000.0,inactive,292.42600000000004,4.078520000000004,0.0,2.0
CHEMBL4556855,Oc1ccc(/C=N/C2CCN(Cc3ccccc3)CC2)c(O)c1,2600.0,intermediate,310.39700000000005,3.181300000000001,2.0,4.0
CHEMBL4454571,Oc1ccc(/C=N/C2CCN(Cc3ccccc3)CC2)cc1,4800.0,intermediate,294.398,3.4757000000000025,1.0,3.0
CHEMBL4467620,Oc1ccccc1/C=N/C1CCN(Cc2ccccc2)CC1,2800.0,intermediate,294.3980000000001,3.4757000000000025,1.0,3.0
CHEMBL4440283,COc1cc(/C=N/C2CCN(Cc3ccccc3)CC2)cc(OC)c1OC,15000.0,inactive,368.47700000000015,3.795900000000003,0.0,5.0
CHEMBL4537808,C(=N/C1CCN(Cc2ccccc2)CC1)\c1ccccc1,2100.0,intermediate,278.399,3.770100000000003,0.0,2.0
CHEMBL4444849,COc1cccc(/C=N/C2CCN(Cc3ccccc3)CC2)c1OC,15000.0,inactive,338.45100000000014,3.7873000000000028,0.0,4.0
CHEMBL4544950,COc1ccc(-c2nc(NC3CCN(Cc4ccc(C(F)(F)F)cc4)CC3)sc2-c2ccc(OC)cc2)cc1,750.0,active,553.6500000000002,7.589600000000007,1.0,6.0
CHEMBL4562938,COc1ccc(CN2CCC(Nc3nc(-c4ccc(OC)cc4)c(-c4ccc(OC)cc4)s3)CC2)cc1,770.0,active,515.6790000000003,6.579400000000007,1.0,7.0
CHEMBL4555730,COc1ccc(-c2nc(NC3CCN(Cc4ccc(C)cc4)CC3)sc2-c2ccc(OC)cc2)cc1,830.0,active,499.68000000000023,6.879220000000008,1.0,6.0
CHEMBL4516508,Fc1ccc(CN2CCC(Nc3nc(-c4ccc(Cl)cc4)c(-c4ccc(Cl)cc4)s3)CC2)c(Cl)c1,370.0,active,546.9260000000003,8.6529,1.0,4.0
CHEMBL4593917,N#Cc1ccc(CN2CCC(Nc3nc(-c4ccc(Cl)cc4)c(-c4ccc(Cl)cc4)s3)CC2)cc1,1020.0,intermediate,519.5010000000002,7.732080000000006,1.0,5.0
CHEMBL4551316,COc1ccc(CN2CCC(Nc3nc(-c4ccc(Cl)cc4)c(-c4ccc(Cl)cc4)s3)CC2)cc1,1120.0,intermediate,524.5170000000003,7.869000000000007,1.0,5.0
CHEMBL4588487,Cc1ccc(CN2CCC(Nc3nc(-c4ccc(Cl)cc4)c(-c4ccc(Cl)cc4)s3)CC2)cc1,3190.0,intermediate,508.51800000000026,8.168820000000006,1.0,4.0
CHEMBL4575730,Clc1ccc(-c2nc(NC3CCN(Cc4ccccc4)CC3)sc2-c2ccc(Cl)cc2)cc1,1380.0,intermediate,494.4910000000002,7.860400000000006,1.0,4.0
CHEMBL4540644,Cc1ccc(CN2CCC(Nc3nc(-c4ccc(C)cc4)c(-c4ccc(C)cc4)s3)CC2)cc1,1090.0,intermediate,467.68200000000024,7.478860000000007,1.0,4.0
CHEMBL4519072,Cc1ccc(-c2nc(NC3CCN(Cc4ccccc4)CC3)sc2-c2ccc(C)cc2)cc1,1280.0,intermediate,453.6550000000002,7.170440000000007,1.0,4.0
CHEMBL4559797,COc1ccc(-c2nc(NCC3CCN(Cc4c(F)cccc4Cl)CC3)sc2-c2ccc(OC)cc2)cc1,360.0,active,552.1150000000002,7.610900000000007,1.0,6.0
CHEMBL4527770,COc1ccc(-c2nc(NCC3CCN(Cc4ccccc4C(F)(F)F)CC3)sc2-c2ccc(OC)cc2)cc1,690.0,active,567.6770000000002,7.837200000000007,1.0,6.0
CHEMBL4566786,COc1ccc(-c2nc(NCC3CCN(Cc4ccccc4C)CC3)sc2-c2ccc(OC)cc2)cc1,590.0,active,513.7070000000003,7.126820000000008,1.0,6.0
CHEMBL4533530,Fc1ccc(CN2CCC(CNc3nc(-c4ccc(Cl)cc4)c(-c4ccc(Cl)cc4)s3)CC2)c(C(F)(F)F)c1,1240.0,intermediate,594.5050000000003,9.265899999999998,1.0,4.0
CHEMBL4554666,Fc1ccc(CN2CCC(CNc3nc(-c4ccc(Cl)cc4)c(-c4ccc(Cl)cc4)s3)CC2)c(Cl)c1,520.0,active,560.9530000000002,8.9005,1.0,4.0
CHEMBL4529936,Fc1cc(F)cc(CN2CCC(CNc3nc(-c4ccc(Cl)cc4)c(-c4ccc(Cl)cc4)s3)CC2)c1,630.0,active,544.498,8.386200000000004,1.0,4.0
CHEMBL4530559,Cc1ccccc1CN1CCC(CNc2nc(-c3ccc(Cl)cc3)c(-c3ccc(Cl)cc3)s2)CC1,870.0,active,522.5450000000001,8.416420000000004,1.0,4.0
CHEMBL4549453,Cc1ccc(-c2nc(NCC3CCN(Cc4ccc(F)cc4)CC3)sc2-c2ccc(C)cc2)cc1,370.0,active,485.6720000000002,7.5571400000000075,1.0,4.0
CHEMBL4532806,Cc1ccc(-c2nc(NCC3CCN(Cc4cc(F)cc(F)c4)CC3)sc2-c2ccc(C)cc2)cc1,300.0,active,503.6620000000002,7.6962400000000075,1.0,4.0
CHEMBL4532372,Cc1ccc(-c2nc(NCC3CCN(Cc4ccccc4C(F)(F)F)CC3)sc2-c2ccc(C)cc2)cc1,400.0,active,535.6790000000002,8.436840000000004,1.0,4.0
CHEMBL4560673,Cc1ccc(-c2nc(NCC3CCN(Cc4ccccc4C)CC3)sc2-c2ccc(C)cc2)cc1,500.0,active,481.70900000000023,7.726460000000008,1.0,4.0
CHEMBL4549599,COc1ccc(-c2nc(NC(=O)C3CCN(Cc4ccc(F)cc4C(F)(F)F)CC3)sc2-c2ccc(OC)cc2)cc1,1230.0,intermediate,599.6500000000002,7.502900000000007,1.0,6.0
CHEMBL4587025,COc1ccc(-c2nc(NC(=O)C3CCN(Cc4ccccc4C#N)CC3)sc2-c2ccc(OC)cc2)cc1,2800.0,intermediate,538.6730000000003,6.2166800000000055,1.0,7.0
CHEMBL4570156,COc1ccc(-c2nc(NC(=O)C3CCN(Cc4c(F)cccc4Cl)CC3)sc2-c2ccc(OC)cc2)cc1,410.0,active,566.0980000000003,7.137500000000007,1.0,6.0
CHEMBL4520251,COc1ccc(-c2nc(NC(=O)C3CCN(Cc4ccc(F)cc4)CC3)sc2-c2ccc(OC)cc2)cc1,1160.0,intermediate,531.6530000000002,6.484100000000007,1.0,6.0
CHEMBL4514685,COc1ccc(-c2nc(NC(=O)C3CCN(Cc4cc(F)cc(F)c4)CC3)sc2-c2ccc(OC)cc2)cc1,2450.0,intermediate,549.6430000000003,6.623200000000007,1.0,6.0
CHEMBL4571742,COc1ccc(-c2nc(NC(=O)C3CCN(Cc4cccc(F)c4)CC3)sc2-c2ccc(OC)cc2)cc1,570.0,active,531.6530000000002,6.484100000000007,1.0,6.0
CHEMBL4527101,COc1ccc(-c2nc(NC(=O)C3CCN(Cc4ccccc4C(F)(F)F)CC3)sc2-c2ccc(OC)cc2)cc1,680.0,active,581.6600000000002,7.363800000000007,1.0,6.0
CHEMBL4593583,COc1ccc(-c2nc(NC(=O)C3CCN(Cc4ccccc4C)CC3)sc2-c2ccc(OC)cc2)cc1,1340.0,intermediate,527.6900000000003,6.653420000000008,1.0,6.0
CHEMBL4548499,O=C(Nc1nc(-c2ccc(Cl)cc2)c(-c2ccc(Cl)cc2)s1)C1CCN(Cc2ccc(OC(F)(F)F)cc2)CC1,1380.0,intermediate,606.4970000000003,8.533200000000003,1.0,5.0
CHEMBL4547993,N#Cc1ccccc1CN1CCC(C(=O)Nc2nc(-c3ccc(Cl)cc3)c(-c3ccc(Cl)cc3)s2)CC1,1770.0,intermediate,547.511,7.506280000000006,1.0,5.0
CHEMBL4529976,O=C(Nc1nc(-c2ccc(Cl)cc2)c(-c2ccc(Cl)cc2)s1)C1CCN(Cc2ccc(F)cc2Cl)CC1,3700.0,intermediate,574.9360000000001,8.427100000000003,1.0,4.0
CHEMBL4532149,O=C(Nc1nc(-c2ccc(Cl)cc2)c(-c2ccc(Cl)cc2)s1)C1CCN(Cc2cc(F)cc(F)c2)CC1,640.0,active,558.4810000000001,7.912800000000006,1.0,4.0
CHEMBL4591964,O=C(Nc1nc(-c2ccc(Cl)cc2)c(-c2ccc(Cl)cc2)s1)C1CCN(Cc2cccc(F)c2)CC1,650.0,active,540.4910000000001,7.773700000000006,1.0,4.0
CHEMBL4592283,O=C(Nc1nc(-c2ccc(Cl)cc2)c(-c2ccc(Cl)cc2)s1)C1CCN(Cc2ccccc2C(F)(F)F)CC1,2770.0,intermediate,590.4980000000003,8.653400000000001,1.0,4.0
CHEMBL4566613,Cc1ccccc1CN1CCC(C(=O)Nc2nc(-c3ccc(Cl)cc3)c(-c3ccc(Cl)cc3)s2)CC1,1100.0,intermediate,536.528,7.943020000000007,1.0,4.0
CHEMBL4548883,Cc1ccc(-c2nc(NC(=O)C3CCN(Cc4ccc(C(F)(F)F)cc4)CC3)sc2-c2ccc(C)cc2)cc1,10000.0,inactive,549.6620000000003,7.9634400000000065,1.0,4.0
CHEMBL4572079,Cc1ccc(-c2nc(NC(=O)C3CCN(Cc4ccc([N+](=O)[O-])cc4)CC3)sc2-c2ccc(C)cc2)cc1,2320.0,intermediate,526.6620000000003,6.852840000000007,1.0,6.0
CHEMBL4535748,Cc1ccc(-c2nc(NC(=O)C3CCN(Cc4ccc(C#N)cc4)CC3)sc2-c2ccc(C)cc2)cc1,1280.0,intermediate,506.67500000000024,6.816320000000007,1.0,5.0
CHEMBL4573793,Cc1ccc(-c2nc(NC(=O)C3CCN(Cc4c(F)cccc4Cl)CC3)sc2-c2ccc(C)cc2)cc1,2880.0,intermediate,534.1000000000003,7.737140000000007,1.0,4.0
CHEMBL4578266,Cc1ccc(-c2nc(NC(=O)C3CCN(Cc4ccc(F)cc4Cl)CC3)sc2-c2ccc(C)cc2)cc1,10000.0,inactive,534.1000000000003,7.737140000000007,1.0,4.0
CHEMBL4535218,Cc1ccc(-c2nc(NC(=O)C3CCN(Cc4cc(F)cc(F)c4)CC3)sc2-c2ccc(C)cc2)cc1,2500.0,intermediate,517.6450000000002,7.222840000000007,1.0,4.0
CHEMBL4554172,Cc1ccc(-c2nc(NC(=O)C3CCN(Cc4cccc(F)c4)CC3)sc2-c2ccc(C)cc2)cc1,10000.0,inactive,499.6550000000002,7.083740000000007,1.0,4.0
CHEMBL4533844,Cc1ccc(-c2nc(NC(=O)C3CCN(Cc4ccccc4C(F)(F)F)CC3)sc2-c2ccc(C)cc2)cc1,7570.0,intermediate,549.6620000000003,7.9634400000000065,1.0,4.0
CHEMBL4570655,Cc1ccc(-c2nc(NC(=O)C3CCN(Cc4ccccc4C)CC3)sc2-c2ccc(C)cc2)cc1,10000.0,inactive,495.69200000000023,7.253060000000008,1.0,4.0
CHEMBL4571704,COc1cc(O)c2c(c1)C1=C(c3c(O)c(O)cc(C)c3-c3cc(OC)cc(O)c3C(=O)O)C(=O)C(O)=CC1(C)OC2=O,15500.0,inactive,576.5100000000002,4.064320000000003,6.0,11.0
CHEMBL4556664,COc1cc(O)c(C(C)=O)c(-c2c(C)cc(O)c3oc4c(O)cc(C)c(-c5cc(OC)cc(O)c5C(=O)O)c4c23)c1,68300.0,inactive,558.5390000000003,6.277240000000007,5.0,9.0
CHEMBL4632770,O=[N+]([O-])C1C(Cc2c[nH]cn2)NC2(c3ccccc3-c3nc4ccccc4nc32)C1c1ccccc1,11800.0,inactive,474.5240000000002,4.220500000000003,2.0,6.0
CHEMBL4648224,O=[N+]([O-])C1C(Cc2c[nH]cn2)NC2(c3ccccc3-c3nc4ccccc4nc32)C1c1ccc(Br)cc1,16250.0,inactive,553.4200000000003,4.983000000000004,2.0,6.0
CHEMBL4646153,O=[N+]([O-])C1C(Cc2c[nH]cn2)NC2(c3ccccc3-c3nc4ccccc4nc32)C1c1ccc(Cl)cc1,18240.0,inactive,508.9690000000003,4.8739000000000035,2.0,6.0
CHEMBL4644961,Cc1ccccc1C1C([N+](=O)[O-])C(Cc2c[nH]cn2)NC12c1ccccc1-c1nc3ccccc3nc12,10020.0,inactive,488.55100000000016,4.528920000000003,2.0,6.0
CHEMBL4633851,Cc1cccc(C2C([N+](=O)[O-])C(Cc3c[nH]cn3)NC23c2ccccc2-c2nc4ccccc4nc23)c1,7800.0,intermediate,488.5510000000002,4.528920000000003,2.0,6.0
CHEMBL4639749,Cc1ccc(C2C([N+](=O)[O-])C(Cc3c[nH]cn3)NC23c2ccccc2-c2nc4ccccc4nc23)cc1,2020.0,intermediate,488.5510000000003,4.528920000000003,2.0,6.0
CHEMBL4642959,COc1ccccc1C1C([N+](=O)[O-])C(Cc2c[nH]cn2)NC12c1ccccc1-c1nc3ccccc3nc12,5220.0,intermediate,504.5500000000002,4.2291000000000025,2.0,7.0
CHEMBL4639357,COc1cccc(C2C([N+](=O)[O-])C(Cc3c[nH]cn3)NC23c2ccccc2-c2nc4ccccc4nc23)c1,9200.0,intermediate,504.5500000000002,4.2291000000000025,2.0,7.0
CHEMBL4642244,COc1ccc(C2C([N+](=O)[O-])C(Cc3c[nH]cn3)NC23c2ccccc2-c2nc4ccccc4nc23)cc1,2050.0,intermediate,504.5500000000002,4.2291000000000025,2.0,7.0
CHEMBL4632994,O=[N+]([O-])C1C(Cc2c[nH]cn2)NC2(c3ccccc3-c3nc4ccccc4nc32)C1c1ccco1,14240.0,inactive,464.48500000000024,3.813500000000002,2.0,7.0
CHEMBL4636399,O=[N+]([O-])C1C(Cc2c[nH]cn2)NC2(c3ccccc3-c3nc4ccccc4nc32)C1c1ccccn1,17040.0,inactive,475.5120000000002,3.6155000000000026,2.0,7.0
CHEMBL4640750,O=C1CN(/N=C/c2ccc(-c3ccc([N+](=O)[O-])cc3)o2)C(=O)N1CCN1CCN(Cc2ccccc2)CC1,201.0,active,516.5580000000003,3.2707000000000015,0.0,8.0
CHEMBL4636043,O=C1CN(/N=C/c2ccc(-c3ccc([N+](=O)[O-])cc3)o2)C(=O)N1CCC1CCN(Cc2ccccc2)CC1,46.4,active,515.5700000000003,4.755200000000005,0.0,7.0
CHEMBL4632477,O=C1CN(/N=C/c2ccc(-c3cccc([N+](=O)[O-])c3)o2)C(=O)N1CCC1CCN(Cc2ccccc2)CC1,290.0,active,515.5700000000003,4.755200000000005,0.0,7.0
CHEMBL4643381,O=C1CN(/N=C/c2ccc(-c3ccccc3[N+](=O)[O-])o2)C(=O)N1CCC1CCN(Cc2ccccc2)CC1,34.2,active,515.5700000000003,4.755200000000005,0.0,7.0
CHEMBL4639168,COc1ccc(-c2ccc(/C=N/N3CC(=O)N(CCC4CCN(Cc5ccccc5)CC4)C3=O)o2)cc1,108.0,active,500.59900000000033,4.855600000000005,0.0,6.0
CHEMBL4633378,COc1cccc(-c2ccc(/C=N/N3CC(=O)N(CCC4CCN(Cc5ccccc5)CC4)C3=O)o2)c1,47.0,active,500.59900000000033,4.855600000000004,0.0,6.0
CHEMBL4641865,COc1ccccc1-c1ccc(/C=N/N2CC(=O)N(CCC3CCN(Cc4ccccc4)CC3)C2=O)o1,90.4,active,500.5990000000004,4.855600000000004,0.0,6.0
CHEMBL1762833,COc1ccc(C2c3c(nc4c(c3N)CCCC4)Oc3ccc4ccccc4c32)cc1OC,83.0,active,438.5270000000001,5.998900000000005,1.0,5.0
CHEMBL4646080,COc1cc2cc(NC(=O)C3CCN(Cc4ccccc4)CC3)c(=O)oc2cc1OC,223.0,active,422.4810000000002,3.6609000000000025,1.0,6.0
CHEMBL4639105,COc1cc2cc(NC(=O)CCCNCc3ccccc3)c(=O)oc2cc1OC,748.0,active,396.44300000000015,3.3187000000000015,2.0,6.0
CHEMBL4648322,COc1cc2cc(NC(=O)[C@@H]3CCC[C@H](NCc4ccccc4)C3)c(=O)oc2cc1OC,19.2,active,436.5080000000002,4.097300000000003,2.0,6.0
CHEMBL4633540,C#CCNc1c2c(nc3ccccc13)CCCC2,50.7,active,236.31799999999996,3.1587000000000014,1.0,2.0
CHEMBL4632951,C#CCNc1c2c(nc3cc(Cl)ccc13)CCCC2,9.4,active,270.76300000000003,3.812100000000002,1.0,2.0
CHEMBL45069,C#CCNCc1cc2cc(OCc3ccccc3)ccc2[nH]1,100000.0,inactive,290.366,3.4697000000000022,2.0,2.0
CHEMBL4647106,COc1ccc([C@H](O)[C@H](N)C(=O)O)cc1OC,1.0,active,241.24299999999994,0.14909999999999973,3.0,5.0
CHEMBL4634863,COc1ccc([C@H]2O[C@@H](O)[C@H]3[C@@H]2C(=O)O[C@@H]3c2cc(OC)c3c(c2)OCO3)cc1OC,3.0,active,430.4090000000003,2.3613,1.0,9.0
CHEMBL4633410,COc1ccc([C@H]2O[C@@H](O)[C@H]3[C@@H]2C(=O)O[C@@H]3c2ccc(OC)c(OC)c2)cc1OC,28.0,active,416.4260000000002,2.6412000000000004,1.0,8.0
CHEMBL4633613,COc1ccc([C@H]2OC(=O)[C@H]3[C@@H]2C(=O)O[C@@H]3c2ccc3c(c2)OCO3)cc1OC,158.0,active,398.3670000000002,2.5609,0.0,8.0
CHEMBL1980572,COc1cc([C@H]2OC[C@H]3[C@@H]2CO[C@@H]3c2cc(OC)c3c(c2)OCO3)cc(OC)c1OC,460.0,active,430.45300000000026,3.5249000000000024,0.0,8.0
CHEMBL454592,COc1cc([C@H]2OC[C@H]3[C@@H]2CO[C@@H]3c2cc(OC)c(OC)c(OC)c2)cc(OC)c1OC,616.0,active,446.49600000000027,3.8134000000000023,0.0,8.0
CHEMBL519926,COc1ccc([C@H]2OC[C@H]3[C@@H]2CO[C@@H]3c2cc(OC)c(OC)c(OC)c2)cc1OC,903.0,active,416.4700000000002,3.804800000000003,0.0,7.0
CHEMBL4632461,COc1ccc([C@H]2OC[C@H]3[C@@H]2C(=O)O[C@@H]3c2ccc3c(c2)OCO3)cc1OC,2229.0,intermediate,384.3840000000002,3.0343000000000018,0.0,7.0
CHEMBL4647870,CCOc1cc(OCC)cc(C(=O)O[C@@H]2C[N@@]3Cc4c(cc5c(c4OC)OCO5)[C@@]24C=C[C@H](OC)C[C@H]34)c1,100000.0,inactive,523.5820000000003,3.857400000000003,0.0,9.0
CHEMBL4641580,COc1ccc(C(=O)O[C@@H]2C[N@@]3Cc4c(cc5c(c4OC)OCO5)[C@@]24C=C[C@H](OC)C[C@H]34)cc1OC,100000.0,inactive,495.5280000000003,3.0772000000000013,0.0,9.0
CHEMBL4644284,COc1c2c(cc3c1OCO3)[C@]13C=C[C@H](OC)C[C@@H]1[N@](C2)C[C@H]3OC(=O)c1ccoc1,100000.0,inactive,425.4370000000002,2.6530000000000014,0.0,8.0
CHEMBL4634371,COc1c2c(cc3c1OCO3)[C@]13C=C[C@H](OC)C[C@@H]1[N@](C2)C[C@H]3OC(=O)c1ccco1,100000.0,inactive,425.4370000000002,2.6530000000000014,0.0,8.0
CHEMBL4648132,COc1c2c(cc3c1OCO3)[C@]13C=C[C@H](OC)C[C@@H]1[N@](C2)C[C@H]3OC(=O)c1cccc2ccccc12,100000.0,inactive,485.53600000000023,4.213200000000004,0.0,7.0
CHEMBL4636736,COc1c2c(cc3c1OCO3)[C@]13C=C[C@H](OC)C[C@@H]1[N@](C2)C[C@H]3OC(=O)c1ccc2ccccc2c1,100000.0,inactive,485.53600000000023,4.213200000000004,0.0,7.0
CHEMBL4649545,COc1c2c(cc3c1OCO3)[C@]13C=C[C@H](OC)C[C@@H]1[N@](C2)C[C@H]3OC(=O)c1ccc([N+](=O)[O-])cc1,100000.0,inactive,480.47300000000024,2.9682000000000013,0.0,9.0
CHEMBL4646747,COc1c2c(cc3c1OCO3)[C@]13C=C[C@H](OC)C[C@@H]1[N@](C2)C[C@H]3OC(=O)c1cccc([N+](=O)[O-])c1,48000.0,inactive,480.47300000000024,2.9682000000000013,0.0,9.0
CHEMBL4634465,COc1c2c(cc3c1OCO3)[C@]13C=C[C@H](OC)C[C@@H]1[N@](C2)C[C@H]3OC(=O)c1ccccc1[N+](=O)[O-],54000.0,inactive,480.47300000000024,2.9682000000000013,0.0,9.0
CHEMBL4637652,COc1ccc(C(=O)O[C@@H]2C[N@@]3Cc4c(cc5c(c4OC)OCO5)[C@@]24C=C[C@H](OC)C[C@H]34)cc1,100000.0,inactive,465.50200000000024,3.0686000000000018,0.0,8.0
CHEMBL4635404,COc1cccc(C(=O)O[C@@H]2C[N@@]3Cc4c(cc5c(c4OC)OCO5)[C@@]24C=C[C@H](OC)C[C@H]34)c1,100000.0,inactive,465.50200000000024,3.0686000000000018,0.0,8.0
CHEMBL4644410,COc1ccccc1C(=O)O[C@@H]1C[N@@]2Cc3c(cc4c(c3OC)OCO4)[C@@]13C=C[C@H](OC)C[C@H]23,100000.0,inactive,465.50200000000024,3.0686000000000018,0.0,8.0
CHEMBL4638682,COc1c2c(cc3c1OCO3)[C@]13C=C[C@H](OC)C[C@@H]1[N@](C2)C[C@H]3OC(=O)c1ccc(C)cc1,100000.0,inactive,449.5030000000002,3.368420000000002,0.0,7.0
CHEMBL4640168,COc1c2c(cc3c1OCO3)[C@]13C=C[C@H](OC)C[C@@H]1[N@](C2)C[C@H]3OC(=O)c1cccc(C)c1,100000.0,inactive,449.5030000000002,3.368420000000002,0.0,7.0
CHEMBL4640945,COc1c2c(cc3c1OCO3)[C@]13C=C[C@H](OC)C[C@@H]1[N@](C2)C[C@H]3OC(=O)c1ccccc1C,55000.0,inactive,449.5030000000002,3.368420000000002,0.0,7.0
CHEMBL4633343,COc1c2c(cc3c1OCO3)[C@]13C=C[C@H](OC)C[C@@H]1[N@](C2)C[C@H]3OC(=O)c1ccccc1,100000.0,inactive,435.47600000000017,3.0600000000000014,0.0,7.0
CHEMBL4636698,COc1c2c(cc3c1OCO3)[C@]13C=C[C@H](OC)C[C@@H]1[N@](C2)C[C@H]3OC(=O)C(C)C,100000.0,inactive,401.4590000000002,2.4022000000000006,0.0,7.0
CHEMBL4645345,CCCCC(=O)O[C@@H]1C[N@@]2Cc3c(cc4c(c3OC)OCO4)[C@@]13C=C[C@H](OC)C[C@H]23,100000.0,inactive,415.48600000000016,2.9364000000000017,0.0,7.0
CHEMBL4644286,CCC(=O)O[C@@H]1C[N@@]2Cc3c(cc4c(c3OC)OCO4)[C@@]13C=C[C@H](OC)C[C@H]23,100000.0,inactive,387.43200000000013,2.1562,0.0,7.0
CHEMBL4634473,COc1c2c(cc3c1OCO3)[C@]13C=C[C@H](OC)C[C@@H]1[N@](C2)C[C@H]3OC(C)=O,100000.0,inactive,373.40500000000014,1.7661,0.0,7.0
CHEMBL4649430,COc1c2c(cc3c1OCO3)[C@]13C=C[C@H](OC)C[C@@H]1[N@](C2)C[C@H]3O,100000.0,inactive,331.36800000000005,1.1952999999999998,1.0,6.0
CHEMBL4638958,CC(C)=CC[C@H]1C[C@]2(CC=C(C)C)C(=O)[C@]3(CC=C(C)C)O[C@@]1(C(=O)C(C)C)[C@@]2(O)C(C)(C)C3=O,20700.0,inactive,484.67700000000036,5.703600000000006,1.0,5.0
CHEMBL4635686,CN(C)C(=O)Oc1cccc(C(O)CNC2CCCCC2)c1.Cl,792000.0,inactive,342.867,3.1245000000000025,2.0,4.0
CHEMBL4645476,CN(C)C(=O)Oc1ccc(C(O)CNC2CCCCC2)cc1.Cl,266000.0,inactive,342.867,3.1245000000000025,2.0,4.0
CHEMBL4645659,COc1ccc(CCC(=O)Nc2nc(-c3cc4ccccc4oc3=O)cs2)cc1OC,740.0,active,436.4890000000002,4.505000000000004,1.0,7.0
CHEMBL513063,COc1ccc(-c2csc(NC(=O)CCN3CCCC3)n2)cc1,510.0,active,331.4410000000001,3.243100000000002,1.0,5.0
CHEMBL4640608,COc1cc(C2C3=C(CCCC3=O)NC3=C2C(=O)CCC3)ccc1OCc1ccc(F)cc1,125000.0,inactive,447.5060000000002,5.1143000000000045,1.0,5.0
CHEMBL4173961,O=C1CCCC2=C1C(c1ccc(OCc3cccc(F)c3)c(Br)c1)C1=C(CCCC1=O)N2,100000.0,inactive,496.37600000000026,5.868200000000004,1.0,4.0
CHEMBL4800161,COc1cc(/C=N/NC(=O)N2CCN(c3ccccn3)CC2)cc(OC)c1OC,5690.0,intermediate,399.45100000000025,1.9730999999999999,1.0,7.0
CHEMBL4794098,COc1cccc(/C=N/NC(=O)N2CCN(c3ccccn3)CC2)c1OC,10000.0,inactive,369.4250000000001,1.9645,1.0,6.0
CHEMBL4743485,O=C(N/N=C/c1ccccc1)N1CCN(c2ccccn2)CC1,3620.0,intermediate,309.37300000000005,1.9473,1.0,4.0
CHEMBL4793006,O=C(N/N=C/c1ccc(O)cc1)N1CCN(c2ccccn2)CC1,4810.0,intermediate,325.37200000000007,1.6529,2.0,5.0
CHEMBL4758274,O=C(N/N=C/c1ccccc1O)N1CCN(c2ccccn2)CC1,10000.0,inactive,325.37200000000007,1.6529,2.0,5.0
CHEMBL4756828,O=C(N/N=C/c1ccc(O)cc1O)N1CCN(c2ccccn2)CC1,4680.0,intermediate,341.37100000000004,1.3585,3.0,6.0
CHEMBL4763376,Cc1cccc(/C=N/NC(=O)N2CCN(c3ccccn3)CC2)c1,10000.0,inactive,323.4000000000001,2.25572,1.0,4.0
CHEMBL4798846,Cc1ccc(/C=N/NC(=O)N2CCN(c3ccccn3)CC2)cc1,4780.0,intermediate,323.4000000000001,2.25572,1.0,4.0
CHEMBL4744259,O=C(N/N=C/c1ccc([N+](=O)[O-])cc1)N1CCN(c2ccccn2)CC1,1160.0,intermediate,354.37000000000006,1.8555,1.0,6.0
CHEMBL4748077,O=C(N/N=C/c1ccc(C(F)(F)F)cc1)N1CCN(c2ccccn2)CC1,1320.0,intermediate,377.37000000000006,2.966100000000001,1.0,4.0
CHEMBL4782122,O=C(N/N=C/c1ccc(OC(F)(F)F)cc1)N1CCN(c2ccccn2)CC1,2910.0,intermediate,393.36900000000014,2.8459000000000003,1.0,5.0
CHEMBL4740676,O=C(N/N=C/c1ccc(Cl)cc1)N1CCN(c2ccccn2)CC1,3420.0,intermediate,343.81800000000004,2.6007000000000007,1.0,4.0
CHEMBL4788019,O=C(N/N=C/c1ccc(F)cc1)N1CCN(c2ccccn2)CC1,1870.0,intermediate,327.36300000000006,2.0864000000000003,1.0,4.0
CHEMBL4746898,O=C(N/N=C/c1ccc(Br)cc1)N1CCN(c2ccccn2)CC1,489.0,active,388.2690000000001,2.7098000000000004,1.0,4.0
CHEMBL4763434,O=C(N/N=C/c1ccc(F)cc1F)N1CCN(c2ccccn2)CC1,682.0,active,345.353,2.2255000000000003,1.0,4.0
CHEMBL4746559,c1ccc(-c2nnc(N3CCN(c4ccccn4)CC3)o2)cc1,341.0,active,307.3570000000001,2.4582000000000006,0.0,6.0
CHEMBL4744191,COc1cccc(-c2nnc(N3CCN(c4ccccn4)CC3)o2)c1OC,1190.0,intermediate,367.40900000000016,2.4754000000000005,0.0,8.0
CHEMBL4745534,COc1cc(-c2nnc(N3CCN(c4ccccn4)CC3)o2)cc(OC)c1OC,222.0,active,397.43500000000023,2.484000000000001,0.0,9.0
CHEMBL4746180,Oc1ccc(-c2nnc(N3CCN(c4ccccn4)CC3)o2)cc1,1180.0,intermediate,323.3560000000001,2.1638,1.0,7.0
CHEMBL4782180,Oc1ccccc1-c1nnc(N2CCN(c3ccccn3)CC2)o1,1230.0,intermediate,323.3560000000001,2.1638,1.0,7.0
CHEMBL4761564,Oc1ccc(-c2nnc(N3CCN(c4ccccn4)CC3)o2)c(O)c1,1340.0,intermediate,339.35500000000013,1.8694,2.0,8.0
CHEMBL4752466,Cc1cccc(-c2nnc(N3CCN(c4ccccn4)CC3)o2)c1,5240.0,intermediate,321.3840000000001,2.7666200000000005,0.0,6.0
CHEMBL4743358,Cc1ccc(-c2nnc(N3CCN(c4ccccn4)CC3)o2)cc1,1020.0,intermediate,321.3840000000001,2.7666200000000014,0.0,6.0
CHEMBL4754304,O=[N+]([O-])c1ccc(-c2nnc(N3CCN(c4ccccn4)CC3)o2)cc1,219.0,active,352.3540000000001,2.3663999999999996,0.0,8.0
CHEMBL4764740,FC(F)(F)c1ccc(-c2nnc(N3CCN(c4ccccn4)CC3)o2)cc1,182.0,active,375.3540000000001,3.477000000000002,0.0,6.0
CHEMBL4793365,FC(F)(F)Oc1ccc(-c2nnc(N3CCN(c4ccccn4)CC3)o2)cc1,89.0,active,391.3530000000001,3.3568000000000016,0.0,7.0
CHEMBL4756730,Clc1ccc(-c2nnc(N3CCN(c4ccccn4)CC3)o2)cc1,102.0,active,341.80200000000013,3.111600000000001,0.0,6.0
CHEMBL4761911,Fc1ccc(-c2nnc(N3CCN(c4ccccn4)CC3)o2)cc1,136.0,active,325.3470000000001,2.5973000000000006,0.0,6.0
CHEMBL4779999,Brc1ccc(-c2nnc(N3CCN(c4ccccn4)CC3)o2)cc1,74.0,active,386.2530000000001,3.220700000000001,0.0,6.0
CHEMBL4759108,Fc1ccc(-c2nnc(N3CCN(c4ccccn4)CC3)o2)c(F)c1,54.0,active,343.3370000000001,2.7364000000000006,0.0,6.0
CHEMBL4765163,CCn1cc(CNCc2c[nH]nc2-c2ccc(-c3ccccc3)cc2)cn1,350.0,active,357.46100000000007,4.249900000000002,2.0,3.0
CHEMBL281202,Cc1ccc(C(C)C)cc1O,283600.0,inactive,150.221,2.8240200000000013,1.0,1.0
CHEMBL4800270,Cc1cc(S(=O)(=O)Nc2ccccc2O)c(C(C)C)cc1O,8740.0,intermediate,321.3980000000001,3.3304200000000024,3.0,4.0
CHEMBL4797608,Cc1cc(S(=O)(=O)NCc2ccccn2)c(C(C)C)cc1O,6990.0,intermediate,320.4140000000001,2.6975200000000013,2.0,4.0
CHEMBL4762463,Cc1cc(S(=O)(=O)NN)c(C(C)C)cc1O,9240.0,intermediate,244.316,0.9760199999999997,3.0,4.0
CHEMBL4741157,Cc1cc(S(=O)(=O)Nc2cnccn2)c(C(C)C)cc1O,7340.0,intermediate,307.37500000000006,2.414820000000001,2.0,5.0
CHEMBL4785620,Cc1cc(S(=O)(=O)N2CCOCC2)c(C(C)C)cc1O,5640.0,intermediate,299.39199999999994,1.8449199999999997,1.0,4.0
CHEMBL4751237,C[C@@H]1CC[C@H]2[C@H](C(=O)c3c(O)c([C@@]4(O)CC[C@@H](O)[C@H]5O[C@H]54)cn(O)c3=O)[C@H](C)C=C[C@@H]2C1,39000.0,inactive,445.5120000000001,1.9581,4.0,7.0
CHEMBL4765084,C[C@@H]1CC[C@H]2[C@H](C(=O)c3c4c(cn(O)c3=O)[C@@]3(O)CC[C@H](O)[C@H](O4)[C@@H]3O)[C@H](C)C=C[C@@H]2C1,47000.0,inactive,445.51200000000017,1.6069999999999998,4.0,7.0
CHEMBL4752675,CO[C@]1(c2cn(O)c(=O)c(C(=O)[C@H]3[C@@H]4CC[C@@H](C)C[C@H]4C=C[C@H]3C)c2O)CC[C@@H](O)[C@H]2O[C@H]21,810.0,active,459.5390000000002,2.6122000000000005,3.0,7.0
CHEMBL4759107,C/C=C1\C2C=C(C)CC1(NCC(=O)OC)c1ccc(=O)[nH]c1C2,6710.0,intermediate,314.38500000000005,1.8014000000000001,2.0,4.0
CHEMBL4794629,CCCCCCCCCCCCCCCCc1c(C(=O)[O-])ccc[n+]1C,2100000.0,inactive,361.57,4.898400000000003,0.0,2.0
CHEMBL4756653,CCCCCCCCCCCCCCCCc1cc[n+](C)cc1C(=O)[O-],2600000.0,inactive,361.57000000000005,4.898400000000004,0.0,2.0
CHEMBL4786519,CCCCCCCCCCCCCCCCc1ccc(C(=O)[O-])c[n+]1C,2800000.0,inactive,361.57000000000005,4.898400000000004,0.0,2.0
CHEMBL4760427,CC1=C[C@@H]2Cc3[nH]c(=O)ccc3[C@]3(C1)NCCC[C@H]23,2570.0,intermediate,256.349,2.0921000000000003,2.0,2.0
CHEMBL4755679,COc1ccc2nc3c(c(NCCCCCCCCN(CC(=O)NCCc4c[nH]c5ccc(OC)cc45)C(=O)CCCC[C@@H]4CCSS4)c2c1)CCCC3,10000.0,inactive,774.1099999999996,9.266200000000001,3.0,8.0
CHEMBL4761802,COc1ccc2nc3c(c(NCCCCCCCN(CC(=O)NCCc4c[nH]c5ccc(OC)cc45)C(=O)CCCC[C@@H]4CCSS4)c2c1)CCCC3,10000.0,inactive,760.0829999999995,8.876100000000003,3.0,8.0
CHEMBL4752488,COc1ccc2nc3c(c(NCCCCCCN(CC(=O)NCCc4c[nH]c5ccc(OC)cc45)C(=O)CCCC[C@@H]4CCSS4)c2c1)CCCC3,10000.0,inactive,746.0559999999996,8.486000000000006,3.0,8.0
CHEMBL4762083,COc1ccc2[nH]cc(CCNC(=O)CN(CCCCCCCCNc3c4c(nc5ccccc35)CCCC4)C(=O)CCCC[C@@H]3CCSS3)c2c1,180.0,active,744.0839999999998,9.257600000000002,3.0,7.0
CHEMBL4762095,COc1ccc2nc3c(c(NCCCCCCCCN(CC(=O)NCCc4c[nH]c5ccc(OC)cc45)C(=O)/C=C/c4ccc(O)c(OC)c4)c2c1)CCCC3,10000.0,inactive,761.9639999999999,7.979700000000009,4.0,8.0
CHEMBL4784757,COc1ccc2nc3c(c(NCCCCCCCN(CC(=O)NCCc4c[nH]c5ccc(OC)cc45)C(=O)/C=C/c4ccc(O)c(OC)c4)c2c1)CCCC3,1290.0,intermediate,747.9369999999999,7.58960000000001,4.0,8.0
CHEMBL4790426,COc1ccc2nc3c(c(NCCCCCCN(CC(=O)NCCc4c[nH]c5ccc(OC)cc45)C(=O)/C=C/c4ccc(O)c(OC)c4)c2c1)CCCC3,10000.0,inactive,733.91,7.1995000000000084,4.0,8.0
CHEMBL4759893,COc1ccc2[nH]cc(CCNC(=O)CN(CCCCCCCCNc3c4c(nc5ccccc35)CCCC4)C(=O)/C=C/c3ccc(O)c(OC)c3)c2c1,43.7,active,731.9380000000002,7.97110000000001,4.0,7.0
CHEMBL4762873,O=C(NO)c1ccc(Nc2c3ccccc3nc3ccccc23)cc1,720.0,active,329.35900000000004,4.250600000000002,3.0,4.0
CHEMBL4757035,O=C(NO)c1ccc(Nc2c3ccccc3nc3ccc(F)cc23)cc1,600.0,active,347.34900000000005,4.389700000000002,3.0,4.0
CHEMBL4796066,O=C(NO)c1ccc(Nc2c3ccccc3nc3ccc(Br)cc23)cc1,880.0,active,408.25500000000005,5.013100000000002,3.0,4.0
CHEMBL4751082,O=C(NO)c1ccc(Nc2c3ccccc3nc3ccc(OC(F)(F)F)cc23)cc1,3650.0,intermediate,413.3550000000001,5.149200000000002,3.0,5.0
CHEMBL4761847,O=C(NO)c1ccc(Nc2c3ccccc3nc3ccc(OCc4ccccc4)cc23)cc1,2640.0,intermediate,435.4830000000002,5.829600000000004,3.0,5.0
CHEMBL4753795,COc1cc2nc3ccccc3c(Nc3ccc(C(=O)NO)cc3)c2c(OC)c1OC,640.0,active,419.4370000000002,4.276400000000002,3.0,7.0
CHEMBL4750838,COc1ccc2nc3cc(Cl)ccc3c(Nc3ccc(C(=O)NO)cc3)c2n1,9250.0,intermediate,394.8180000000001,4.3076000000000025,3.0,6.0
CHEMBL4799871,O=C(NO)c1ccc(Nc2c3c(nc4ccccc24)CCCC3)cc1,1970.0,intermediate,333.3910000000002,3.976200000000003,3.0,4.0
CHEMBL4752558,O=C(NO)c1ccc(Nc2ccnc3ccccc23)cc1,830.0,active,279.29900000000004,3.0974000000000013,3.0,4.0
CHEMBL39677,c1ccc2nc3ccccc3cc2c1,6840.0,intermediate,179.22199999999998,3.3880000000000017,0.0,1.0
CHEMBL32749,COc1cc(/C=C/C(=O)O)ccc1O,100000.0,inactive,194.186,1.4986,2.0,3.0
CHEMBL4750360,CCN(C)C(=O)Oc1ccc(/C=C/C(=O)N2CCN(Cc3ccccc3)CC2)cc1,14800.0,inactive,407.5140000000001,3.4947000000000026,0.0,4.0
CHEMBL4777412,CCN(C)C(=O)Oc1ccc(/C=C/C(=O)N2CCc3ccccc3C2)cc1,6800.0,intermediate,364.44500000000005,3.7352000000000025,0.0,3.0
CHEMBL4776936,CCN(C)C(=O)Oc1ccc(/C=C/C(=O)N2CCC(Cc3ccccc3)CC2)cc1,27100.0,inactive,406.5260000000001,4.631600000000004,0.0,3.0
CHEMBL4789995,CCN(CC)C(=O)/C=C/c1ccc(OC(=O)N(C)C)c(OC)c1,13100.0,inactive,320.38900000000007,2.637200000000001,0.0,4.0
CHEMBL4762548,CCN(Cc1ccccc1)C(=O)/C=C/c1ccc(OC(=O)N(c2ccccc2)c2ccccc2)c(OC)c1,28100.0,inactive,506.6020000000002,7.094200000000007,0.0,4.0
CHEMBL4800310,CCN(C)C(=O)Oc1ccc(/C=C/C(=O)N(CC)Cc2ccccc2)cc1OC,20700.0,inactive,396.48700000000014,4.207600000000004,0.0,4.0
CHEMBL4756054,COc1cc(/C=C/C(=O)N2CCCCC2)ccc1OC(=O)N(c1ccccc1)c1ccccc1,27200.0,inactive,456.5420000000001,6.058000000000006,0.0,4.0
CHEMBL4748948,COc1cc(/C=C/C(=O)N2CCCCC2)ccc1OC(=O)N(C)C,9100.0,intermediate,332.40000000000003,2.7813000000000017,0.0,4.0
CHEMBL4747710,CCN(C)C(=O)Oc1ccc(/C=C/C(=O)N2CCCCC2)cc1OC,10700.0,inactive,346.42700000000013,3.171400000000002,0.0,4.0
CHEMBL4762653,COc1cc(/C=C/C(=O)N2CCN(Cc3ccccc3)CC2)ccc1OC(=O)N(c1ccccc1)c1ccccc1,28700.0,inactive,547.6550000000003,6.389900000000007,0.0,5.0
CHEMBL4756176,COc1cc(/C=C/C(=O)N2CCN(Cc3ccccc3)CC2)ccc1OC(=O)N(C)C,23500.0,inactive,423.5130000000002,3.1132000000000017,0.0,5.0
CHEMBL4740081,CCN(CC)C(=O)Oc1ccc(/C=C/C(=O)N2CCN(Cc3ccccc3)CC2)cc1OC,16800.0,inactive,451.5670000000003,3.8934000000000033,0.0,5.0
CHEMBL4741070,COc1cc(/C=C/C(=O)N2CCc3ccccc3C2)ccc1OC(=O)N(C)OC,12300.0,inactive,396.4430000000001,3.285300000000002,0.0,5.0
CHEMBL4745075,COc1cc(/C=C/C(=O)N2CCc3ccccc3C2)ccc1OC(=O)N(c1ccccc1)c1ccccc1,30500.0,inactive,504.5860000000001,6.630400000000006,0.0,4.0
CHEMBL4759959,COc1cc(/C=C/C(=O)N2CCc3ccccc3C2)ccc1OC(=O)N(C)C,17900.0,inactive,380.4440000000001,3.3537000000000026,0.0,4.0
CHEMBL4793075,CCN(C)C(=O)Oc1ccc(/C=C/C(=O)N2CCc3ccccc3C2)cc1OC,10600.0,inactive,394.4710000000001,3.743800000000003,0.0,4.0
CHEMBL4779514,CCN(CC)C(=O)Oc1ccc(/C=C/C(=O)N2CCc3ccccc3C2)cc1OC,15700.0,inactive,408.4980000000002,4.133900000000004,0.0,4.0
CHEMBL4759355,COc1cc(/C=C/C(=O)N2CCC(Cc3ccccc3)CC2)ccc1OC(=O)N(c1ccccc1)c1ccccc1,32100.0,inactive,546.6670000000003,7.526800000000008,0.0,4.0
CHEMBL4792013,COc1cc(/C=C/C(=O)N2CCC(Cc3ccccc3)CC2)ccc1OC(=O)N(C)C,16600.0,inactive,422.5250000000002,4.250100000000004,0.0,4.0
CHEMBL4787165,CCN(C)C(=O)Oc1ccc(/C=C/C(=O)N2CCC(Cc3ccccc3)CC2)cc1OC,17300.0,inactive,436.5520000000002,4.6402000000000045,0.0,4.0
CHEMBL4761179,CCN(CC)C(=O)Oc1ccc(/C=C/C(=O)N2CCC(Cc3ccccc3)CC2)cc1OC,19700.0,inactive,450.5790000000003,5.030300000000006,0.0,4.0
CHEMBL4747992,NC(=O)c1sc(-c2ccnc(NC(=O)C3CC3)c2)nc1OCCCC1CCN(Cc2ccc(F)cc2)CC1,310.0,active,537.6610000000003,4.8628000000000045,2.0,7.0
CHEMBL4776811,NC(=O)c1sc(-c2ccnc(NC(=O)C3CC3)c2)nc1OCCCC1CCN(Cc2cccc(F)c2)CC1,3000.0,intermediate,537.6610000000003,4.8628000000000045,2.0,7.0
CHEMBL4748993,NC(=O)c1sc(-c2ccnc(NC(=O)C3CC3)c2)nc1OCCCC1CCN(Cc2ccccc2F)CC1,1320.0,intermediate,537.6610000000003,4.8628000000000045,2.0,7.0
CHEMBL4794823,NC(=O)c1sc(-c2ccnc(NC(=O)C3CC3)c2)nc1OCCCC1CCN(Cc2ccccc2)CC1,380.0,active,519.6710000000004,4.7237000000000045,2.0,7.0
CHEMBL4756451,NC(=O)c1sc(-c2ccnc(NC(=O)C3CC3)c2)nc1OCCC1CCN(Cc2ccc(F)c(F)c2)CC1,42800.0,inactive,541.6240000000003,4.611800000000004,2.0,7.0
CHEMBL4755445,NC(=O)c1sc(-c2ccnc(NC(=O)C3CC3)c2)nc1OCCC1CCN(Cc2c(F)cccc2F)CC1,19500.0,inactive,541.6240000000003,4.611800000000004,2.0,7.0
CHEMBL4764558,NC(=O)c1sc(-c2ccnc(NC(=O)C3CC3)c2)nc1OCCC1CCN(Cc2ccc(F)cc2)CC1,4500.0,intermediate,523.6340000000004,4.472700000000004,2.0,7.0
CHEMBL4795876,NC(=O)c1sc(-c2ccnc(NC(=O)C3CC3)c2)nc1OCCC1CCN(Cc2cccc(F)c2)CC1,4700.0,intermediate,523.6340000000004,4.472700000000004,2.0,7.0
CHEMBL4742138,NC(=O)c1sc(-c2ccnc(NC(=O)C3CC3)c2)nc1OCCC1CCN(Cc2ccccc2Cl)CC1,3700.0,intermediate,540.0890000000002,4.987000000000005,2.0,7.0
CHEMBL4749550,NC(=O)c1sc(-c2ccnc(NC(=O)C3CC3)c2)nc1OCCC1CCN(Cc2ccccn2)CC1,6600.0,intermediate,506.6320000000004,3.728600000000003,2.0,8.0
CHEMBL4759253,NC(=O)c1sc(-c2ccnc(NC(=O)C3CC3)c2)nc1OCCC1CCN(Cc2ccccc2F)CC1,7800.0,intermediate,523.6340000000004,4.472700000000004,2.0,7.0
CHEMBL4796437,NC(=O)c1sc(-c2ccnc(NC(=O)C3CC3)c2)nc1OCCC1CCN(Cc2ccccc2)CC1,730.0,active,505.6440000000004,4.333600000000004,2.0,7.0
CHEMBL4753478,NC(=O)c1sc(-c2ccnc(NC(=O)C3CC3)c2)nc1OCC1CCN(Cc2ccccc2)CC1,1500.0,intermediate,491.61700000000036,3.943500000000003,2.0,7.0
CHEMBL4787873,NC(=O)c1sc(-c2ccnc(NC(=O)C3CC3)c2)nc1O,1000000.0,inactive,304.331,1.3580999999999999,3.0,6.0
CHEMBL4792678,CNC(=O)c1sc(-c2ccnc(NC(=O)C3CC3)c2)nc1OCC1CCN(Cc2cccc([N+](=O)[O-])c2)CC1,6000.0,intermediate,550.6410000000003,4.112400000000004,2.0,9.0
CHEMBL4791089,CNC(=O)c1sc(-c2ccnc(NC(=O)C3CC3)c2)nc1OCC1CCN(Cc2ccc(Cl)cc2)CC1,82000.0,inactive,540.0890000000002,4.857600000000005,2.0,7.0
CHEMBL4785551,CNC(=O)c1sc(-c2ccnc(NC(=O)C3CC3)c2)nc1OCC1CCN(Cc2cccc(Br)c2)CC1,394000.0,inactive,584.5400000000002,4.966700000000005,2.0,7.0
CHEMBL4792741,CNC(=O)c1sc(-c2ccnc(NC(=O)C3CC3)c2)nc1OCC1CCN(Cc2ccc(Br)cc2)CC1,1000000.0,inactive,584.5400000000002,4.966700000000005,2.0,7.0
CHEMBL4746460,CNC(=O)c1sc(-c2ccnc(NC(=O)C3CC3)c2)nc1OCC1CCN(Cc2ccc(Cl)c(Cl)c2)CC1,97000.0,inactive,574.5340000000002,5.5110000000000054,2.0,7.0
CHEMBL4741669,CNC(=O)c1sc(-c2ccnc(NC(=O)C3CC3)c2)nc1OCC1CCN(Cc2ccc(F)c(F)c2)CC1,80000.0,inactive,541.6240000000003,4.482400000000005,2.0,7.0
CHEMBL4753139,CNC(=O)c1sc(-c2ccnc(NC(=O)C3CC3)c2)nc1OCC1CCN(Cc2ccccc2F)CC1,9000.0,intermediate,523.6340000000004,4.343300000000004,2.0,7.0
CHEMBL4748792,CNC(=O)c1sc(-c2ccnc(NC(=O)C3CC3)c2)nc1OCC1CCN(Cc2ccccc2)CC1,8000.0,intermediate,505.6440000000004,4.204200000000004,2.0,7.0
CHEMBL4752296,CNC(=O)c1sc(-c2ccnc(NC(=O)C3CC3)c2)nc1OC1CCN(Cc2ccccc2)CC1,73000.0,inactive,491.61700000000036,3.9566000000000034,2.0,7.0
CHEMBL4762721,c1ccc(-c2nnc(Nc3ncccn3)o2)cc1,2041.74,intermediate,239.23800000000003,2.2702,1.0,6.0
CHEMBL4797938,Cc1ccc(-c2nnc(Nc3ncccn3)o2)cc1,1621.81,intermediate,253.26500000000004,2.578620000000001,1.0,6.0
CHEMBL4745154,COc1ccc(-c2nnc(Nc3ncccn3)o2)cc1,1548.82,intermediate,269.264,2.2788000000000004,1.0,7.0
CHEMBL4777427,COc1ccc(-c2nnc(Nc3ncccn3)o2)cc1OC,1905.46,intermediate,299.2900000000001,2.2874,1.0,8.0
CHEMBL4784480,COc1cc(-c2nnc(Nc3ncccn3)o2)cc(OC)c1OC,1230.27,intermediate,329.31600000000014,2.2960000000000003,1.0,9.0
CHEMBL4779792,Oc1ccc(-c2nnc(Nc3ncccn3)o2)cc1,1737.8,intermediate,255.23700000000005,1.9757999999999993,2.0,7.0
CHEMBL4764279,Oc1ccccc1-c1nnc(Nc2ncccn2)o1,5011.87,intermediate,255.23700000000002,1.9757999999999993,2.0,7.0
CHEMBL4760940,c1cnc(Nc2nnc(-c3cccc4ccccc34)o2)nc1,302.0,active,289.29800000000006,3.423400000000001,1.0,6.0
CHEMBL4755561,Fc1ccc(-c2nnc(Nc3ncccn3)o2)cc1,2398.83,intermediate,257.228,2.4093,1.0,6.0
CHEMBL4791726,Clc1ccc(-c2nnc(Nc3ncccn3)o2)cc1,2884.03,intermediate,273.68300000000005,2.9235999999999995,1.0,6.0
CHEMBL4764422,Brc1ccc(-c2nnc(Nc3ncccn3)o2)cc1,3715.35,intermediate,318.134,3.0327,1.0,6.0
CHEMBL4747146,Brc1cccc(-c2nnc(Nc3ncccn3)o2)c1,3311.31,intermediate,318.134,3.0327,1.0,6.0
CHEMBL4755736,Clc1ccccc1-c1nnc(Nc2ncccn2)o1,5011.87,intermediate,273.683,2.9236000000000004,1.0,6.0
CHEMBL4792100,O=[N+]([O-])c1ccc(-c2nnc(Nc3ncccn3)o2)cc1,5011.87,intermediate,284.235,2.1784,1.0,8.0
CHEMBL4743162,O=[N+]([O-])c1ccccc1-c1nnc(Nc2ncccn2)o1,3388.44,intermediate,284.235,2.1784,1.0,8.0
CHEMBL4796307,C(=N\C1CCN(Cc2ccccc2)C1)\c1ccccc1,4121.0,intermediate,264.372,3.3800000000000026,0.0,2.0
CHEMBL4756650,COc1cccc(/C=N\C2CCN(Cc3ccccc3)C2)c1OC,10000.0,inactive,324.4240000000001,3.3972000000000024,0.0,4.0
CHEMBL4745500,COc1cc(/C=N\C2CCN(Cc3ccccc3)C2)cc(OC)c1OC,7793.0,intermediate,354.4500000000001,3.405800000000002,0.0,5.0
CHEMBL4755117,Oc1ccc(/C=N\C2CCN(Cc3ccccc3)C2)cc1,5628.0,intermediate,280.371,3.0856000000000012,1.0,3.0
CHEMBL4796199,Oc1ccccc1/C=N\C1CCN(Cc2ccccc2)C1,10000.0,inactive,280.37100000000004,3.0856000000000012,1.0,3.0
CHEMBL4780232,Oc1ccc(/C=N\C2CCN(Cc3ccccc3)C2)c(O)c1,3679.0,intermediate,296.37,2.791200000000001,2.0,4.0
CHEMBL4756674,Cc1cccc(/C=N\C2CCN(Cc3ccccc3)C2)c1,10000.0,inactive,278.399,3.6884200000000025,0.0,2.0
CHEMBL4795118,Cc1ccc(/C=N\C2CCN(Cc3ccccc3)C2)cc1,10000.0,inactive,278.399,3.6884200000000025,0.0,2.0
CHEMBL4757415,O=[N+]([O-])c1ccc(/C=N\C2CCN(Cc3ccccc3)C2)cc1,2461.0,intermediate,309.369,3.2882000000000025,0.0,4.0
CHEMBL4792691,FC(F)(F)c1ccc(/C=N\C2CCN(Cc3ccccc3)C2)cc1,1039.0,intermediate,332.369,4.398800000000003,0.0,2.0
CHEMBL4755226,FC(F)(F)Oc1ccc(/C=N\C2CCN(Cc3ccccc3)C2)cc1,864.0,active,348.36800000000005,4.2786000000000035,0.0,3.0
CHEMBL4785769,Clc1ccc(/C=N\C2CCN(Cc3ccccc3)C2)cc1,1241.0,intermediate,298.817,4.033400000000003,0.0,2.0
CHEMBL4797109,Fc1ccc(/C=N\C2CCN(Cc3ccccc3)C2)cc1,1066.0,intermediate,282.362,3.5191000000000026,0.0,2.0
CHEMBL4794000,Brc1ccc(/C=N\C2CCN(Cc3ccccc3)C2)cc1,1303.0,intermediate,343.26800000000003,4.142500000000003,0.0,2.0
CHEMBL4744470,Fc1ccc(/C=N\C2CCN(Cc3ccccc3)C2)c(F)c1,965.0,active,300.35200000000003,3.6582000000000026,0.0,2.0
CHEMBL4758638,c1ccc(CNC2CCN(Cc3ccccc3)C2)cc1,1126.0,intermediate,266.388,3.0507000000000017,1.0,2.0
CHEMBL4747185,COc1cccc(CNC2CCN(Cc3ccccc3)C2)c1OC,4383.0,intermediate,326.4400000000001,3.0679000000000016,1.0,4.0
CHEMBL4757216,COc1cc(CNC2CCN(Cc3ccccc3)C2)cc(OC)c1OC,3125.0,intermediate,356.4660000000002,3.076500000000002,1.0,5.0
CHEMBL4764465,Oc1ccc(CNC2CCN(Cc3ccccc3)C2)cc1,1748.0,intermediate,282.387,2.7563000000000013,2.0,3.0
CHEMBL4778302,Oc1ccccc1CNC1CCN(Cc2ccccc2)C1,2258.0,intermediate,282.387,2.7563000000000013,2.0,3.0
CHEMBL4756849,Oc1ccc(CNC2CCN(Cc3ccccc3)C2)c(O)c1,1522.0,intermediate,298.386,2.461900000000001,3.0,4.0
CHEMBL4784203,Cc1cccc(CNC2CCN(Cc3ccccc3)C2)c1,10000.0,inactive,280.415,3.3591200000000025,1.0,2.0
CHEMBL4763724,Cc1ccc(CNC2CCN(Cc3ccccc3)C2)cc1,6392.0,intermediate,280.415,3.3591200000000025,1.0,2.0
CHEMBL4796846,O=[N+]([O-])c1ccc(CNC2CCN(Cc3ccccc3)C2)cc1,741.0,active,311.38500000000005,2.9589000000000016,1.0,4.0
CHEMBL4761542,FC(F)(F)c1ccc(CNC2CCN(Cc3ccccc3)C2)cc1,128.0,active,334.38500000000005,4.069500000000003,1.0,2.0
CHEMBL4793341,FC(F)(F)Oc1ccc(CNC2CCN(Cc3ccccc3)C2)cc1,58.0,active,350.384,3.9493000000000027,1.0,3.0
CHEMBL4760651,Clc1ccc(CNC2CCN(Cc3ccccc3)C2)cc1,178.0,active,300.833,3.704100000000002,1.0,2.0
CHEMBL4749704,Fc1ccc(CNC2CCN(Cc3ccccc3)C2)cc1,149.0,active,284.37800000000004,3.1898000000000017,1.0,2.0
CHEMBL4741398,Brc1ccc(CNC2CCN(Cc3ccccc3)C2)cc1,133.0,active,345.284,3.813200000000003,1.0,2.0
CHEMBL4752715,Fc1ccc(CNC2CCN(Cc3ccccc3)C2)c(F)c1,69.0,active,302.36800000000005,3.3289000000000026,1.0,2.0
CHEMBL4763981,O=C(CCCCCN1CCC2c3ccccc3NC2C1)Nc1ccc(/C=C2\CCn3c2nc2ccccc2c3=O)cc1,153.25,active,559.7140000000004,6.123300000000006,2.0,5.0
CHEMBL4781157,O=C(CCCCN1CCC2c3ccccc3NC2C1)Nc1ccc(/C=C2\CCn3c2nc2ccccc2c3=O)cc1,98.3,active,545.6870000000004,5.733200000000005,2.0,5.0
CHEMBL4757466,O=C(CCN1CCC2c3ccccc3NC2C1)Nc1ccc(/C=C2\CCn3c2nc2ccccc2c3=O)cc1,9.75,active,517.6330000000004,4.953000000000004,2.0,5.0
CHEMBL4750451,O=C(CCCCCN1CCC2c3ccccc3NC2C1)Oc1ccc(/C=C2\CCn3c2nc2ccccc2c3=O)cc1,10.72,active,560.6980000000004,6.0902000000000065,1.0,6.0
CHEMBL4791642,O=C(CCCCN1CCC2c3ccccc3NC2C1)Oc1ccc(/C=C2\CCn3c2nc2ccccc2c3=O)cc1,1.08,active,546.6710000000004,5.700100000000005,1.0,6.0
CHEMBL4742248,O=C(CCCN1CCC2c3ccccc3NC2C1)Oc1ccc(/C=C2\CCn3c2nc2ccccc2c3=O)cc1,16.54,active,532.6440000000005,5.310000000000005,1.0,6.0
CHEMBL4755968,O=C(CCN1CCC2c3ccccc3NC2C1)Oc1ccc(/C=C2\CCn3c2nc2ccccc2c3=O)cc1,0.93,active,518.6170000000004,4.919900000000005,1.0,6.0
CHEMBL4776843,O=C(CN1CCC2c3ccccc3NC2C1)Oc1ccc(/C=C2\CCn3c2nc2ccccc2c3=O)cc1,216.34,active,504.5900000000003,4.529800000000003,1.0,6.0
CHEMBL4746231,CS[C@@H](Cn1nnc2cc(C#Cc3ccc(CN4CCOCC4)cc3)ccc21)N(O)C=O,3500.0,intermediate,451.5520000000003,2.2,1.0,7.0
CHEMBL4776397,CS[C@@H](Cn1nnc2cc(C#Cc3ccc(-n4ccnc4CO)cc3)ccc21)N(O)C=O,15000.0,inactive,448.5080000000002,2.0458,2.0,7.0
CHEMBL4758871,CS[C@@H](Cn1nnc2cc(C#Cc3ccc(N4CC5(COC5)C4)cc3)ccc21)N(O)C=O,32000.0,inactive,449.5360000000003,2.2043999999999997,1.0,7.0
CHEMBL4786712,CS[C@@H](Cn1nnc2cc(C#Cc3ccc(N4CC5(C4)C[S+]([O-])C5)cc3)ccc21)N(O)C=O,100000.0,inactive,481.6030000000003,1.9364999999999999,1.0,7.0
CHEMBL4780225,CS[C@@H](Cn1nnc2cc(C#Cc3ccc(N4C[C@H](O)[C@@H](O)C4)cc3)ccc21)N(O)C=O,22000.0,inactive,453.52400000000017,0.9096000000000002,3.0,8.0
CHEMBL4762069,CCN(C)C(=O)Oc1ccc(-c2cc(=O)c3c(O)cc(OC(=O)N(C)CC)cc3o2)cc1,6800.0,intermediate,440.4520000000002,4.066600000000003,1.0,7.0
CHEMBL4789142,CON(C)C(=O)Oc1ccc(-c2cc(=O)c3c(O)cc(OC(=O)N(C)OC)cc3o2)cc1,10200.0,inactive,444.3960000000002,3.149600000000002,1.0,9.0
CHEMBL4787451,CCN(C)C(=O)Oc1ccc(-c2cc(=O)c3c(OC(=O)N(C)CC)cc(OC(=O)N(C)CC)cc3o2)cc1,9200.0,intermediate,525.5580000000003,4.811500000000004,0.0,8.0
CHEMBL4795422,CON(C)C(=O)Oc1ccc(-c2cc(=O)c3c(OC(=O)N(C)OC)cc(OC(=O)N(C)OC)cc3o2)cc1,12700.0,inactive,531.4740000000004,3.4360000000000026,0.0,11.0
CHEMBL3621413,COc1ccc2cc3[n+](cc2c1OCc1ccccc1)CCc1cc2c(cc1-3)OCO2.[Br-],5000.0,intermediate,492.36900000000026,1.6706999999999994,0.0,4.0
CHEMBL4758460,COc1ccc2cc3[n+](cc2c1OCc1cccc(C)c1)CCc1cc2c(cc1-3)OCO2.[Br-],7300.0,intermediate,506.3960000000003,1.9791199999999995,0.0,4.0
CHEMBL4756491,COc1ccc2cc3[n+](cc2c1OCc1ccccc1C)CCc1cc2c(cc1-3)OCO2.[Br-],10400.0,inactive,506.3960000000003,1.9791199999999995,0.0,4.0
CHEMBL4745802,COc1ccc2cc3[n+](cc2c1OCc1ccc(C)cc1)CCc1cc2c(cc1-3)OCO2.[Br-],75800.0,inactive,506.39600000000024,1.9791199999999995,0.0,4.0
CHEMBL4758271,COc1ccc2cc3[n+](cc2c1OCc1ccc(C(C)C)cc1)CCc1cc2c(cc1-3)OCO2.[Br-],4200.0,intermediate,534.4500000000003,2.794100000000001,0.0,4.0
CHEMBL4789099,COc1ccc2cc3[n+](cc2c1OCc1cc(C)cc(C)c1)CCc1cc2c(cc1-3)OCO2.[Br-],2500.0,intermediate,520.4230000000002,2.287539999999999,0.0,4.0
CHEMBL4761840,COc1ccc2cc3[n+](cc2c1OCc1ccc(Br)cc1)CCc1cc2c(cc1-3)OCO2.[Br-],3300.0,intermediate,571.2650000000003,2.433200000000001,0.0,4.0
CHEMBL4743436,COc1ccc2cc3[n+](cc2c1OCc1cccc(Br)c1)CCc1cc2c(cc1-3)OCO2.[Br-],2700.0,intermediate,571.2650000000003,2.4332000000000003,0.0,4.0
CHEMBL4745801,COc1ccc2cc3[n+](cc2c1OCc1ccccc1Br)CCc1cc2c(cc1-3)OCO2.[Br-],1700.0,intermediate,571.2650000000003,2.4332000000000003,0.0,4.0
CHEMBL4745328,COc1ccc2cc3[n+](cc2c1OCc1ccc([N+](=O)[O-])cc1)CCc1cc2c(cc1-3)OCO2.[Br-],990.0,active,537.3660000000003,1.5788999999999995,0.0,6.0
CHEMBL4790739,COc1ccc2cc3[n+](cc2c1OCc1ccc(SC)cc1)CCc1cc2c(cc1-3)OCO2.[Br-],2600.0,intermediate,538.4630000000003,2.3926,0.0,5.0
CHEMBL4759227,COc1ccc2cc3[n+](cc2c1OCc1cccc([N+](=O)[O-])c1)CCc1cc2c(cc1-3)OCO2.[Br-],1450.0,intermediate,537.3660000000003,1.5788999999999995,0.0,6.0
CHEMBL4753534,COc1ccc2cc3[n+](cc2c1OCc1cccc(Cl)c1)CCc1cc2c(cc1-3)OCO2.[Br-],1900.0,intermediate,526.8140000000003,2.3241000000000005,0.0,4.0
CHEMBL4749346,COc1ccc2cc3[n+](cc2c1OCc1ccc(Cl)cc1)CCc1cc2c(cc1-3)OCO2.[Br-],2500.0,intermediate,526.8140000000003,2.3241000000000005,0.0,4.0
CHEMBL4747158,COc1ccc2cc3[n+](cc2c1OCc1ccc(Cl)c(Cl)c1)CCc1cc2c(cc1-3)OCO2.[Br-],1220.0,intermediate,561.2590000000004,2.977500000000001,0.0,4.0
CHEMBL4748939,COC(=O)c1ccc(COc2c(OC)ccc3cc4[n+](cc23)CCc2cc3c(cc2-4)OCO3)cc1.[Br-],2600.0,intermediate,550.4050000000003,1.4572999999999992,0.0,6.0
CHEMBL4795843,COc1ccc2cc3[n+](cc2c1OCc1ccc(C#N)cc1)CCc1cc2c(cc1-3)OCO2.[Br-],1700.0,intermediate,517.3790000000002,1.54238,0.0,5.0
CHEMBL4762943,COc1cccc(COc2c(OC)ccc3cc4[n+](cc23)CCc2cc3c(cc2-4)OCO3)c1.[Br-],3500.0,intermediate,522.3950000000002,1.6793,0.0,5.0
CHEMBL4752175,COc1ccc2cc3[n+](cc2c1OCc1ccc(C(F)(F)F)cc1)CCc1cc2c(cc1-3)OCO2.[Br-],1300.0,intermediate,560.3660000000002,2.6895,0.0,4.0
CHEMBL4762533,COc1ccc(COc2c(OC)ccc3cc4[n+](cc23)CCc2cc3c(cc2-4)OCO3)cc1.[Br-],5300.0,intermediate,522.3950000000003,1.6792999999999998,0.0,5.0
CHEMBL4747577,COc1ccc2cc3[n+](cc2c1OCc1ccc2ccccc2c1)CCc1cc2c(cc1-3)OCO2.[Br-],1500.0,intermediate,542.4290000000003,2.823900000000001,0.0,4.0
CHEMBL4752813,COc1ccc2cc3[n+](cc2c1OC(C)c1ccccc1)CCc1cc2c(cc1-3)OCO2.[Br-],790.0,active,506.3960000000003,2.2317,0.0,4.0
CHEMBL4797355,O=c1c2ccccc2oc2ccc(OCCCCCN3CCCCCC3)cc12,392.0,active,379.5000000000002,5.371300000000005,0.0,4.0
CHEMBL4783624,O=c1c2cc(Cl)ccc2oc2ccc(OCCCCCN3CCCCCC3)cc12,120.0,active,413.9450000000004,6.024700000000005,0.0,4.0
CHEMBL4787418,CCCCN[C@@H](Cc1c[nH]c2ccccc12)C(=O)NCCC1CCN(Cc2ccccc2)CC1,25400.0,inactive,460.66600000000034,4.887200000000004,3.0,3.0
CHEMBL4750731,CCCCN[C@@H](Cc1c[nH]c2ccccc12)C(=O)NCCC1CCCN(Cc2ccccc2)CC1,16000.0,inactive,474.6930000000004,5.277300000000006,3.0,3.0
CHEMBL4745688,CCCCN[C@@H](Cc1c[nH]c2ccccc12)C(=O)NCCC1CCN(CC2CCN(C)CC2)CC1,29700.0,inactive,481.7290000000005,4.028800000000003,3.0,4.0
CHEMBL4790545,COc1ccc2cc(C(=O)NCCC3CCN(Cc4ccccc4)CC3)ccc2c1,170.0,active,402.5380000000001,4.880500000000005,1.0,3.0
CHEMBL4777926,CNC(=O)c1sc(-c2ccnc(NC(=O)C3CC3)c2)nc1OCCOCc1cn(-c2c3c(nc4ccccc24)CCCC3)nn1,1000.0,active,624.727,4.516500000000004,2.0,10.0
CHEMBL4791286,CNC(=O)c1sc(-c2ccnc(NC(=O)C3CC3)c2)nc1OCCc1cn(-c2c3c(nc4ccccc24)CCCC3)nn1,1000.0,active,594.701,4.542400000000003,2.0,9.0
CHEMBL4747410,NC(=O)c1sc(-c2ccnc(NC(=O)C3CC3)c2)nc1OCCc1cn(-c2c3c(nc4ccccc24)CCCC3)nn1,1000.0,active,580.6740000000001,4.281700000000003,2.0,9.0
CHEMBL4741219,CNC(=O)c1sc(-c2ccnc(NC(=O)C3CC3)c2)nc1OCCc1cn(CCNc2c3c(nc4cc(Cl)ccc24)CCCC3)nn1,38.7,active,672.2149999999999,5.318700000000004,3.0,10.0
CHEMBL4796602,CNC(=O)c1sc(-c2ccnc(NC(=O)C3CC3)c2)nc1OCCc1cn(CCNc2c3c(nc4ccccc24)CCCC3)nn1,269.0,active,637.77,4.665300000000004,3.0,10.0
CHEMBL4760288,CNC(=O)c1sc(-c2ccnc(NC(=O)C3CC3)c2)nc1OCCCc1cn(CCNc2c3c(nc4ccccc24)CCCC3)nn1,168.0,active,651.797,5.055400000000004,3.0,10.0
CHEMBL4787590,CNC(=O)c1sc(-c2ccnc(NC(=O)C3CC3)c2)nc1OCCc1cn(CCNc2c3c(nc4ccc(OC)cc24)CCCC3)nn1,1000.0,active,667.7959999999999,4.673900000000003,3.0,11.0
CHEMBL4744911,CNC(=O)c1sc(-c2ccnc(NC(=O)C3CC3)c2)nc1OCCCc1cn(CCNc2c3c(nc4ccc(OC)cc24)CCCC3)nn1,1000.0,active,681.823,5.0640000000000045,3.0,11.0
CHEMBL4756424,CNC(=O)c1sc(-c2ccnc(NC(=O)C3CC3)c2)nc1OCCOCc1cn(CCNc2c3c(nc4cc(Cl)ccc24)CCCC3)nn1,12.1,active,702.241,5.292800000000004,3.0,11.0
CHEMBL4779478,CNC(=O)c1sc(-c2ccnc(NC(=O)C3CC3)c2)nc1OCCOCc1cn(CCNc2c3c(nc4ccccc24)CCCC3)nn1,44.7,active,667.796,4.639400000000004,3.0,11.0
CHEMBL4799661,CNC(=O)c1sc(-c2ccnc(NC(=O)C3CC3)c2)nc1OCCOCc1cn(CCNc2c3c(nc4ccc(OC)cc24)CCCC3)nn1,1000.0,active,697.822,4.648000000000004,3.0,12.0
CHEMBL3410089,COc1nc(-c2ccnc(NC(=O)C3CC3)c2)sc1C(N)=O,1000.0,active,318.35800000000006,1.6610999999999998,2.0,6.0
CHEMBL4781117,O=C(NCCCNc1c2c(nc3ccccc13)CCCC2)c1sc(-c2ccnc(NC(=O)C3CC3)c2)nc1OCC1CC1,311.6,active,596.7570000000001,6.001400000000006,3.0,8.0
CHEMBL4754192,O=C(NCCCNc1c2c(nc3ccccc13)CCCC2)c1sc(-c2ccnc(NC(=O)C3CCC3)c2)nc1OCC1CC1,295.2,active,610.7840000000001,6.391500000000007,3.0,8.0
CHEMBL4758531,CC(=O)Nc1cc(-c2nc(OCC3CC3)c(C(=O)NCCCNc3c4c(nc5ccccc35)CCCC4)s2)ccn1,393.6,active,570.7190000000003,5.611300000000004,3.0,8.0
CHEMBL4789145,CNC(=O)c1sc(-c2ccnc(NC(=O)CNCCNc3c4c(nc5ccccc35)CCCC4)c2)nc1OCC1CC1,1.2,active,585.7340000000003,4.420700000000004,4.0,9.0
CHEMBL4777788,CNC(=O)c1sc(-c2ccnc(NC(=O)CNCCNc3c4c(nc5cc(Cl)ccc35)CCCC4)c2)nc1OCC1CC1,40.5,active,620.1790000000002,5.074100000000004,4.0,9.0
CHEMBL4785004,CNC(=O)c1sc(-c2ccnc(NC(=O)CNCCNc3c4c(nc5ccc(OC)cc35)CCCC4)c2)nc1OCC1CC1,30.7,active,615.7600000000002,4.429300000000004,4.0,10.0
CHEMBL4761239,CCNC(=O)c1sc(-c2ccnc(NC(=O)CNCCNc3c4c(nc5ccccc35)CCCC4)c2)nc1OCC1CC1,45.2,active,599.7610000000001,4.810800000000005,4.0,9.0
CHEMBL4746403,CCCNC(=O)c1sc(-c2ccnc(NC(=O)CNCCNc3c4c(nc5ccccc35)CCCC4)c2)nc1OCC1CC1,4.9,active,613.7880000000001,5.200900000000005,4.0,9.0
CHEMBL4753347,NC(=O)c1sc(-c2ccnc(NC(=O)CNCCNc3c4c(nc5ccccc35)CCCC4)c2)nc1OCC1CC1,0.8,active,571.7070000000001,4.160000000000004,4.0,9.0
CHEMBL4756997,CNC(=O)c1sc(-c2ccnc(NC(=O)CNCCCCNc3c4c(nc5ccccc35)CCCC4)c2)nc1OCC1CC1,23.1,active,613.7880000000002,5.200900000000005,4.0,9.0
CHEMBL4800403,CNC(=O)c1sc(-c2ccnc(NC(=O)CNCCCCCCNc3c4c(nc5ccccc35)CCCC4)c2)nc1OCC1CC1,21.9,active,641.8420000000001,5.981100000000006,4.0,9.0
CHEMBL4798419,CNC(=O)c1sc(-c2ccnc(NC(=O)CNCCCCCCCCNc3c4c(nc5ccccc35)CCCC4)c2)nc1OCC1CC1,15.2,active,669.896,6.761300000000007,4.0,9.0
CHEMBL4749327,CNC(=O)c1sc(-c2ccnc(NC(=O)CNCCNc3c4c(nc5ccccc35)CCCC4)c2)nc1OC,97.4,active,545.6690000000004,3.640500000000002,4.0,9.0
CHEMBL4749678,CNC(=O)c1sc(-c2ccnc(NC(=O)CNCCNc3c4c(nc5ccccc35)CCCC4)c2)nc1OCC1CCC1,155.3,active,599.7610000000002,4.810800000000004,4.0,9.0
CHEMBL4759230,CNC(=O)c1sc(-c2ccnc(NC(=O)CNCCNc3c4c(nc5ccccc35)CCCC4)c2)nc1OCC(C)(C)C,102.9,active,601.7770000000003,5.056800000000004,4.0,9.0
CHEMBL4787169,CNC(=O)c1sc(-c2ccnc(NC(=O)CNCCNc3c4c(nc5ccccc35)CCCC4)c2)nc1OC(C)C,237.4,active,573.7230000000004,4.419100000000004,4.0,9.0
CHEMBL4750284,CNC(=O)c1sc(-c2ccnc(NC(=O)CNCCNc3c4c(nc5ccccc35)CCCC4)c2)nc1OCC(C)C,49.2,active,587.7500000000003,4.666700000000004,4.0,9.0
CHEMBL4743210,COc1cc(CNC(=O)CCCCNc2c3c(nc4cc(Cl)ccc24)CC2C=C(C)CC3C2)ccc1O,5.48,active,520.0730000000003,6.497000000000007,3.0,5.0
CHEMBL4788434,COc1cc(CNC(=O)CCCCCNc2c3c(nc4cc(Cl)ccc24)CC2C=C(C)CC3C2)ccc1O,4.35,active,534.1000000000004,6.887100000000007,3.0,5.0
CHEMBL4754487,COc1cc(CNC(=O)CCCCCCNc2c3c(nc4cc(Cl)ccc24)CC2C=C(C)CC3C2)ccc1O,0.77,active,548.1270000000003,7.277200000000008,3.0,5.0
CHEMBL4748114,COc1cc(CNC(=O)CCCCCCCNc2c3c(nc4cc(Cl)ccc24)CC2C=C(C)CC3C2)ccc1O,1.94,active,562.1540000000003,7.667300000000008,3.0,5.0
CHEMBL4782921,COc1cc(CNC(=O)CCCCCCCCNc2c3c(nc4cc(Cl)ccc24)CC2C=C(C)CC3C2)ccc1O,2.94,active,576.1810000000003,8.057400000000007,3.0,5.0
CHEMBL4782267,COc1cc(CNC(=O)c2ccc(CNc3c4c(nc5cc(Cl)ccc35)CC3C=C(C)CC4C3)cc2)ccc1O,24.9,active,554.0900000000004,7.1405000000000065,3.0,5.0
CHEMBL4741162,COc1cc(CNC(=O)CCCC/C=C/CNc2c3c(nc4cc(Cl)ccc24)CC2C=C(C)CC3C2)ccc1O,4.41,active,560.1380000000004,7.443300000000007,3.0,5.0
CHEMBL4794769,COc1cc(CNC(=O)CCCC/C=C/CCCNc2c3c(nc4cc(Cl)ccc24)CC2C=C(C)CC3C2)ccc1O,5.64,active,588.1920000000002,8.223500000000005,3.0,5.0
CHEMBL4744528,COc1cc(CNC(=O)Cc2cn(CCCCC3=CC4Cc5nc6cc(Cl)ccc6c(N)c5C(C3)C4)nn2)ccc1O,1.06,active,587.1240000000003,5.481600000000006,3.0,7.0
CHEMBL294199,COc1cc(CNC(=O)CCCC/C=C/C(C)C)ccc1O,200000.0,inactive,305.418,3.789600000000003,2.0,3.0
CHEMBL4795992,Cn1c(=O)sc2cc(C(=O)CCN3CCN(Cc4ccccc4)CC3)ccc21,460.0,active,395.5280000000001,2.9906000000000015,0.0,5.0
CHEMBL4780148,COc1cc2c(cc1OC)/C(=C/c1ccc(N3CCCCC3)c(O)c1)OC2=O,50.0,active,381.42800000000017,4.068200000000003,1.0,6.0
CHEMBL4778409,COc1cc2c(cc1OC)/C(=C\c1ccc(N3CCCCC3)c(O)c1)OC2=O,12.0,active,381.42800000000017,4.068200000000003,1.0,6.0
CHEMBL4761887,CCN(CC)c1cc(/C=C2\OC(=O)c3cc(OC)c(OC)cc32)ccc1O,1.55,active,369.4170000000001,3.9241000000000033,1.0,6.0
CHEMBL4778167,CCN(CC)c1cc(/C=C2/OC(=O)c3cc(OC)c(OC)cc32)ccc1O,1.28,active,369.4170000000001,3.9241000000000033,1.0,6.0
CHEMBL4792421,COc1cc2c(cc1OC)/C(=C/c1ccc(O)c(N3CCCCC3)c1)OC2=O,6.16,active,381.4280000000003,4.068200000000003,1.0,6.0
CHEMBL4757683,COc1cc2c(cc1OC)/C(=C\c1ccc(O)c(N3CCCCC3)c1)OC2=O,3.38,active,381.4280000000003,4.068200000000003,1.0,6.0
CHEMBL4789991,O=C1c2ccccc2C(=O)C12N1CSC[C@@H]1[C@@H](c1cccs1)[C@@]21CSc2ccccc2C1=O,19120.0,inactive,489.6430000000002,5.013200000000005,0.0,7.0
CHEMBL4757955,O=C1c2ccccc2C(=O)C12N1CSC[C@@H]1[C@@H](c1cccc3ccccc13)[C@@]21CSc2ccccc2C1=O,16480.0,inactive,533.6740000000002,6.104900000000005,0.0,6.0
CHEMBL4797884,O=C1c2ccccc2C(=O)C12N1CSC[C@@H]1[C@@H](c1ccc(Cl)cc1Cl)[C@@]21CSc2ccccc2C1=O,19480.0,inactive,552.5040000000001,6.258500000000004,0.0,6.0
CHEMBL4748587,O=C1c2ccccc2C(=O)C12N1CSC[C@@H]1[C@@H](c1ccccc1Cl)[C@@]21CSc2ccccc2C1=O,33160.0,inactive,518.0590000000002,5.605100000000005,0.0,6.0
CHEMBL4797575,O=C1c2ccccc2C(=O)C12N1CSC[C@@H]1[C@@H](c1cccc(Br)c1)[C@@]21CSc2ccccc2C1=O,38340.0,inactive,562.5100000000001,5.714200000000005,0.0,6.0
CHEMBL4761620,O=C1c2ccccc2C(=O)C12N1CSC[C@@H]1[C@@H](c1cccc(F)c1)[C@@]21CSc2ccccc2C1=O,12240.0,inactive,501.6040000000002,5.090800000000004,0.0,6.0
CHEMBL4752440,COc1ccc([C@@H]2[C@H]3CSCN3C3(C(=O)c4ccccc4C3=O)[C@]23CSc2ccccc2C3=O)cc1,1100.0,intermediate,513.6400000000002,4.960300000000005,0.0,7.0
CHEMBL4756742,CC(C)c1ccc([C@@H]2[C@H]3CSCN3C3(C(=O)c4ccccc4C3=O)[C@]23CSc2ccccc2C3=O)cc1,28340.0,inactive,525.6950000000003,6.075100000000006,0.0,6.0
CHEMBL4760400,Cc1ccc([C@@H]2[C@H]3CSCN3C3(C(=O)c4ccccc4C3=O)[C@]23CSc2ccccc2C3=O)cc1,7110.0,intermediate,497.64100000000025,5.260120000000005,0.0,6.0
CHEMBL4754171,O=C1c2ccccc2C(=O)C12N1CSC[C@@H]1[C@@H](c1ccccc1)[C@@]21CSc2ccccc2C1=O,12860.0,inactive,483.6140000000002,4.951700000000005,0.0,6.0
CHEMBL4762214,O=C1c2ccccc2C(=O)C12N1CSC[C@@H]1[C@@H](c1ccc(Br)cc1)[C@@]21CSc2ccccc2C1=O,34560.0,inactive,562.5100000000001,5.714200000000004,0.0,6.0
CHEMBL4743869,O=C1c2ccccc2C(=O)C12N1CSC[C@@H]1[C@@H](c1ccc(Cl)cc1)[C@@]21CSc2ccccc2C1=O,21280.0,inactive,518.0590000000002,5.605100000000005,0.0,6.0
CHEMBL4788300,O=C1c2ccccc2C(=O)C12N1CSC[C@@H]1[C@@H](c1ccc(F)cc1)[C@@]21CSc2ccccc2C1=O,19800.0,inactive,501.6040000000002,5.090800000000004,0.0,6.0
CHEMBL4763528,CN1C[C@@H](c2cccs2)[C@@]2(CSc3ccccc3C2=O)C12C(=O)c1ccccc1C2=O,21160.0,inactive,445.5650000000002,4.570100000000004,0.0,6.0
CHEMBL4794820,CN1C[C@@H](c2cccc3ccccc23)[C@@]2(CSc3ccccc3C2=O)C12C(=O)c1ccccc1C2=O,2120.0,intermediate,489.59600000000023,5.661800000000007,0.0,5.0
CHEMBL4780172,CN1C[C@@H](c2ccc(Cl)cc2Cl)[C@@]2(CSc3ccccc3C2=O)C12C(=O)c1ccccc1C2=O,24120.0,inactive,508.4260000000003,5.815400000000006,0.0,5.0
CHEMBL4755928,CN1C[C@@H](c2ccccc2Br)[C@@]2(CSc3ccccc3C2=O)C12C(=O)c1ccccc1C2=O,27100.0,inactive,518.4320000000002,5.271100000000006,0.0,5.0
CHEMBL4754607,CN1C[C@@H](c2ccccc2Cl)[C@@]2(CSc3ccccc3C2=O)C12C(=O)c1ccccc1C2=O,10110.0,inactive,473.9810000000002,5.162000000000005,0.0,5.0
CHEMBL4739877,CN1C[C@@H](c2cccc(Br)c2)[C@@]2(CSc3ccccc3C2=O)C12C(=O)c1ccccc1C2=O,19800.0,inactive,518.4320000000002,5.271100000000005,0.0,5.0
CHEMBL4799570,CN1C[C@@H](c2cccc(F)c2)[C@@]2(CSc3ccccc3C2=O)C12C(=O)c1ccccc1C2=O,24560.0,inactive,457.52600000000024,4.647700000000004,0.0,5.0
CHEMBL4747183,COc1ccc([C@@H]2CN(C)C3(C(=O)c4ccccc4C3=O)[C@]23CSc2ccccc2C3=O)cc1,1160.0,intermediate,469.56200000000024,4.517200000000004,0.0,6.0
CHEMBL4791084,CC(C)c1ccc([C@@H]2CN(C)C3(C(=O)c4ccccc4C3=O)[C@]23CSc2ccccc2C3=O)cc1,19800.0,inactive,481.61700000000025,5.632000000000006,0.0,5.0
CHEMBL4797045,Cc1ccc([C@@H]2CN(C)C3(C(=O)c4ccccc4C3=O)[C@]23CSc2ccccc2C3=O)cc1,6600.0,intermediate,453.5630000000002,4.817020000000004,0.0,5.0
CHEMBL4800067,CN1C[C@@H](c2ccccc2)[C@@]2(CSc3ccccc3C2=O)C12C(=O)c1ccccc1C2=O,11120.0,inactive,439.53600000000023,4.508600000000004,0.0,5.0
CHEMBL4740786,CN1C[C@@H](c2ccc(Br)cc2)[C@@]2(CSc3ccccc3C2=O)C12C(=O)c1ccccc1C2=O,28340.0,inactive,518.4320000000002,5.271100000000005,0.0,5.0
CHEMBL4744408,CN1C[C@@H](c2ccc(Cl)cc2)[C@@]2(CSc3ccccc3C2=O)C12C(=O)c1ccccc1C2=O,22240.0,inactive,473.9810000000003,5.162000000000005,0.0,5.0
CHEMBL4791351,CN1C[C@@H](c2ccc(F)cc2)[C@@]2(CSc3ccccc3C2=O)C12C(=O)c1ccccc1C2=O,23320.0,inactive,457.52600000000024,4.647700000000004,0.0,5.0
CHEMBL4796696,COc1cc2c(cc1O)CCC(C)(CCN)O2,101000.0,inactive,237.29899999999992,1.8332999999999995,2.0,4.0
CHEMBL4749077,COc1cc2c(cc1O)CCC(C)(CC(=O)NCCCCCCNc1c3c(nc4ccccc14)CCCC3)O2,275.0,active,531.6970000000003,6.0903000000000045,3.0,6.0
CHEMBL4757922,COc1cc2c(cc1O)CCC(C)(CC(=O)NCCCCCCCCCNc1c3c(nc4ccccc14)CCCC3)O2,57.8,active,573.7780000000001,7.260600000000007,3.0,6.0
CHEMBL4792460,COc1cc2c(cc1O)CCC(C)(CC(=O)NCCCCCCCCNc1c3c(nc4ccccc14)CCCC3)O2,69.8,active,559.7510000000002,6.870500000000007,3.0,6.0
CHEMBL4794549,COc1cc2c(cc1O)CCC(C)(CC(=O)NCCCCCCCNc1c3c(nc4ccccc14)CCCC3)O2,111.0,active,545.7240000000003,6.480400000000006,3.0,6.0
CHEMBL4789172,COc1cc2c(cc1OCc1ccccc1)CCC(C)(CC(=O)NCCCCCCNc1c3c(nc4cc(Cl)ccc14)CCCC3)O2,11.0,active,656.2670000000002,8.617100000000004,2.0,6.0
CHEMBL4789620,COc1cc2c(cc1OCc1ccccc1)CCC(C)(CC(=O)NCCCCCCCCCNc1c3c(nc4cc(Cl)ccc14)CCCC3)O2,7.89,active,698.3480000000001,9.787399999999998,2.0,6.0
CHEMBL4747836,COc1cc2c(cc1OCc1ccccc1)CCC(C)(CC(=O)NCCCCCCCCNc1c3c(nc4cc(Cl)ccc14)CCCC3)O2,10.4,active,684.3210000000001,9.3973,2.0,6.0
CHEMBL4798535,COc1cc2c(cc1O)CCC(C)(CC(=O)NCCCCCCCNc1c3c(nc4cc(Cl)ccc14)CCCC3)O2,5.43,active,580.1690000000001,7.133800000000007,3.0,6.0
CHEMBL4787579,COc1cc2c(cc1O)CCC(C)(CC(=O)NCCCCCCCCNc1c3c(nc4cc(Cl)ccc14)CCCC3)O2,3.69,active,594.196,7.523900000000007,3.0,6.0
CHEMBL4797814,COc1cc2c(cc1O)CCC(C)(CC(=O)NCCCCCCCCCNc1c3c(nc4cc(Cl)ccc14)CCCC3)O2,2.05,active,608.2230000000001,7.914000000000009,3.0,6.0
CHEMBL4758624,COc1cc2c(cc1O)CCC(C)(CC(=O)NCCOCCOCCNc1c3c(nc4cc(Cl)ccc14)CCCC3)O2,47.9,active,598.14,5.216500000000004,3.0,8.0
CHEMBL4762419,COc1cc2c(cc1O)CCC(C)(CCC(=O)NCCCCCCNc1c3c(nc4cc(Cl)ccc14)CCCC3)O2,3.8,active,580.1690000000001,7.133800000000007,3.0,6.0
CHEMBL4797177,COc1cc2c(cc1O)CCC(C)(CCC(=O)NCCCCCCCNc1c3c(nc4cc(Cl)ccc14)CCCC3)O2,7.94,active,594.196,7.523900000000007,3.0,6.0
CHEMBL4794645,COc1cc2c(cc1O)CCC(C)(CCC(=O)NCCCCCCCCNc1c3c(nc4cc(Cl)ccc14)CCCC3)O2,6.23,active,608.2230000000001,7.914000000000009,3.0,6.0
CHEMBL4796461,COc1cc2c(cc1O)CCC(C)(CCNCCCCCCCNc1c3c(nc4cc(Cl)ccc14)CCCC3)O2,0.44,active,566.1860000000001,7.607200000000008,3.0,6.0
CHEMBL4751100,COc1cc2c(cc1O)CCC(C)(CCNCCCCCCCCNc1c3c(nc4cc(Cl)ccc14)CCCC3)O2,0.12,active,580.2130000000001,7.997300000000008,3.0,6.0
CHEMBL4785201,COc1cc2c(cc1O)CCC(C)(CCNCCCCCCCCCNc1c3c(nc4cc(Cl)ccc14)CCCC3)O2,0.27,active,594.24,8.387400000000007,3.0,6.0
CHEMBL4787251,COc1cc2c(cc1O)CCC(C)(CCNCCOCCOCCNc1c3c(nc4cc(Cl)ccc14)CCCC3)O2,8.35,active,584.1569999999999,5.689900000000005,3.0,8.0
CHEMBL4747041,COc1cc2c(cc1OCc1ccccc1)CCC(C)(CC(=O)NCCCCCCCNc1c3c(nc4cc(Cl)ccc14)CCCC3)O2,6.99,active,670.2940000000001,9.007200000000001,2.0,6.0
CHEMBL4750190,COCCn1cnc2cc(NC(=O)c3ccccc3)cc(C(=O)NCc3cc(F)cc(F)c3)c21,120.0,active,464.4720000000002,4.143200000000003,2.0,4.0
CHEMBL4776765,O=c1ccoc2ccc(OCCCCN3CCCCC3)cc12,5580.0,intermediate,301.386,3.4379000000000026,0.0,4.0
CHEMBL4781384,O=c1ccoc2ccc(OCCCCCN3CCOCC3)cc12,96200.0,inactive,317.38500000000005,2.6743000000000006,0.0,5.0
CHEMBL4754186,O=c1ccoc2ccc(OCCCN3CCCCCC3)cc12,10600.0,inactive,301.386,3.4379000000000026,0.0,4.0
CHEMBL4780719,O=c1ccoc2ccc(OCCCCN3CCCC3)cc12,3740.0,intermediate,287.359,3.0478000000000014,0.0,4.0
CHEMBL4778990,O=c1ccoc2ccc(OCCCCCN3CCCC3)cc12,7200.0,intermediate,301.386,3.4379000000000026,0.0,4.0
CHEMBL4778747,O=c1ccoc2ccc(OCCCN3CCCCC3)cc12,15900.0,inactive,287.359,3.0478000000000014,0.0,4.0
CHEMBL4744490,CCN(C)C(=O)Oc1cccc(CNCCc2c[nH]c3cc(F)ccc23)c1,16500.0,inactive,369.44,4.089800000000002,2.0,3.0
CHEMBL4761198,CCN(C)C(=O)Oc1cccc(CNCCc2c[nH]c3cc(F)ccc23)c1.O=C(O)/C=C/C(=O)O,17555.0,inactive,485.5120000000001,3.8016000000000014,4.0,5.0
CHEMBL4742830,CCOC(=O)c1c(C)nc(N2CCN(S(=O)(=O)c3ccc(NC(C)=O)cc3)CC2)nc1-c1ccc(OC)cc1,132.05,active,553.6410000000003,3.1066200000000013,1.0,9.0
CHEMBL4782471,CCOC(=O)c1c(C)nc(N2CCN(S(=O)(=O)c3ccc(NC(C)=O)c(Cl)c3)CC2)nc1-c1ccc(OC)cc1,87.62,active,588.0860000000004,3.7600200000000026,1.0,9.0
CHEMBL4797974,CCOC(=O)c1c(C)nc(N2CCN(S(=O)(=O)c3ccc(NC(C)=O)c(F)c3)CC2)nc1-c1ccc(OC)cc1,91.9,active,571.6310000000003,3.245720000000002,1.0,9.0
CHEMBL4756262,CCOC(=O)c1c(C)nc(N2CCN(S(=O)(=O)c3ccc(NC(C)=O)c(OC)c3)CC2)nc1-c1ccc(OC)cc1,79.25,active,583.6670000000004,3.1152200000000017,1.0,10.0
CHEMBL4759625,CCOC(=O)c1c(C)nc(N2CCN(S(=O)(=O)c3ccc(NC(C)=O)cc3)CC2)nc1-c1ccccc1,117.8,active,523.6150000000004,3.0980200000000018,1.0,8.0
CHEMBL4749805,CCOC(=O)c1c(C)nc(N2CCN(S(=O)(=O)c3ccc(NC(C)=O)c(Cl)c3)CC2)nc1-c1ccccc1,143.51,active,558.0600000000004,3.751420000000003,1.0,8.0
CHEMBL4752521,CCOC(=O)c1c(C)nc(N2CCN(S(=O)(=O)c3ccc(NC(C)=O)c(F)c3)CC2)nc1-c1ccccc1,97.43,active,541.6050000000004,3.2371200000000018,1.0,8.0
CHEMBL4777023,CCOC(=O)c1c(C)nc(N2CCN(S(=O)(=O)c3ccc(NC(C)=O)c(OC)c3)CC2)nc1-c1ccccc1,78.99,active,553.6410000000004,3.1066200000000013,1.0,9.0
CHEMBL4764274,CCOC(=O)c1c(C)nc(N2CCN(S(=O)(=O)c3ccc(NC(C)=O)cc3)CC2)nc1-c1ccc(OC)c(OC)c1,88.79,active,583.6670000000003,3.1152200000000017,1.0,10.0
CHEMBL4790766,CCOC(=O)c1c(C)nc(N2CCN(S(=O)(=O)c3ccc(NC(C)=O)c(Cl)c3)CC2)nc1-c1ccc(OC)c(OC)c1,47.33,active,618.1120000000003,3.768620000000003,1.0,10.0
CHEMBL4752188,CCOC(=O)c1c(C)nc(N2CCN(S(=O)(=O)c3ccc(NC(C)=O)c(F)c3)CC2)nc1-c1ccc(OC)c(OC)c1,76.52,active,601.6570000000003,3.2543200000000025,1.0,10.0
CHEMBL4785119,CCOC(=O)c1c(C)nc(N2CCN(S(=O)(=O)c3ccc(NC(C)=O)c(OC)c3)CC2)nc1-c1ccc(OC)c(OC)c1,79.16,active,613.6930000000003,3.123820000000002,1.0,11.0
CHEMBL4762860,CCOC(=O)c1c(C)nc(N2CCN(S(=O)(=O)c3ccc(N)cc3)CC2)nc1-c1ccc(OC)cc1,71.89,active,511.6040000000003,2.7304200000000005,1.0,9.0
CHEMBL4743674,CCOC(=O)c1c(C)nc(N2CCN(S(=O)(=O)c3ccc(N)c(Cl)c3)CC2)nc1-c1ccc(OC)cc1,77.91,active,546.0490000000003,3.383820000000002,1.0,9.0
CHEMBL4779365,CCOC(=O)c1c(C)nc(N2CCN(S(=O)(=O)c3ccc(N)c(F)c3)CC2)nc1-c1ccc(OC)cc1,100.6,active,529.5940000000004,2.8695200000000005,1.0,9.0
CHEMBL4797335,CCOC(=O)c1c(C)nc(N2CCN(S(=O)(=O)c3ccc(N)c(OC)c3)CC2)nc1-c1ccc(OC)cc1,68.5,active,541.6300000000003,2.739020000000001,1.0,10.0
CHEMBL4755324,CCOC(=O)c1c(C)nc(N2CCN(S(=O)(=O)c3ccc(N)cc3)CC2)nc1-c1ccccc1,200.0,active,481.57800000000026,2.72182,1.0,8.0
CHEMBL4800558,CCOC(=O)c1c(C)nc(N2CCN(S(=O)(=O)c3ccc(N)c(Cl)c3)CC2)nc1-c1ccccc1,79.12,active,516.0230000000004,3.3752200000000023,1.0,8.0
CHEMBL4759595,CCOC(=O)c1c(C)nc(N2CCN(S(=O)(=O)c3ccc(N)c(F)c3)CC2)nc1-c1ccccc1,200.0,active,499.56800000000027,2.860920000000001,1.0,8.0
CHEMBL4764003,CCOC(=O)c1c(C)nc(N2CCN(S(=O)(=O)c3ccc(N)c(OC)c3)CC2)nc1-c1ccccc1,84.65,active,511.6040000000003,2.7304200000000005,1.0,9.0
CHEMBL4750278,CCOC(=O)c1c(C)nc(N2CCN(S(=O)(=O)c3ccc(N)cc3)CC2)nc1-c1ccc(OC)c(OC)c1,68.02,active,541.6300000000003,2.739020000000001,1.0,10.0
CHEMBL4800002,CCOC(=O)c1c(C)nc(N2CCN(S(=O)(=O)c3ccc(N)c(Cl)c3)CC2)nc1-c1ccc(OC)c(OC)c1,51.36,active,576.0750000000003,3.392420000000002,1.0,10.0
CHEMBL4792354,CCOC(=O)c1c(C)nc(N2CCN(S(=O)(=O)c3ccc(N)c(F)c3)CC2)nc1-c1ccc(OC)c(OC)c1,66.07,active,559.6200000000003,2.878120000000001,1.0,10.0
CHEMBL4746943,CCOC(=O)c1c(C)nc(N2CCN(S(=O)(=O)c3ccc(N)c(OC)c3)CC2)nc1-c1ccc(OC)c(OC)c1,85.58,active,571.6560000000003,2.7476200000000004,1.0,11.0
CHEMBL4778925,CCc1ccc(NC(=O)COc2c(Cl)cc(Cl)cc2S(=O)(=O)N2CCN(C(=O)c3ccco3)CC2)cc1,5540.0,intermediate,566.4630000000001,4.313000000000003,1.0,6.0
CHEMBL4793290,CS(=O)(=O)[O-].CS(=O)(=O)[O-].NC(=O)c1cc[n+](COC[n+]2ccccc2/C=N/O)cc1,636000.0,inactive,478.50500000000017,-1.8767999999999927,2.0,10.0
CHEMBL590824,CS(=O)(=O)[O-].CS(=O)(=O)[O-].O/N=C/c1cc[n+](COC[n+]2ccc(/C=N/O)cc2)cc1,2169000.0,inactive,478.50500000000017,-1.1675999999999944,2.0,11.0
CHEMBL4749209,Cc1cc(/C=N/O)c(O)c(CN2CCN(c3ccncc3)CC2)c1,484000.0,inactive,326.40000000000003,2.2259200000000003,2.0,6.0
CHEMBL4758307,O/N=C/c1cc(Cl)cc(CN2CCN(c3ccncc3)CC2)c1O,262000.0,inactive,346.8180000000001,2.5709000000000013,2.0,6.0
CHEMBL4753561,Cc1cc(/C=N/O)c(O)c(CNc2ccc(S(=O)(=O)Nc3nccs3)cc2)c1,5149000.0,inactive,418.50000000000006,3.378120000000001,4.0,8.0
CHEMBL4796213,O=S(=O)(Nc1nccs1)c1ccc(NCc2cc(Cl)cc(/C=N/O)c2O)cc1,4275000.0,inactive,438.91800000000006,3.7231000000000014,4.0,8.0
CHEMBL4783438,Cc1cc(/C=N/O)c(O)c(CN2CCC(n3c(=O)[nH]c4cc(Cl)ccc43)CC2)c1,1905000.0,inactive,414.8930000000001,3.642220000000002,3.0,5.0
CHEMBL4778694,O=c1[nH]c2cc(Cl)ccc2n1C1CCN(Cc2cc(Cl)cc(/C=N/O)c2O)CC1,4148000.0,inactive,435.3110000000001,3.9872000000000023,3.0,5.0
CHEMBL4796014,Cc1cc(/C=N/O)c(O)c(CNc2ccc(-n3cccn3)cc2)c1,3183000.0,inactive,322.368,3.306520000000001,3.0,5.0
CHEMBL4751296,O/N=C/c1cc(Cl)cc(CNc2ccc(-n3cccn3)cc2)c1O,3035000.0,inactive,342.78600000000006,3.6515000000000017,3.0,5.0
CHEMBL4779687,Cc1cc(/C=N/O)c(O)c(CNc2ncccc2OCc2ccccc2)c1,96700.0,inactive,363.4170000000001,4.094820000000002,3.0,6.0
CHEMBL4752528,O/N=C/c1cc(Cl)cc(CNc2ncccc2OCc2ccccc2)c1O,826000.0,inactive,383.83500000000015,4.439800000000003,3.0,6.0
CHEMBL4764015,Cc1cc(/C=N/O)c(O)c(CNc2ccc(N3CCOCC3=O)cc2)c1,5305000.0,inactive,355.3940000000001,2.48402,3.0,6.0
CHEMBL4754173,O=C1COCCN1c1ccc(NCc2cc(Cl)cc(/C=N/O)c2O)cc1,4177000.0,inactive,375.81200000000007,2.8290000000000006,3.0,6.0
CHEMBL4785155,Cc1cc(/C=N/O)c(O)c(CNc2ccc(N3CCOCC3)c(F)c2)c1,3269000.0,inactive,359.4010000000001,3.0965200000000017,3.0,6.0
CHEMBL4763394,O/N=C/c1cc(Cl)cc(CNc2ccc(N3CCOCC3)c(F)c2)c1O,5917000.0,inactive,379.8190000000002,3.441500000000002,3.0,6.0
CHEMBL4752879,Cc1cc(/C=N/O)c(O)c(CNc2ccc(Cn3cncn3)cc2)c1,3255000.0,inactive,337.383,2.760620000000001,3.0,6.0
CHEMBL4753820,COc1ccc(C(CN(C)c2ccc(NCc3cc(C)cc(/C=N/O)c3O)cc2)C2(O)CCCCC2)cc1,1256000.0,inactive,517.6700000000004,6.044620000000007,4.0,7.0
CHEMBL4783532,COc1ccc(C(CN(C)c2ccc(NCc3cc(Cl)cc(/C=N/O)c3O)cc2)C2(O)CCCCC2)cc1,2505000.0,inactive,538.0880000000003,6.389600000000007,4.0,7.0
CHEMBL4786658,COc1cc2c(cc1OC)C(=O)/C(=C/c1ccc(N3CCN(C)CC3)cc1)C2,320.0,active,378.4720000000002,3.2780000000000022,0.0,5.0
CHEMBL4800260,COc1cc2c(cc1OC)C(=O)/C(=C/c1ccc(N3CC[N+](C)(Cc4ccccc4)CC3)cc1)C2.[Cl-],370.0,active,505.05800000000033,1.997,0.0,4.0
CHEMBL4780628,COc1cc2c(cc1OC)C(=O)/C(=C/c1ccc(N3CC[N+](C)(Cc4ccc(Br)cc4)CC3)cc1)C2.[Br-],2550.0,intermediate,628.4050000000002,2.759500000000001,0.0,4.0
CHEMBL4778690,COc1cc2c(cc1OC)C(=O)/C(=C/c1ccc(N3CC[N+](C)(Cc4cccc(Br)c4)CC3)cc1)C2.[Br-],1990.0,intermediate,628.4050000000002,2.759500000000001,0.0,4.0
CHEMBL4794208,COc1cc2c(cc1OC)C(=O)/C(=C/c1ccc(N3CC[N+](C)(Cc4ccccc4Br)CC3)cc1)C2.[Br-],540.0,active,628.4050000000002,2.759500000000001,0.0,4.0
CHEMBL4791075,COc1cc2c(cc1OC)C(=O)/C(=C/c1ccc(N3CC[N+](C)(Cc4cccc(Cl)c4)CC3)cc1)C2.[Br-],320.0,active,583.9540000000003,2.6504000000000003,0.0,4.0
CHEMBL4787855,COc1cc2c(cc1OC)C(=O)/C(=C/c1ccc(N3CC[N+](C)(Cc4ccccc4Cl)CC3)cc1)C2.[Cl-],480.0,active,539.5030000000003,2.6504000000000003,0.0,4.0
CHEMBL4784191,COc1cc2c(cc1OC)C(=O)/C(=C/c1ccc(N3CC[N+](C)(Cc4ccccn4)CC3)cc1)C2.[Cl-],380.0,active,506.0460000000003,1.3920000000000003,0.0,5.0
CHEMBL4794690,CCC[N+]1(C)CCN(c2ccc(/C=C3\Cc4cc(OC)c(OC)cc4C3=O)cc2)CC1.[Br-],2150.0,intermediate,501.46500000000026,1.2068000000000014,0.0,4.0
CHEMBL4776999,CCCC[N+]1(C)CCN(c2ccc(/C=C3\Cc4cc(OC)c(OC)cc4C3=O)cc2)CC1.[Br-],540.0,active,515.4920000000002,1.596900000000001,0.0,4.0
CHEMBL4797677,CCCCC[N+]1(C)CCN(c2ccc(/C=C3\Cc4cc(OC)c(OC)cc4C3=O)cc2)CC1.[Br-],540.0,active,529.5190000000002,1.9870000000000008,0.0,4.0
CHEMBL4794354,CCCCCC[N+]1(C)CCN(c2ccc(/C=C3\Cc4cc(OC)c(OC)cc4C3=O)cc2)CC1.[Br-],4250.0,intermediate,543.5460000000003,2.3771000000000013,0.0,4.0
CHEMBL4798336,C=CC[N+]1(C)CCN(c2ccc(/C=C3\Cc4cc(OC)c(OC)cc4C3=O)cc2)CC1.[Cl-],430.0,active,454.9980000000003,0.9828000000000008,0.0,4.0
CHEMBL4790642,COc1cc2c(cc1OC)C(=O)/C(=C/c1ccc(N3CC[N+](C)(CCO)CC3)cc1)C2.[Cl-],1100.0,intermediate,458.98600000000033,-0.21089999999999764,1.0,5.0
CHEMBL4794250,COc1cc2c(cc1OC)C(=O)/C(=C/c1ccc(OCCN[N+]3(C)CCN(c4ccc(/C=C5\Cc6cc(OC)c(OC)cc6C5=O)cc4)CC3)cc1)C2.[Br-],24000.0,inactive,796.7590000000001,3.2200000000000024,1.0,9.0
CHEMBL4780352,COc1cc2c(cc1OC)C(=O)/C(=C/c1ccc(OCCCCN[N+]3(C)CCN(c4ccc(/C=C5\Cc6cc(OC)c(OC)cc6C5=O)cc4)CC3)cc1)C2.[Br-],0.0,active,824.8130000000001,4.000200000000003,1.0,9.0
CHEMBL4779180,O=c1cc(-c2ccc(OCCCCN3CCC(Cc4ccccc4)CC3)cc2)oc2cc(OCCCCN3CCC(Cc4ccccc4)CC3)cc(O)c12,670.0,active,728.9739999999999,9.393,1.0,7.0
CHEMBL4777818,O=c1cc(-c2ccc(OCCCCN3CCN(Cc4ccccc4)CC3)cc2)oc2cc(OCCCCN3CCN(Cc4ccccc4)CC3)cc(O)c12,1000.0,active,730.9499999999999,7.119200000000009,1.0,9.0
CHEMBL4792240,O=c1cc(-c2ccc(OCCCCN3CCc4ccccc4C3)cc2)oc2cc(OCCCCN3CCc4ccccc4C3)cc(O)c12,590.0,active,644.8120000000002,7.600200000000009,1.0,7.0
CHEMBL4783427,CCN(CCCCOc1ccc(-c2cc(=O)c3c(O)cc(OCCCCN(CC)Cc4ccccc4)cc3o2)cc1)Cc1ccccc1,360.0,active,648.8440000000004,8.527800000000006,1.0,7.0
CHEMBL4798516,O=C1CC(c2ccc(OCCCCN3CCC(Cc4ccccc4)CC3)cc2)Oc2cc(OCCCCN3CCC(Cc4ccccc4)CC3)cc(O)c21,7600.0,intermediate,730.9899999999999,9.326100000000002,1.0,7.0
CHEMBL4795152,O=C1CC(c2ccc(OCCCCN3CCN(Cc4ccccc4)CC3)cc2)Oc2cc(OCCCCN3CCN(Cc4ccccc4)CC3)cc(O)c21,18700.0,inactive,732.9659999999999,7.05230000000001,1.0,9.0
CHEMBL4794189,O=C1CC(c2ccc(OCCCCN3CCc4ccccc4C3)cc2)Oc2cc(OCCCCN3CCc4ccccc4C3)cc(O)c21,13200.0,inactive,646.8280000000003,7.53330000000001,1.0,7.0
CHEMBL4795370,CCN(CCCCOc1ccc(C2CC(=O)c3c(O)cc(OCCCCN(CC)Cc4ccccc4OC)cc3O2)cc1)Cc1ccccc1OC,4300.0,intermediate,710.9120000000003,8.478100000000008,1.0,9.0
CHEMBL4796574,O=c1c(-c2ccc(OCCCCN3CCC(Cc4ccccc4)CC3)cc2)coc2cc(OCCCCN3CCC(Cc4ccccc4)CC3)cc(O)c12,7300.0,intermediate,728.9739999999999,9.393,1.0,7.0
CHEMBL4796736,O=c1c(-c2ccc(OCCCCN3CCN(Cc4ccccc4)CC3)cc2)coc2cc(OCCCCN3CCN(Cc4ccccc4)CC3)cc(O)c12,25100.0,inactive,730.9499999999998,7.11920000000001,1.0,9.0
CHEMBL4791528,O=c1c(-c2ccc(OCCCCN3CCc4ccccc4C3)cc2)coc2cc(OCCCCN3CCc4ccccc4C3)cc(O)c12,8100.0,intermediate,644.8120000000002,7.60020000000001,1.0,7.0
CHEMBL3127002,CCN(CCCCOc1ccc(-c2coc3cc(OCCCCN(CC)Cc4ccccc4)cc(O)c3c2=O)cc1)Cc1ccccc1,2100.0,intermediate,648.8440000000004,8.527800000000006,1.0,7.0
CHEMBL4792248,CC1c2ccccc2CCN1CCCCOc1ccc(-c2coc3cc(OCCCCN4CCc5ccccc5C4C)cc(O)c3c2=O)cc1,5300.0,intermediate,672.8660000000003,8.722200000000003,1.0,7.0
CHEMBL4787690,O=c1c(-c2ccc(OCCCCN3CCCCC3)cc2)coc2cc(OCCCCN3CCCCC3)cc(O)c12,810.0,active,548.7240000000004,6.455400000000009,1.0,7.0
CHEMBL4793096,O=C(/C=C/c1ccc(OCCCCN2CCC(Cc3ccccc3)CC2)cc1)c1c(O)cc(OCCCCN2CCC(Cc3ccccc3)CC2)cc1O,11900.0,inactive,730.9899999999999,9.221300000000001,2.0,7.0
CHEMBL4782477,CCN(CCCCOc1ccc(/C=C/C(=O)c2c(O)cc(OCCCCN(CC)Cc3ccccc3OC)cc2O)cc1)Cc1ccccc1OC,1300.0,intermediate,710.9120000000004,8.37330000000001,2.0,9.0
CHEMBL4777899,O=C(/C=C/c1ccc(OCCCCN2CCCCC2)cc1)c1c(O)cc(OCCCCN2CCCCC2)cc1O,5100.0,intermediate,550.7400000000005,6.283700000000009,2.0,7.0
CHEMBL4798445,O=C(/C=C/c1ccc(OCCCCN2CCCC2)cc1)c1c(O)cc(OCCCCN2CCCC2)cc1O,3200.0,intermediate,522.6860000000004,5.503500000000007,2.0,7.0
CHEMBL4782832,CCN(CC)CCCCOc1ccc(/C=C/C(=O)c2c(O)cc(OCCCCN(CC)CC)cc2O)cc1,4700.0,intermediate,526.7180000000005,5.995500000000008,2.0,7.0
CHEMBL4797136,COc1cc(/C=C/C(=O)NCC(=O)Nc2ccccc2C)ccc1O,16270.0,inactive,340.3790000000001,2.477320000000001,3.0,4.0
CHEMBL4797133,COc1cc(/C=C/C(=O)NCC(=O)Nc2cccc(C)c2)ccc1O,18910.0,inactive,340.3790000000001,2.477320000000001,3.0,4.0
CHEMBL4784756,COc1cc(/C=C/C(=O)NCC(=O)Nc2ccc(C)cc2)ccc1O,12620.0,inactive,340.379,2.477320000000001,3.0,4.0
CHEMBL4784479,COc1cc(/C=C/C(=O)NCC(=O)Nc2ccccc2OC)ccc1O,5750.0,intermediate,356.3780000000001,2.1774999999999998,3.0,5.0
CHEMBL4799854,COc1cccc(NC(=O)CNC(=O)/C=C/c2ccc(O)c(OC)c2)c1,2420.0,intermediate,356.3780000000001,2.1775,3.0,5.0
CHEMBL4789401,COc1ccc(NC(=O)CNC(=O)/C=C/c2ccc(O)c(OC)c2)cc1,17290.0,inactive,356.3780000000001,2.1775,3.0,5.0
CHEMBL4783152,COc1cc(/C=C/C(=O)NCC(=O)Nc2ccccc2Cl)ccc1O,5720.0,intermediate,360.797,2.8223000000000007,3.0,4.0
CHEMBL4786839,COc1cc(/C=C/C(=O)NCC(=O)Nc2cccc(Cl)c2)ccc1O,5680.0,intermediate,360.797,2.8223000000000007,3.0,4.0
CHEMBL4778635,COc1cc(/C=C/C(=O)NCC(=O)Nc2ccc(Cl)cc2)ccc1O,3430.0,intermediate,360.797,2.8223000000000007,3.0,4.0
CHEMBL4787493,COc1cc(/C=C/C(=O)NCC(=O)Nc2ccccc2C(F)(F)F)ccc1O,15150.0,inactive,394.34900000000005,3.187700000000001,3.0,4.0
CHEMBL4785206,COc1cc(/C=C/C(=O)NCC(=O)Nc2cccc(C(F)(F)F)c2)ccc1O,9310.0,intermediate,394.34900000000005,3.187700000000001,3.0,4.0
CHEMBL4794220,COc1cc(/C=C/C(=O)NCC(=O)Nc2ccc(C(F)(F)F)cc2)ccc1O,8230.0,intermediate,394.349,3.187700000000001,3.0,4.0
CHEMBL4777188,COc1cc(/C=C/C(=O)NCC(=O)Nc2cccc(Br)c2)ccc1O,13070.0,inactive,405.24800000000005,2.9314000000000013,3.0,4.0
CHEMBL4782581,COc1cc(/C=C/C(=O)NCC(=O)Nc2ccc(Br)cc2)ccc1O,10240.0,inactive,405.24800000000005,2.9314000000000013,3.0,4.0
CHEMBL4796414,COc1cc(/C=C/C(=O)NCC(=O)Nc2ccccc2F)ccc1O,17230.0,inactive,344.34200000000004,2.3080000000000003,3.0,4.0
CHEMBL4799350,COc1cc(/C=C/C(=O)NCC(=O)Nc2cccc(F)c2)ccc1O,22120.0,inactive,344.34200000000004,2.3080000000000003,3.0,4.0
CHEMBL4787804,COc1cc(/C=C/C(=O)NCC(=O)Nc2ccc(F)cc2)ccc1O,12930.0,inactive,344.34200000000004,2.3080000000000003,3.0,4.0
CHEMBL4793936,COc1cc(/C=C/C(=O)NCC(=O)Nc2cccc(C#N)c2)ccc1O,16010.0,inactive,351.3620000000001,2.04058,3.0,5.0
CHEMBL4784543,COc1cc(/C=C/C(=O)NCC(=O)Nc2ccc(C#N)cc2)ccc1O,17430.0,inactive,351.362,2.04058,3.0,5.0
CHEMBL4788557,COc1cc(/C=C/C(=O)NCC(=O)Nc2ccccc2)ccc1O,21940.0,inactive,326.35200000000003,2.1689000000000003,3.0,4.0
CHEMBL4799941,COc1cc(/C=C/C(=O)NCC(=O)Nc2ccc3[nH]ccc3c2)ccc1O,5740.0,intermediate,365.389,2.6502000000000003,4.0,4.0
CHEMBL4789794,COc1cc(/C=C/C(=O)NCC(=O)Nc2ccc3ncccc3c2)ccc1O,4890.0,intermediate,377.40000000000003,2.7171000000000007,3.0,5.0
CHEMBL4786736,COc1cc(/C=C/C(=O)N2CCN(c3ccccc3)CC2)ccc1O,29340.0,inactive,338.4070000000001,2.7628000000000017,1.0,4.0
CHEMBL4785400,COc1cccc(N2CCN(C(=O)/C=C/c3ccc(O)c(OC)c3)CC2)c1,9910.0,intermediate,368.43300000000016,2.7714000000000008,1.0,5.0
CHEMBL4779302,COc1cc(/C=C/C(=O)N2CCN(c3ccc(F)cc3)CC2)ccc1O,11040.0,inactive,356.39700000000005,2.9019000000000017,1.0,4.0
CHEMBL4785572,COc1cc(/C=C/C(=O)N2CCN(c3cccc([N+](=O)[O-])c3)CC2)ccc1O,23430.0,inactive,383.4040000000001,2.6710000000000016,1.0,6.0
CHEMBL4791662,COc1ccc(N2CCN(C(=O)/C=C/c3ccc(O)c(OC)c3)CC2)cc1,12050.0,inactive,368.43300000000016,2.7714000000000008,1.0,5.0
CHEMBL4788008,COc1cc(/C=C/C(=O)N2CCN(c3ccc(Cl)cc3)CC2)ccc1O,11150.0,inactive,372.8520000000001,3.416200000000003,1.0,4.0
CHEMBL4781376,COc1cc(/C=C/C(=O)N2CCN(c3ccc(C)cc3)CC2)ccc1O,19480.0,inactive,352.4340000000001,3.0712200000000025,1.0,4.0
CHEMBL4792310,CCN(C)C(=O)OCC1CCCN(C2Cc3ccccc3C2)C1,100000.0,inactive,316.44500000000005,2.9541000000000013,0.0,3.0
CHEMBL4786091,CCN(C)C(=O)OC1CCCN(C2Cc3ccccc3C2)C1,100000.0,inactive,302.41800000000006,2.706500000000001,0.0,3.0
CHEMBL4792483,CCN(C)C(=O)OCC1CCCN(Cc2ccccc2)C1,96600.0,inactive,290.407,2.986900000000002,0.0,3.0
CHEMBL4782186,CCN(C)C(=O)OC1CCCN(Cc2ccccc2)C1,100000.0,inactive,276.38,2.739300000000001,0.0,3.0
CHEMBL4786153,C#CCN1CCCC(COC(=O)N(C)CC)C1,100000.0,inactive,238.33099999999996,1.4199000000000002,0.0,3.0
CHEMBL4789240,C#CCN1CCCC(OC(=O)N(C)CC)C1,100000.0,inactive,224.30399999999995,1.1723,0.0,3.0
CHEMBL4785480,CC(C)c1ccc(NC(=O)OCC2CCCN(C3Cc4ccccc4C3)C2)cc1,18700.0,inactive,392.5430000000001,5.237900000000005,1.0,3.0
CHEMBL4789292,CC(C)c1ccc(NC(=O)OC2CCCN(C3Cc4ccccc4C3)C2)cc1,7914.0,intermediate,378.5160000000001,4.990300000000005,1.0,3.0
CHEMBL4792208,CC(C)c1ccc(NC(=O)OCC2CCCN(Cc3ccccc3)C2)cc1,15100.0,inactive,366.505,5.270700000000005,1.0,3.0
CHEMBL4800026,CC(C)c1ccc(NC(=O)OC2CCCN(Cc3ccccc3)C2)cc1,100000.0,inactive,352.478,5.023100000000004,1.0,3.0
CHEMBL4779749,C#CCN1CCCC(COC(=O)Nc2ccc(C(C)C)cc2)C1,100000.0,inactive,314.4290000000001,3.703700000000003,1.0,3.0
CHEMBL4798315,C#CCN1CCCC(OC(=O)Nc2ccc(C(C)C)cc2)C1,100000.0,inactive,300.40200000000004,3.456100000000003,1.0,3.0
CHEMBL4782697,O=C(Nc1ccccc1)OCC1CCCN(C2Cc3ccccc3C2)C1,100000.0,inactive,350.46200000000005,4.114500000000003,1.0,3.0
CHEMBL4782422,O=C(Nc1ccccc1)OC1CCCN(C2Cc3ccccc3C2)C1,100000.0,inactive,336.43500000000006,3.866900000000003,1.0,3.0
CHEMBL4788813,O=C(Nc1ccccc1)OCC1CCCN(Cc2ccccc2)C1,67100.0,inactive,324.424,4.147300000000003,1.0,3.0
CHEMBL4792506,O=C(Nc1ccccc1)OC1CCCN(Cc2ccccc2)C1,100000.0,inactive,310.397,3.899700000000003,1.0,3.0
CHEMBL4783379,C#CCN1CCCC(COC(=O)Nc2ccccc2)C1,100000.0,inactive,272.34800000000007,2.5803000000000003,1.0,3.0
CHEMBL4780895,C#CCN1CCCC(OC(=O)Nc2ccccc2)C1,100000.0,inactive,258.321,2.3327,1.0,3.0
CHEMBL4800467,CCN(C)C(=O)OCC1CCN(C2Cc3ccccc3C2)CC1,100000.0,inactive,316.4450000000001,2.9541000000000013,0.0,3.0
CHEMBL4785240,CCN(C)C(=O)OC1CCN(C2Cc3ccccc3C2)CC1,100000.0,inactive,302.4180000000001,2.706500000000001,0.0,3.0
CHEMBL4799313,CCN(C)C(=O)OCC1CCN(Cc2ccccc2)CC1,72000.0,inactive,290.40700000000004,2.986900000000001,0.0,3.0
CHEMBL4798907,CCN(C)C(=O)OC1CCN(Cc2ccccc2)CC1,100000.0,inactive,276.38000000000005,2.739300000000001,0.0,3.0
CHEMBL4777039,C#CCN1CCC(COC(=O)N(C)CC)CC1,100000.0,inactive,238.33099999999993,1.4198999999999997,0.0,3.0
CHEMBL4793319,C#CCN1CCC(OC(=O)N(C)CC)CC1,100000.0,inactive,224.30399999999995,1.1723,0.0,3.0
CHEMBL4787011,CC(C)c1ccc(NC(=O)OCC2CCN(C3Cc4ccccc4C3)CC2)cc1,4083.0,intermediate,392.5430000000001,5.237900000000005,1.0,3.0
CHEMBL4776331,CC(C)c1ccc(NC(=O)OC2CCN(C3Cc4ccccc4C3)CC2)cc1,2308.0,intermediate,378.51600000000013,4.990300000000005,1.0,3.0
CHEMBL4793387,O=C(Nc1ccccc1)OCC1CCN(C2Cc3ccccc3C2)CC1,100000.0,inactive,350.4620000000001,4.114500000000004,1.0,3.0
CHEMBL4792634,C#CCN1CCC(OC(=O)Nc2ccc(C(C)C)cc2)CC1,100000.0,inactive,300.4020000000001,3.456100000000003,1.0,3.0
CHEMBL4792289,C#CCN1CCC(COC(=O)Nc2ccc(C(C)C)cc2)CC1,100000.0,inactive,314.4290000000001,3.703700000000003,1.0,3.0
CHEMBL4783852,CC(C)c1ccc(NC(=O)OC2CCN(Cc3ccccc3)CC2)cc1,100000.0,inactive,352.47800000000007,5.023100000000005,1.0,3.0
CHEMBL4795569,CC(C)c1ccc(NC(=O)OCC2CCN(Cc3ccccc3)CC2)cc1,2248.0,intermediate,366.50500000000005,5.270700000000005,1.0,3.0
CHEMBL1201142,C#CCN[C@@H]1CCc2ccccc21.CS(=O)(=O)O,100000.0,inactive,267.34999999999997,1.4007,2.0,3.0
CHEMBL4799709,O=C(Nc1ccccc1)OC1CCN(C2Cc3ccccc3C2)CC1,19200.0,inactive,336.4350000000001,3.866900000000003,1.0,3.0
CHEMBL4781081,O=C(Nc1ccccc1)OCC1CCN(Cc2ccccc2)CC1,7310.0,intermediate,324.42400000000004,4.147300000000003,1.0,3.0
CHEMBL4794030,O=C(Nc1ccccc1)OC1CCN(Cc2ccccc2)CC1,100000.0,inactive,310.39700000000005,3.899700000000003,1.0,3.0
CHEMBL4779214,C#CCN1CCC(COC(=O)Nc2ccccc2)CC1,100000.0,inactive,272.34800000000007,2.580300000000001,1.0,3.0
CHEMBL4791143,C#CCN1CCC(OC(=O)Nc2ccccc2)CC1,100000.0,inactive,258.321,2.332700000000001,1.0,3.0
CHEMBL4792299,C#CCN1CCC(O)CC1,100000.0,inactive,139.19799999999998,0.07630000000000009,1.0,2.0
CHEMBL4782857,C#CCN1CCCC(O)C1,100000.0,inactive,139.19799999999998,0.07630000000000009,1.0,2.0
CHEMBL4780248,C#CCN1CCC(CO)CC1,100000.0,inactive,153.22499999999997,0.32390000000000013,1.0,2.0
CHEMBL4780765,C#CCN1CCCC(CO)C1,100000.0,inactive,153.225,0.32390000000000013,1.0,2.0
CHEMBL4796237,OC1CCN(Cc2ccccc2)CC1,100000.0,inactive,191.27399999999997,1.6433000000000002,1.0,2.0
CHEMBL1504199,OC1CCCN(Cc2ccccc2)C1,100000.0,inactive,191.274,1.6433000000000002,1.0,2.0
CHEMBL4529341,OCC1CCN(Cc2ccccc2)CC1,100000.0,inactive,205.30100000000002,1.8909,1.0,2.0
CHEMBL4571402,OCC1CCCN(Cc2ccccc2)C1,100000.0,inactive,205.30100000000004,1.8909,1.0,2.0
CHEMBL4779393,OC1CCN(C2Cc3ccccc3C2)CC1,100000.0,inactive,217.31199999999995,1.6105,1.0,2.0
CHEMBL4796026,OC1CCCN(C2Cc3ccccc3C2)C1,100000.0,inactive,217.31199999999998,1.6105,1.0,2.0
CHEMBL4797900,OCC1CCN(C2Cc3ccccc3C2)CC1,100000.0,inactive,231.339,1.8580999999999999,1.0,2.0
CHEMBL4788729,OCC1CCCN(C2Cc3ccccc3C2)C1,100000.0,inactive,231.339,1.8581,1.0,2.0
CHEMBL549,CN(C)CCCC1(c2ccc(F)cc2)OCc2cc(C#N)ccc21,73300.0,inactive,324.39900000000006,3.812980000000003,0.0,3.0
CHEMBL4793718,O=C(CN1CCN(C(=O)c2ccccc2)CC1)N1CCN(CCCc2c[nH]c3ccccc23)CC1,50000.0,inactive,473.6210000000004,2.702700000000001,1.0,4.0
CHEMBL4789608,O=C(CN1CCN(C(=O)c2ccc(Cl)cc2)CC1)N1CCN(CCCc2c[nH]c3ccccc23)CC1,35200.0,inactive,508.06600000000043,3.3561000000000014,1.0,4.0
CHEMBL4782574,COc1ccc(C(=O)N2CCN(CC(=O)N3CCN(CCCc4c[nH]c5ccccc45)CC3)CC2)cc1,25100.0,inactive,503.64700000000033,2.7113000000000014,1.0,5.0
CHEMBL4800589,O=C(CN1CCN(C(=O)c2ccc(Br)cc2)CC1)N1CCN(CCCc2c[nH]c3ccccc23)CC1,35700.0,inactive,552.5170000000003,3.465200000000002,1.0,4.0
CHEMBL4782256,Cc1ccc(C(=O)N2CCN(CC(=O)N3CCN(CCCc4c[nH]c5ccccc45)CC3)CC2)cc1,29400.0,inactive,487.64800000000037,3.011120000000001,1.0,4.0
CHEMBL4784248,O=C(CN1CCN(C(=O)c2ccc(F)cc2)CC1)N1CCN(CCCc2c[nH]c3ccccc23)CC1,39400.0,inactive,491.6110000000004,2.841800000000001,1.0,4.0
CHEMBL4786386,O=C(CN1CCN(C(=O)c2cccc(Cl)c2)CC1)N1CCN(CCCc2c[nH]c3ccccc23)CC1,32400.0,inactive,508.06600000000043,3.3561000000000014,1.0,4.0
CHEMBL4792068,COc1cccc(C(=O)N2CCN(CC(=O)N3CCN(CCCc4c[nH]c5ccccc45)CC3)CC2)c1,50000.0,inactive,503.64700000000033,2.7113000000000005,1.0,5.0
CHEMBL4798408,O=C(CN1CCN(C(=O)c2cccc(Br)c2)CC1)N1CCN(CCCc2c[nH]c3ccccc23)CC1,23000.0,inactive,552.5170000000003,3.465200000000001,1.0,4.0
CHEMBL4780578,O=C(CN1CCN(C(=O)c2cccc(F)c2)CC1)N1CCN(CCCc2c[nH]c3ccccc23)CC1,50000.0,inactive,491.6110000000004,2.841800000000001,1.0,4.0
CHEMBL4790454,O=C(CN1CCN(C(=O)c2ccccc2F)CC1)N1CCN(CCCc2c[nH]c3ccccc23)CC1,20200.0,inactive,491.6110000000004,2.841800000000001,1.0,4.0
CHEMBL4797232,O=C(CN1CCN(C(=O)c2ccccc2)CC1)N1CCN(CCCc2c[nH]c3ccc(F)cc23)CC1,50000.0,inactive,491.6110000000004,2.841800000000002,1.0,4.0
CHEMBL4796328,O=C(CN1CCN(C(=O)c2ccc(Cl)cc2)CC1)N1CCN(CCCc2c[nH]c3ccc(F)cc23)CC1,22300.0,inactive,526.0560000000003,3.4952000000000014,1.0,4.0
CHEMBL4800092,COc1ccc(C(=O)N2CCN(CC(=O)N3CCN(CCCc4c[nH]c5ccc(F)cc45)CC3)CC2)cc1,14400.0,inactive,521.6370000000004,2.8504000000000014,1.0,5.0
CHEMBL4795221,O=C(CN1CCN(C(=O)c2ccc(Br)cc2)CC1)N1CCN(CCCc2c[nH]c3ccc(F)cc23)CC1,39400.0,inactive,570.5070000000003,3.604300000000002,1.0,4.0
CHEMBL4782029,Cc1ccc(C(=O)N2CCN(CC(=O)N3CCN(CCCc4c[nH]c5ccc(F)cc45)CC3)CC2)cc1,3600.0,intermediate,505.6380000000004,3.150220000000001,1.0,4.0
CHEMBL4786060,O=C(CN1CCN(C(=O)c2ccc(F)cc2)CC1)N1CCN(CCCc2c[nH]c3ccc(F)cc23)CC1,3400.0,intermediate,509.6010000000004,2.980900000000001,1.0,4.0
CHEMBL4781245,O=C(CN1CCN(C(=O)c2cccc(Cl)c2)CC1)N1CCN(CCCc2c[nH]c3ccc(F)cc23)CC1,18400.0,inactive,526.0560000000003,3.4952000000000014,1.0,4.0
CHEMBL4776389,COc1cccc(C(=O)N2CCN(CC(=O)N3CCN(CCCc4c[nH]c5ccc(F)cc45)CC3)CC2)c1,19400.0,inactive,521.6370000000004,2.8504000000000014,1.0,5.0
CHEMBL4786300,O=C(CN1CCN(C(=O)c2cccc(Br)c2)CC1)N1CCN(CCCc2c[nH]c3ccc(F)cc23)CC1,37300.0,inactive,570.5070000000003,3.604300000000001,1.0,4.0
CHEMBL4798858,O=C(CN1CCN(C(=O)c2cccc(F)c2)CC1)N1CCN(CCCc2c[nH]c3ccc(F)cc23)CC1,50000.0,inactive,509.6010000000004,2.980900000000001,1.0,4.0
CHEMBL4777782,O=C(CN1CCN(C(=O)c2ccccc2Br)CC1)N1CCN(CCCc2c[nH]c3ccc(F)cc23)CC1,33300.0,inactive,570.5070000000003,3.604300000000001,1.0,4.0
CHEMBL4798281,COc1ccc2[nH]cc(CCCN3CCN(C(=O)CN4CCN(C(=O)c5ccccc5)CC4)CC3)c2c1,50000.0,inactive,503.64700000000033,2.7113000000000014,1.0,5.0
CHEMBL4796660,COc1ccc2[nH]cc(CCCN3CCN(C(=O)CN4CCN(C(=O)c5ccc(Cl)cc5)CC4)CC3)c2c1,50000.0,inactive,538.0920000000003,3.3647000000000027,1.0,5.0
CHEMBL4786778,COc1ccc(C(=O)N2CCN(CC(=O)N3CCN(CCCc4c[nH]c5ccc(OC)cc45)CC3)CC2)cc1,50000.0,inactive,533.6730000000005,2.7199000000000018,1.0,6.0
CHEMBL4785035,COc1ccc2[nH]cc(CCCN3CCN(C(=O)CN4CCN(C(=O)c5ccc(Br)cc5)CC4)CC3)c2c1,50000.0,inactive,582.5429999999999,3.4738000000000024,1.0,5.0
CHEMBL4788937,COc1ccc2[nH]cc(CCCN3CCN(C(=O)CN4CCN(C(=O)c5ccc(C)cc5)CC4)CC3)c2c1,50000.0,inactive,517.6740000000004,3.019720000000002,1.0,5.0
CHEMBL4792702,COc1ccc2[nH]cc(CCCN3CCN(C(=O)CN4CCN(C(=O)c5ccc(F)cc5)CC4)CC3)c2c1,50000.0,inactive,521.6370000000004,2.8504000000000014,1.0,5.0
CHEMBL4780560,COc1ccc2[nH]cc(CCCN3CCN(C(=O)CN4CCN(C(=O)c5cccc(Cl)c5)CC4)CC3)c2c1,50000.0,inactive,538.0920000000003,3.3647000000000027,1.0,5.0
CHEMBL4799265,COc1cccc(C(=O)N2CCN(CC(=O)N3CCN(CCCc4c[nH]c5ccc(OC)cc45)CC3)CC2)c1,50000.0,inactive,533.6730000000003,2.7199000000000018,1.0,6.0
CHEMBL4785452,COc1ccc2[nH]cc(CCCN3CCN(C(=O)CN4CCN(C(=O)c5cccc(Br)c5)CC4)CC3)c2c1,50000.0,inactive,582.5429999999999,3.4738000000000024,1.0,5.0
CHEMBL4783315,COc1ccc2[nH]cc(CCCN3CCN(C(=O)CN4CCN(C(=O)c5cccc(F)c5)CC4)CC3)c2c1,37300.0,inactive,521.6370000000004,2.8504000000000014,1.0,5.0
CHEMBL4778249,COc1ccc2[nH]cc(CCCN3CCN(C(=O)CN4CCN(C(=O)c5ccccc5Br)CC4)CC3)c2c1,50000.0,inactive,582.5429999999999,3.4738000000000024,1.0,5.0
CHEMBL4799601,COc1cccc2cc[n+](-c3ccc(C(F)(F)F)cc3)cc12.[Br-],690.0,active,384.19499999999994,1.1479000000000001,0.0,1.0
CHEMBL4797466,COc1cccc2cc[n+](-c3cccc(C(F)(F)F)c3)cc12.[Br-],10000.0,inactive,384.195,1.1479000000000001,0.0,1.0
CHEMBL4783762,COc1cccc2cc[n+](-c3ccccc3C(F)(F)F)cc12.[Br-],10000.0,inactive,384.195,1.1479000000000001,0.0,1.0
CHEMBL4793631,COc1cccc2cc[n+](-c3ccc(I)cc3)cc12.[Br-],720.0,active,442.094,0.7336999999999996,0.0,1.0
CHEMBL4784275,COc1cccc2cc[n+](-c3cccc(I)c3)cc12.[Br-],10000.0,inactive,442.094,0.7337,0.0,1.0
CHEMBL4778914,COc1cccc2cc[n+](-c3ccccc3I)cc12.[Br-],2060.0,intermediate,442.094,0.7337,0.0,1.0
CHEMBL4789019,COc1cccc2cc[n+](-c3ccc(Br)cc3)cc12.[Br-],190.0,active,395.094,0.8915999999999997,0.0,1.0
CHEMBL4791833,COc1cccc2cc[n+](-c3cccc(Br)c3)cc12.[Br-],10000.0,inactive,395.094,0.8915999999999997,0.0,1.0
CHEMBL4796157,COc1cccc2cc[n+](-c3ccccc3Br)cc12.[Br-],5230.0,intermediate,395.094,0.8915999999999997,0.0,1.0
CHEMBL4781509,COc1cccc2cc[n+](-c3ccc(Cl)cc3)cc12.[Br-],170.0,active,350.643,0.7824999999999995,0.0,1.0
CHEMBL4788885,COc1cccc2cc[n+](-c3cccc(Cl)c3)cc12.[Br-],9450.0,intermediate,350.643,0.7825,0.0,1.0
CHEMBL4786368,COc1cccc2cc[n+](-c3ccccc3Cl)cc12.[Br-],5330.0,intermediate,350.643,0.7825,0.0,1.0
CHEMBL4796540,COc1cccc2cc[n+](-c3ccc(F)cc3)cc12.[Br-],670.0,active,334.188,0.26819999999999955,0.0,1.0
CHEMBL4793972,COc1cccc2cc[n+](-c3cccc(F)c3)cc12.[Br-],9130.0,intermediate,334.188,0.2682,0.0,1.0
CHEMBL4776766,COc1cccc2cc[n+](-c3ccccc3F)cc12.[Br-],2550.0,intermediate,334.188,0.2682,0.0,1.0
CHEMBL4789164,COc1cccc2cc[n+](-c3ccccc3)cc12.[Br-],1420.0,intermediate,316.198,0.12909999999999977,0.0,1.0
CHEMBL4785451,COc1cccc2cc[n+](-c3ccccc3C#N)cc12.[Br-],1750.0,intermediate,341.20799999999997,0.0007800000000000029,0.0,2.0
CHEMBL4785000,COc1cccc2cc[n+](-c3cccc(C#N)c3)cc12.[Br-],3410.0,intermediate,341.20799999999997,0.0007800000000000029,0.0,2.0
CHEMBL4795263,COc1cccc2cc[n+](-c3ccc(C#N)cc3)cc12.[Br-],10000.0,inactive,341.20799999999997,0.0007800000000000029,0.0,2.0
CHEMBL4798736,COc1cccc2cc[n+](-c3ccccc3C)cc12.[Br-],2890.0,intermediate,330.22499999999997,0.4375199999999997,0.0,1.0
CHEMBL4784649,COc1cccc2cc[n+](-c3cccc(C)c3)cc12.[Br-],2210.0,intermediate,330.22499999999997,0.4375199999999997,0.0,1.0
CHEMBL4800328,COc1cccc2cc[n+](-c3ccc(C)cc3)cc12.[Br-],1080.0,intermediate,330.22499999999997,0.4375199999999997,0.0,1.0
CHEMBL4785258,COc1ccccc1-[n+]1ccc2cccc(OC)c2c1.[Br-],10000.0,inactive,346.224,0.1376999999999995,0.0,2.0
CHEMBL4784748,COc1cccc(-[n+]2ccc3cccc(OC)c3c2)c1.[Br-],6900.0,intermediate,346.224,0.1376999999999997,0.0,2.0
CHEMBL4797670,COc1ccc(-[n+]2ccc3cccc(OC)c3c2)cc1.[Br-],140.0,active,346.224,0.1376999999999997,0.0,2.0
CHEMBL4788638,COc1cccc2cc[n+](-c3c(F)cccc3F)cc12.[Br-],2700.0,intermediate,352.17799999999994,0.4072999999999998,0.0,1.0
CHEMBL4786171,COc1cccc2cc[n+](-c3ccc(Cl)cc3Cl)cc12.[Br-],3420.0,intermediate,385.088,1.4359000000000002,0.0,1.0
CHEMBL4797691,COc1cccc2cc[n+](-c3cc(Cl)cc(Cl)c3)cc12.[Br-],10000.0,inactive,385.088,1.4359000000000002,0.0,1.0
CHEMBL4789238,COc1cccc2cc[n+](-c3ccc(Br)cc3Br)cc12.[Br-],570.0,active,473.99,1.6541000000000001,0.0,1.0
CHEMBL4776809,COc1cccc2cc[n+](-c3ccc(Br)cc3F)cc12.[Br-],900.0,active,413.084,1.0307000000000004,0.0,1.0
CHEMBL4791061,COc1cccc2cc[n+](-c3ccc(I)cc3F)cc12.[Br-],1230.0,intermediate,460.084,0.8728000000000002,0.0,1.0
CHEMBL4796496,Brc1ccc(-[n+]2ccc3ccccc3c2)cc1.[Br-],2390.0,intermediate,365.068,0.8830000000000002,0.0,0.0
CHEMBL3969818,COc1cccc2c1C=[N+](c1ccccc1)CC2.[Br-],1620.0,intermediate,318.21399999999994,0.01839999999999975,0.0,1.0
CHEMBL3942074,COc1cccc2c1C=[N+](c1ccccc1F)CC2.[Br-],2940.0,intermediate,336.20399999999995,0.15749999999999997,0.0,1.0
CHEMBL3893741,COc1cccc2c1C=[N+](c1cccc(F)c1)CC2.[Br-],10000.0,inactive,336.20399999999995,0.15749999999999975,0.0,1.0
CHEMBL3892652,COc1cccc2c1C=[N+](c1ccc(F)cc1)CC2.[Br-],1990.0,intermediate,336.20399999999995,0.15749999999999953,0.0,1.0
CHEMBL3970993,COc1cccc2c1C=[N+](c1ccccc1Cl)CC2.[Br-],10000.0,inactive,352.65900000000005,0.6717999999999995,0.0,1.0
CHEMBL3899601,COc1cccc2c1C=[N+](c1cccc(Cl)c1)CC2.[Br-],10000.0,inactive,352.65900000000005,0.6718,0.0,1.0
CHEMBL3914364,COc1cccc2c1C=[N+](c1ccc(Cl)cc1)CC2.[Br-],320.0,active,352.65900000000005,0.6718,0.0,1.0
CHEMBL3889812,COc1cccc2c1C=[N+](c1ccccc1Br)CC2.[Br-],1500.0,intermediate,397.11000000000007,0.7808999999999997,0.0,1.0
CHEMBL3916407,COc1cccc2c1C=[N+](c1cccc(Br)c1)CC2.[Br-],10000.0,inactive,397.11000000000007,0.7809000000000001,0.0,1.0
CHEMBL3986155,COc1cccc2c1C=[N+](c1ccc(Br)cc1)CC2.[Br-],280.0,active,397.11000000000007,0.7809000000000001,0.0,1.0
CHEMBL3925400,COc1cccc2c1C=[N+](c1ccccc1I)CC2.[Br-],1790.0,intermediate,444.11000000000007,0.623,0.0,1.0
CHEMBL3897347,COc1cccc2c1C=[N+](c1cccc(I)c1)CC2.[Br-],10000.0,inactive,444.11000000000007,0.623,0.0,1.0
CHEMBL3934295,COc1cccc2c1C=[N+](c1ccc(I)cc1)CC2.[Br-],1010.0,intermediate,444.11000000000007,0.6229999999999996,0.0,1.0
CHEMBL3906317,COc1cccc2c1C=[N+](c1ccccc1C(F)(F)F)CC2.[Br-],10000.0,inactive,386.21100000000007,1.0371999999999997,0.0,1.0
CHEMBL3943261,COc1cccc2c1C=[N+](c1cccc(C(F)(F)F)c1)CC2.[Br-],10000.0,inactive,386.21100000000007,1.0371999999999997,0.0,1.0
CHEMBL3915297,COc1cccc2c1C=[N+](c1ccc(C(F)(F)F)cc1)CC2.[Br-],1940.0,intermediate,386.211,1.0372000000000001,0.0,1.0
CHEMBL3892569,COc1cccc2c1C=[N+](c1ccccc1C#N)CC2.[Br-],10000.0,inactive,343.224,-0.10992000000000024,0.0,2.0
CHEMBL3920563,COc1cccc2c1C=[N+](c1cccc(C#N)c1)CC2.[Br-],5130.0,intermediate,343.224,-0.10992000000000024,0.0,2.0
CHEMBL3901518,COc1cccc2c1C=[N+](c1ccc(C#N)cc1)CC2.[Br-],10000.0,inactive,343.224,-0.10992000000000024,0.0,2.0
CHEMBL3897479,COc1cccc2c1C=[N+](c1ccccc1C)CC2.[Br-],3070.0,intermediate,332.241,0.32681999999999967,0.0,1.0
CHEMBL3973603,COc1cccc2c1C=[N+](c1cccc(C)c1)CC2.[Br-],2890.0,intermediate,332.241,0.32681999999999967,0.0,1.0
CHEMBL3957605,COc1cccc2c1C=[N+](c1ccc(C)cc1)CC2.[Br-],530.0,active,332.241,0.32681999999999967,0.0,1.0
CHEMBL3986315,COc1ccccc1[N+]1=Cc2c(cccc2OC)CC1.[Br-],10000.0,inactive,348.24,0.026999999999999913,0.0,2.0
CHEMBL3902616,COc1cccc([N+]2=Cc3c(cccc3OC)CC2)c1.[Br-],5230.0,intermediate,348.23999999999995,0.026999999999999913,0.0,2.0
CHEMBL3925211,COc1ccc([N+]2=Cc3c(cccc3OC)CC2)cc1.[Br-],1040.0,intermediate,348.23999999999995,0.026999999999999913,0.0,2.0
CHEMBL3981622,COc1cccc2c1C=[N+](c1c(F)cccc1F)CC2.[Br-],1290.0,intermediate,354.194,0.29659999999999975,0.0,1.0
CHEMBL3924569,COc1cccc2c1C=[N+](c1ccc(Cl)cc1Cl)CC2.[Br-],1040.0,intermediate,387.10400000000004,1.3252000000000002,0.0,1.0
CHEMBL3953893,COc1cccc2c1C=[N+](c1cc(Cl)cc(Cl)c1)CC2.[Br-],10000.0,inactive,387.10400000000004,1.3252000000000002,0.0,1.0
CHEMBL3982580,COc1cccc2c1C=[N+](c1ccc(Br)cc1Br)CC2.[Br-],3720.0,intermediate,476.0060000000001,1.5434,0.0,1.0
CHEMBL3979102,COc1cccc2c1C=[N+](c1ccc(Br)cc1F)CC2.[Br-],1290.0,intermediate,415.1000000000001,0.9199999999999999,0.0,1.0
CHEMBL3900117,COc1cccc2c1C=[N+](c1ccc(I)cc1F)CC2.[Br-],1060.0,intermediate,462.1000000000001,0.7620999999999998,0.0,1.0
CHEMBL4779440,Brc1ccc([N+]2=Cc3ccccc3CC2)cc1.[Br-],10500.0,inactive,367.084,0.7722999999999998,0.0,0.0
CHEMBL417799,C[n+]1cc2c3c(ccc2c2ccc4cc5c(cc4c21)OCO5)OCO3,1220.0,intermediate,332.33500000000015,3.4281000000000015,0.0,4.0
CHEMBL13045,COc1ccc2c(c[n+](C)c3c4cc5c(cc4ccc23)OCO5)c1OC,1450.0,intermediate,348.37800000000016,3.7166000000000032,0.0,4.0
CHEMBL3085398,C=CC(C)(C)c1cc([C@@H]2CC(=O)c3c(O)cc(O)c(CC=C(C)C)c3O2)c(O)cc1O,28980.0,inactive,424.4930000000002,5.187800000000007,4.0,6.0
CHEMBL253998,CC(C)=CCc1c(O)cc(O)c2c1O[C@H](c1ccccc1)CC2=O,6.4,active,324.3760000000001,4.313000000000003,2.0,4.0
CHEMBL4848801,COc1cc(/C=C/C(=O)N2CCN(Cc3ccccc3)CC2)ccc1O,13340.0,inactive,352.4340000000001,2.7584000000000013,1.0,4.0
CHEMBL4851290,COc1cccc(CN2CCN(C(=O)/C=C/c3ccc(O)c(OC)c3)CC2)c1,15180.0,inactive,382.46000000000015,2.7670000000000012,1.0,5.0
CHEMBL4856895,COc1ccc(CN2CCN(C(=O)/C=C/c3ccc(O)c(OC)c3)CC2)cc1,16390.0,inactive,382.46000000000015,2.7670000000000012,1.0,5.0
CHEMBL4868234,COc1cc(/C=C/C(=O)N2CCN(Cc3cccc(Cl)c3)CC2)ccc1O,15430.0,inactive,386.8790000000001,3.4118000000000026,1.0,4.0
CHEMBL4873165,COc1cc(/C=C/C(=O)N2CCN(Cc3cccc(F)c3)CC2)ccc1O,13130.0,inactive,370.4240000000001,2.897500000000002,1.0,4.0
CHEMBL4864801,COc1cc(/C=C/C(=O)N2CCN(Cc3ccc(F)cc3)CC2)ccc1O,14540.0,inactive,370.4240000000001,2.897500000000002,1.0,4.0
CHEMBL4860467,COc1cc(/C=C/C(=O)NCCC(=O)Nc2ccccc2)ccc1O,14750.0,inactive,340.379,2.5590000000000015,3.0,4.0
CHEMBL4848548,COc1cccc(NC(=O)CCNC(=O)/C=C/c2ccc(O)c(OC)c2)c1,2410.0,intermediate,370.4050000000001,2.5676000000000005,3.0,5.0
CHEMBL4856181,COc1cc(/C=C/C(=O)NCCC(=O)Nc2ccc(Cl)cc2)ccc1O,5320.0,intermediate,374.82400000000007,3.212400000000002,3.0,4.0
CHEMBL4854322,COc1cc(/C=C/C(=O)NCC(=O)NCCc2c[nH]c3ccccc23)ccc1O,1420.0,intermediate,393.44300000000004,2.3704000000000005,4.0,4.0
CHEMBL4869703,COc1ccc2[nH]cc(CCNC(=O)CNC(=O)/C=C/c3ccc(O)c(OC)c3)c2c1,960.0,active,423.4690000000001,2.3789999999999996,4.0,5.0
CHEMBL4866457,COc1cc(/C=C/C(=O)NCC(=O)NCCc2c[nH]c3ccc(Cl)cc23)ccc1O,840.0,active,427.8880000000001,3.023800000000002,4.0,4.0
CHEMBL4874576,Cc1ccc2nc3c(c(N)c2c1)CCC3.Cl,10000.0,inactive,234.72999999999996,3.0359200000000013,1.0,2.0
CHEMBL4876362,Cc1ccc2nc3c(c(N)c2c1)CCCC3.Cl,15500.0,inactive,248.75699999999995,3.4260200000000016,1.0,2.0
CHEMBL4861913,Cc1ccc2nc3c(c(N)c2c1)CCCCC3.Cl,22500.0,inactive,262.78399999999993,3.816120000000003,1.0,2.0
CHEMBL4858061,Cl.Nc1c2c(nc3ccc(Br)cc13)CCC2,5690.0,intermediate,299.59900000000016,3.490000000000001,1.0,2.0
CHEMBL4878878,Cl.Nc1c2c(nc3ccc(Br)cc13)CCCC2,4790.0,intermediate,313.6260000000002,3.8801000000000014,1.0,2.0
CHEMBL4867284,Cl.Nc1c2c(nc3ccc(Br)cc13)CCCCC2,13800.0,inactive,327.65300000000025,4.270200000000002,1.0,2.0
CHEMBL4857554,Cl.Nc1c2c(nc3ccc(Cl)cc13)CCC2,1580.0,intermediate,255.14799999999997,3.3809000000000013,1.0,2.0
CHEMBL4876686,Cl.Nc1c2c(nc3ccc(Cl)cc13)CCCC2,1940.0,intermediate,269.175,3.7710000000000017,1.0,2.0
CHEMBL4861608,Cl.Nc1c2c(nc3ccc(Cl)cc13)CCCCC2,8600.0,intermediate,283.20200000000006,4.161100000000002,1.0,2.0
CHEMBL4864954,Cl.Nc1c2c(nc3c(Cl)cc(Cl)cc13)CCC2,13100.0,inactive,289.59300000000013,4.034300000000002,1.0,2.0
CHEMBL4854565,Cl.Nc1c2c(nc3c(Cl)cc(Cl)cc13)CCCC2,4340.0,intermediate,303.6200000000002,4.424400000000002,1.0,2.0
CHEMBL4872815,Cl.Nc1c2c(nc3c(Cl)cc(Cl)cc13)CCCCC2,9040.0,intermediate,317.6470000000002,4.8145000000000024,1.0,2.0
CHEMBL4868050,Cl.Nc1c2c(nc3c(Br)cc(Br)cc13)CCC2,15100.0,inactive,378.4950000000002,4.252500000000001,1.0,2.0
CHEMBL4857870,Cl.Nc1c2c(nc3c(Br)cc(Br)cc13)CCCC2,5180.0,intermediate,392.5220000000002,4.642600000000002,1.0,2.0
CHEMBL4869162,Cl.Nc1c2c(nc3c(Br)cc(Br)cc13)CCCCC2,15100.0,inactive,406.54900000000026,5.032700000000002,1.0,2.0
CHEMBL4854713,Cl.Nc1c2c(nc3ccc(F)cc13)CCC2,662.0,active,238.69299999999996,2.866600000000001,1.0,2.0
CHEMBL4848417,Cl.Nc1c2c(nc3ccc(F)cc13)CCCC2,978.0,active,252.71999999999994,3.2567000000000013,1.0,2.0
CHEMBL4865745,Cl.Nc1c2c(nc3ccc(F)cc13)CCCCC2,624.0,active,266.74699999999996,3.6468000000000016,1.0,2.0
CHEMBL4862288,Cl.Nc1c2c(nc3cccc(Cl)c13)CCCC2,33.4,active,269.175,3.7710000000000017,1.0,2.0
CHEMBL4859173,Cl.Nc1c2c(nc3cccc(Cl)c13)CCCCC2,223000.0,inactive,283.20200000000006,4.161100000000002,1.0,2.0
CHEMBL4857969,Cc1ccc2c(N)c3c(nc2c1)CCC3.Cl,347.0,active,234.73,3.0359200000000013,1.0,2.0
CHEMBL4858901,Cc1ccc2c(N)c3c(nc2c1)CCCC3.Cl,72.0,active,248.75699999999998,3.4260200000000016,1.0,2.0
CHEMBL4845734,Cc1ccc2c(N)c3c(nc2c1)CCCCC3.Cl,104.0,active,262.78399999999993,3.816120000000003,1.0,2.0
CHEMBL4859128,Cc1cccc2nc3c(c(N)c12)CCC3.Cl,415.0,active,234.72999999999996,3.0359200000000013,1.0,2.0
CHEMBL4873501,Cc1cccc2nc3c(c(N)c12)CCCC3.Cl,125.0,active,248.75699999999995,3.4260200000000016,1.0,2.0
CHEMBL4856125,Cc1cccc2nc3c(c(N)c12)CCCCC3.Cl,255.0,active,262.78399999999993,3.816120000000003,1.0,2.0
CHEMBL4855357,COc1ccc2nc3c(c(N)c2c1)CCC3.Cl,8220.0,intermediate,250.72899999999996,2.7361000000000018,1.0,3.0
CHEMBL4872783,COc1ccc2nc3c(c(N)c2c1)CCCC3.Cl,10000.0,inactive,264.7559999999999,3.126200000000002,1.0,3.0
CHEMBL4874599,COc1ccc2nc3c(c(N)c2c1)CCCCC3.Cl,17600.0,inactive,278.7829999999999,3.5163000000000024,1.0,3.0
CHEMBL4853742,CCOC(=O)/C(=N\Nc1ccccc1)C(=O)C(F)(F)F,3220.0,intermediate,288.225,2.149,1.0,5.0
CHEMBL4849361,CCOC(=O)/C(=N\Nc1ccc(C)cc1)C(=O)C(F)(F)F,7320.0,intermediate,302.252,2.457420000000001,1.0,5.0
CHEMBL4853637,CCOC(=O)/C(=N\Nc1cccc(C)c1)C(=O)C(F)(F)F,30400.0,inactive,302.252,2.457420000000001,1.0,5.0
CHEMBL4855755,CCOC(=O)/C(=N\Nc1ccc(OC)cc1)C(=O)C(F)(F)F,4620.0,intermediate,318.251,2.1575999999999995,1.0,6.0
CHEMBL4854298,CCOC(=O)/C(=N\Nc1ccccc1[N+](=O)[O-])C(=O)C(F)(F)F,759.0,active,333.22200000000004,2.0572,1.0,7.0
CHEMBL4858186,CCOC(=O)/C(=N\Nc1ccc(F)cc1)C(=O)C(F)(F)F,2670.0,intermediate,306.215,2.2881,1.0,5.0
CHEMBL4868014,CCOC(=O)/C(=N\Nc1ccc(Br)cc1)C(=O)C(F)(F)F,1360.0,intermediate,367.12100000000004,2.911500000000001,1.0,5.0
CHEMBL4847987,CCOC(=O)/C(=N\Nc1ccccc1C(=O)OCC)C(=O)C(F)(F)F,481.0,active,360.28800000000007,2.3257000000000003,1.0,7.0
CHEMBL4856140,CCOC(=O)/C(=N\Nc1ccc(C(=O)OCC)cc1)C(=O)C(F)(F)F,3790.0,intermediate,360.288,2.3257000000000003,1.0,7.0
CHEMBL4849436,COC(=O)/C(=N\Nc1ccccc1)C(=O)C(F)(F)F,20100.0,inactive,274.198,1.7589000000000001,1.0,5.0
CHEMBL4868687,COC(=O)/C(=N\Nc1ccc(C)cc1)C(=O)C(F)(F)F,28300.0,inactive,288.22499999999997,2.06732,1.0,5.0
CHEMBL4872772,COC(=O)/C(=N\Nc1ccc(OC)cc1)C(=O)C(F)(F)F,30300.0,inactive,304.224,1.7675,1.0,6.0
CHEMBL4855838,COC(=O)/C(=N\Nc1ccccc1[N+](=O)[O-])C(=O)C(F)(F)F,20900.0,inactive,319.195,1.6671,1.0,7.0
CHEMBL1995010,Cc1ccc(S(=O)(=O)SCc2ccccc2)cc1,517.4,active,278.398,3.6171200000000026,0.0,3.0
CHEMBL4845755,Cc1ccc(S(=O)(=O)SCc2ccc(F)cc2)cc1,312.5,active,296.388,3.7562200000000026,0.0,3.0
CHEMBL4863431,Cc1ccc(S(=O)(=O)SCc2ccc(Cl)cc2)cc1,478.2,active,312.843,4.270520000000004,0.0,3.0
CHEMBL4867081,Cc1ccc(S(=O)(=O)SCc2ccc([N+](=O)[O-])cc2)cc1,212.3,active,323.39500000000004,3.5253200000000025,0.0,5.0
CHEMBL4858117,Cc1ccc(S(=O)(=O)SCc2ccc(C#N)cc2)cc1,195.7,active,303.408,3.488800000000002,0.0,4.0
CHEMBL4868918,Cc1ccc(S(=O)(=O)SCc2ccc(C(F)(F)F)cc2)cc1,86.6,active,346.395,4.635920000000003,0.0,3.0
CHEMBL4860610,Cc1ccc(S(=O)(=O)SCc2ccc(OC(F)(F)F)cc2)cc1,129.4,active,362.394,4.515720000000003,0.0,4.0
CHEMBL4875944,COc1ccc(CSS(=O)(=O)c2ccc(C)cc2)cc1,488.2,active,308.424,3.625720000000003,0.0,4.0
CHEMBL4871975,Cc1ccc(S(=O)(=O)SCc2ccc(C(C)C)cc2)cc1,11.9,active,320.47900000000004,4.7405200000000045,0.0,3.0
CHEMBL4852721,Cc1ccc(S(=O)(=O)SCc2ccc(C(C)(C)C)cc2)cc1,176.6,active,334.50600000000003,4.914620000000005,0.0,3.0
CHEMBL4874244,CC1=CC2Cc3nc4cc(Cl)ccc4c(NCCCCCNC(=O)[C@@H](N)Cc4c[nH]c5ccccc45)c3C(C1)C2.Cl.Cl,22.7,active,629.0760000000002,7.477500000000006,4.0,4.0
CHEMBL4856400,CC1=CC2Cc3nc4cc(Cl)ccc4c(NCCCCCCNC(=O)[C@@H](N)Cc4c[nH]c5ccccc45)c3C(C1)C2.Cl.Cl,11.7,active,643.1030000000003,7.867600000000005,4.0,4.0
CHEMBL4878434,CC1=CC2Cc3nc4cc(Cl)ccc4c(NCCCCCCCNC(=O)[C@@H](N)Cc4c[nH]c5ccccc45)c3C(C1)C2.Cl.Cl,12.1,active,657.1300000000003,8.257700000000002,4.0,4.0
CHEMBL4850590,COc1ccc2nc3c(c(N)c2c1)C1CC(C)=CC(C3)C1.Cl,2630.0,intermediate,316.83200000000005,4.243400000000004,1.0,3.0
CHEMBL3605361,C[n+]1ccc2c(c1)c1ccccc1n2CCCCCCCCCn1c2ccccc2c2c[n+](C)ccc21.[I-].[I-],0.33,active,744.5030000000003,0.990300000000002,0.0,0.0
CHEMBL3605356,c1ccc2c(c1)c1cnccc1n2CCCCCCCCCn1c2ccccc2c2cnccc21,80.0,active,460.62500000000017,8.123300000000006,0.0,2.0
CHEMBL4860501,CN1CCc2c(c3ccccc3n2CCC(=O)N2c3ccccc3Sc3ccccc32)C1,7800.0,intermediate,439.5840000000001,5.848800000000005,0.0,3.0
CHEMBL1712867,c1ccc(CN2CCc3[nH]c4ccccc4c3C2)cc1,20400.0,inactive,262.356,3.726200000000002,1.0,1.0
CHEMBL4859070,Fc1ccc2[nH]c3c(c2c1)CN(Cc1ccccc1)CC3,17600.0,inactive,280.34600000000006,3.865300000000002,1.0,1.0
CHEMBL4856643,Cc1ccc2[nH]c3c(c2c1)CN(Cc1ccccc1)CC3,35100.0,inactive,276.3830000000001,4.034620000000002,1.0,1.0
CHEMBL4849640,COc1ccc2[nH]c3c(c2c1)CN(Cc1ccccc1)CC3,52700.0,inactive,292.38200000000006,3.7348000000000026,1.0,2.0
CHEMBL12540,c1ccc2c(c1)[nH]c1ccncc12,21400.0,inactive,168.19899999999998,2.7161,1.0,1.0
CHEMBL4863376,Fc1ccc2[nH]c3ccncc3c2c1,11400.0,inactive,186.189,2.8552,1.0,1.0
CHEMBL261855,Cc1ccc2[nH]c3ccncc3c2c1,35400.0,inactive,182.226,3.0245200000000008,1.0,1.0
CHEMBL4846730,COc1ccc2[nH]c3ccncc3c2c1,49600.0,inactive,198.225,2.7247000000000003,1.0,2.0
CHEMBL4848411,O=C(CCn1c2ccccc2c2cnccc21)N1c2ccccc2Sc2ccccc21,2300.0,intermediate,421.5250000000001,6.409100000000004,0.0,3.0
CHEMBL4864593,O=C(CCn1c2ccncc2c2cc(F)ccc21)N1c2ccccc2Sc2ccccc21,6200.0,intermediate,439.5150000000001,6.548200000000004,0.0,3.0
CHEMBL4855045,Cc1ccc2c(c1)c1cnccc1n2CCC(=O)N1c2ccccc2Sc2ccccc21,510.0,active,435.5520000000001,6.717520000000003,0.0,3.0
CHEMBL4850585,COc1ccc2c(c1)c1cnccc1n2CCC(=O)N1c2ccccc2Sc2ccccc21,540.0,active,451.5510000000001,6.4177000000000035,0.0,4.0
CHEMBL4870561,C[n+]1ccc2c(c1)c1ccccc1n2CCC(=O)N1c2ccccc2Sc2ccccc21.[I-],2200.0,intermediate,563.4640000000002,2.842600000000001,0.0,2.0
CHEMBL4874126,C[n+]1ccc2c(c1)c1cc(F)ccc1n2CCC(=O)N1c2ccccc2Sc2ccccc21.[I-],2600.0,intermediate,581.4540000000002,2.981700000000001,0.0,2.0
CHEMBL4873748,Cc1ccc2c(c1)c1c[n+](C)ccc1n2CCC(=O)N1c2ccccc2Sc2ccccc21.[I-],1100.0,intermediate,577.4910000000001,3.1510200000000017,0.0,2.0
CHEMBL4878924,COc1ccc2c(c1)c1c[n+](C)ccc1n2CCC(=O)N1c2ccccc2Sc2ccccc21.[I-],5300.0,intermediate,593.4900000000001,2.8512000000000013,0.0,3.0
CHEMBL4850804,O=C(CCn1c2ccccc2c2c[n+](Cc3ccccc3)ccc21)N1c2ccccc2Sc2ccccc21.[Br-],2200.0,intermediate,592.5620000000001,4.353900000000004,0.0,2.0
CHEMBL596112,Cn1ccc2nc3ccccc3c-2c1.I,8700.0,intermediate,310.138,3.2961000000000023,0.0,1.0
CHEMBL4849276,C[n+]1ccc2[nH]c3ccc(F)cc3c2c1.[I-],1900.0,intermediate,328.128,-0.7113000000000003,1.0,0.0
CHEMBL4865927,Cc1ccc2[nH]c3cc[n+](C)cc3c2c1.[I-],9100.0,intermediate,324.16499999999996,-0.5419800000000004,1.0,0.0
CHEMBL4857977,COc1ccc2[nH]c3cc[n+](C)cc3c2c1.[I-],14700.0,inactive,340.164,-0.8417999999999992,1.0,1.0
CHEMBL4850464,[Br-].c1ccc(C[n+]2ccc3[nH]c4ccccc4c3c2)cc1,8600.0,intermediate,339.23600000000005,0.6609000000000014,1.0,0.0
CHEMBL807,CC12CC3CC(C)(C1)CC(N)(C3)C2,4.9,active,179.307,2.6941000000000006,1.0,1.0
CHEMBL4863598,c1ccc2oc(C3CCNCC3)cc2c1,61180.0,inactive,201.26899999999998,2.899800000000001,1.0,2.0
CHEMBL4855388,c1ccc(CN2CCC(c3cc4ccccc4o3)CC2)cc1,5070.0,intermediate,291.39400000000006,4.812400000000005,0.0,2.0
CHEMBL4873119,Oc1ccc(CN2CCC(c3cc4ccccc4o3)CC2)cc1,34890.0,inactive,307.39300000000014,4.518000000000003,1.0,3.0
CHEMBL4863754,COc1ccc(CN2CCC(c3cc4ccccc4o3)CC2)cc1OC,52780.0,inactive,351.4460000000002,4.8296000000000054,0.0,4.0
CHEMBL4871752,COc1ccc(CN2CCC(c3cc4ccccc4o3)CC2)cc1,92810.0,inactive,321.42000000000013,4.821000000000005,0.0,3.0
CHEMBL4875660,COc1ccc(OC)c(CN2CCC(c3cc4ccccc4o3)CC2)c1,23900.0,inactive,351.4460000000001,4.829600000000005,0.0,4.0
CHEMBL4855139,CCc1ccc(CN2CCC(c3cc4ccccc4o3)CC2)cc1,64230.0,inactive,319.4480000000001,5.374800000000005,0.0,2.0
CHEMBL4878578,Clc1ccc(CN2CCC(c3cc4ccccc4o3)CC2)cc1,98550.0,inactive,325.8390000000001,5.465800000000004,0.0,2.0
CHEMBL4875517,Fc1ccc(CN2CCC(c3cc4ccccc4o3)CC2)cc1,21300.0,inactive,309.3840000000001,4.951500000000005,0.0,2.0
CHEMBL4865381,O=C(c1ccccc1)c1c(C2CCN(Cc3ccccc3)CC2)oc2ccccc12,41270.0,inactive,395.5020000000001,6.043400000000005,0.0,3.0
CHEMBL4849087,COc1ccc(C(=O)c2c(C3CCN(Cc4ccccc4)CC3)oc3ccccc23)cc1,48300.0,inactive,425.52800000000013,6.052000000000006,0.0,4.0
CHEMBL4848309,COc1ccc(CN2CCC(c3oc4ccccc4c3C(=O)c3ccccc3)CC2)cc1OC,45310.0,inactive,455.55400000000026,6.060600000000006,0.0,5.0
CHEMBL4874487,COc1ccc(CN2CCC(c3oc4ccccc4c3C(=O)c3ccc(OC)c(OC)c3)CC2)cc1OC,67960.0,inactive,515.6060000000003,6.077800000000007,0.0,7.0
CHEMBL4858801,COc1ccc(OC)c(CN2CCC(c3oc4ccccc4c3C(=O)c3ccccc3)CC2)c1,58190.0,inactive,455.5540000000002,6.060600000000006,0.0,5.0
CHEMBL4848809,COc1ccc(OC)c(CN2CCC(c3oc4ccccc4c3C(=O)c3ccc(OC)c(OC)c3)CC2)c1,55410.0,inactive,515.6060000000003,6.077800000000006,0.0,7.0
CHEMBL4857748,COc1ccc(C(=O)c2c(C3CCN(Cc4cc(OC)ccc4OC)CC3)oc3ccccc23)cc1,60980.0,inactive,485.5800000000002,6.069200000000007,0.0,6.0
CHEMBL4853093,COc1ccc(CN2CCC(c3oc4ccccc4c3C(=O)c3ccccc3)CC2)cc1,97130.0,inactive,425.5280000000002,6.052000000000006,0.0,4.0
CHEMBL4845972,COc1ccc(CN2CCC(c3oc4ccccc4c3C(=O)c3ccc(OC)cc3)CC2)cc1,59730.0,inactive,455.55400000000026,6.060600000000006,0.0,5.0
CHEMBL4873162,O=C(NCC1CCN(Cc2ccccc2)CC1)c1n[nH]c2ccc(-c3cccnc3)cc12,1093.0,intermediate,425.5360000000001,4.266900000000003,2.0,4.0
CHEMBL4854572,O=C(NCC1CCN(Cc2ccccc2F)CC1)c1n[nH]c2ccc(-c3cccnc3)cc12,2176.0,intermediate,443.5260000000001,4.406000000000003,2.0,4.0
CHEMBL4870877,O=C(CC1CCN(Cc2ccccc2)CC1)Nc1n[nH]c2cc(-c3cccnc3)ccc12,509.0,active,425.5360000000002,4.865700000000004,2.0,4.0
CHEMBL4846646,O=C(CC1CCN(Cc2ccccc2F)CC1)Nc1n[nH]c2cc(-c3cccnc3)ccc12,691.0,active,443.5260000000002,5.004800000000004,2.0,4.0
CHEMBL4859041,O=C(CC1CCN(Cc2ccc(F)cc2)CC1)Nc1n[nH]c2cc(-c3cccnc3)ccc12,518.0,active,443.5260000000002,5.004800000000004,2.0,4.0
CHEMBL4851835,O=C(NCC1CCN(Cc2ccccc2)CC1)c1cncc(NC(=O)c2ccnc(NC(=O)C3CC3)c2)c1,1102.0,intermediate,512.6140000000003,3.719400000000002,3.0,6.0
CHEMBL4870746,O=C(NCC1CCN(Cc2ccccc2F)CC1)c1cncc(NC(=O)c2ccnc(NC(=O)C3CC3)c2)c1,1755.0,intermediate,530.6040000000003,3.858500000000002,3.0,6.0
CHEMBL4866150,O=C(NCC1CCN(Cc2cccc(F)c2)CC1)c1cncc(NC(=O)c2ccnc(NC(=O)C3CC3)c2)c1,2388.0,intermediate,530.6040000000003,3.858500000000002,3.0,6.0
CHEMBL4868956,O=C(NCC1CCN(Cc2ccc(F)cc2)CC1)c1cncc(NC(=O)c2ccnc(NC(=O)C3CC3)c2)c1,3029.0,intermediate,530.6040000000003,3.858500000000002,3.0,6.0
CHEMBL4865615,O=C(NCC1CCN(Cc2ccc(F)c(F)c2)CC1)c1cncc(NC(=O)c2ccnc(NC(=O)C3CC3)c2)c1,3067.0,intermediate,548.5940000000003,3.997600000000002,3.0,6.0
CHEMBL4864059,O=C(NCC1CCN(Cc2cccc(Cl)c2)CC1)c1cncc(NC(=O)c2ccnc(NC(=O)C3CC3)c2)c1,1091.0,intermediate,547.0590000000003,4.372800000000003,3.0,6.0
CHEMBL4872690,Cc1ccccc1CN1CCC(CNC(=O)c2cncc(NC(=O)c3ccnc(NC(=O)C4CC4)c3)c2)CC1,4093.0,intermediate,526.6410000000002,4.027820000000002,3.0,6.0
CHEMBL4851865,Cc1cccc(CN2CCC(CNC(=O)c3cncc(NC(=O)c4ccnc(NC(=O)C5CC5)c4)c3)CC2)c1,6364000.0,inactive,526.6410000000003,4.027820000000003,3.0,6.0
CHEMBL4857680,COc1cccc(CN2CCC(CNC(=O)c3cncc(NC(=O)c4ccnc(NC(=O)C5CC5)c4)c3)CC2)c1,10000.0,inactive,542.6400000000001,3.7280000000000015,3.0,7.0
CHEMBL4857955,O=C(Nc1cncc(C(=O)NC2CCN(Cc3ccccc3)CC2)c1)c1ccnc(NC(=O)C2CC2)c1,622.0,active,498.5870000000003,3.4718000000000018,3.0,6.0
CHEMBL4854209,O=C(Nc1cncc(C(=O)NC2CCN(Cc3cccc(Cl)c3)CC2)c1)c1ccnc(NC(=O)C2CC2)c1,2501.0,intermediate,533.0320000000002,4.125200000000002,3.0,6.0
CHEMBL4853675,O=C(NCCC1CCN(Cc2cccc(Cl)c2)CC1)c1cncc(NC(=O)c2cccc(NC(=O)C3CC3)c2)c1,4392.0,intermediate,560.0980000000002,5.367900000000005,3.0,5.0
CHEMBL4863960,O=C(Nc1cncc(OCC2CCN(Cc3ccccc3)CC2)c1)c1ccnc(NC(=O)C2CC2)c1,2.6,active,485.58800000000025,4.368400000000003,2.0,6.0
CHEMBL4865061,O=C(Nc1cncc(OCC2CCN(Cc3ccccc3F)CC2)c1)c1ccnc(NC(=O)C2CC2)c1,4.7,active,503.57800000000026,4.507500000000004,2.0,6.0
CHEMBL4873612,O=C(Nc1cncc(OCC2CCN(Cc3ccc(F)cc3)CC2)c1)c1ccnc(NC(=O)C2CC2)c1,1.0,active,503.57800000000026,4.507500000000004,2.0,6.0
CHEMBL4867249,O=C(Nc1cncc(OCC2CCN(Cc3ccccc3Cl)CC2)c1)c1ccnc(NC(=O)C2CC2)c1,81.6,active,520.0330000000002,5.021800000000004,2.0,6.0
CHEMBL4855714,O=C(Nc1cncc(OC2CCN(Cc3ccccc3)CC2)c1)c1ccnc(NC(=O)C2CC2)c1,10000.0,inactive,471.56100000000026,4.120800000000003,2.0,6.0
CHEMBL4875903,CC(=O)Nc1cc(C(=O)Nc2cncc(OCC3CCN(Cc4ccc(F)cc4)CC3)c2)ccn1,9.0,active,477.54000000000025,4.1174000000000035,2.0,6.0
CHEMBL4855201,O=C(Nc1cccc(OCC2CCN(Cc3ccccc3)CC2)c1)c1ccnc(NC(=O)C2CC2)c1,1394.0,intermediate,484.60000000000025,4.973400000000004,2.0,5.0
CHEMBL4877556,CC(=O)Nc1cc(C(=O)Nc2cccc(OCC3CCN(Cc4ccccc4)CC3)c2)ccn1,10000.0,inactive,458.56200000000024,4.583300000000004,2.0,5.0
CHEMBL4870273,O=C(NCC1CCN(Cc2cccc(Cl)c2)CC1)c1cncc(NC(=O)c2ccnc3[nH]ccc23)c1,1306.0,intermediate,503.00600000000026,4.505600000000003,3.0,5.0
CHEMBL4862811,O=C(NC1CCN(Cc2ccccc2)CC1)c1cncc(NC(=O)c2ccnc3[nH]ccc23)c1,358.0,active,454.53400000000016,3.6046000000000014,3.0,5.0
CHEMBL4849828,O=C(NC1CCN(Cc2ccc(F)cc2)CC1)c1cncc(NC(=O)c2ccnc3[nH]ccc23)c1,227.0,active,472.52400000000017,3.7437000000000014,3.0,5.0
CHEMBL4877175,O=C(Nc1cncc(OCC2CCN(Cc3ccccc3)CC2)c1)c1ccnc2[nH]ccc12,3.9,active,441.53500000000014,4.501200000000003,2.0,5.0
CHEMBL4849687,COc1ccc2[nH]cc(CCNC(=O)Cn3cc(CN4CCc5cc(OC)c(OC)cc5C4CCCN4C(=O)c5ccccc5C4=O)nn3)c2c1,39900.0,inactive,691.7890000000002,4.319900000000003,2.0,9.0
CHEMBL4850061,COc1ccc2[nH]c(CCNC(=O)Cn3cc(CCCCN4CCc5cc(OC)c(OC)cc5C4CCCN4C(=O)c5ccccc5C4=O)nn3)cc2c1,173900.0,inactive,733.8700000000002,5.142600000000004,2.0,9.0
CHEMBL4864004,COc1ccc2[nH]c(CCNC(=O)CCCn3cc(CCCCN4CCc5cc(OC)c(OC)cc5C4CCCN4C(=O)c5ccccc5C4=O)nn3)cc2c1,158600.0,inactive,761.924,5.922800000000007,2.0,9.0
CHEMBL4866752,COc1ccc2[nH]cc(CCNC(=O)Cn3cc(CCCCN(C)CCCC4c5cc(OC)c(OC)cc5CCN4C)nn3)c2c1,2200.0,intermediate,631.8220000000001,4.408000000000004,2.0,8.0
CHEMBL4854555,COc1ccc2[nH]cc(CCNC(=O)Cn3cc(CN4CC[C@@]56C=C[C@H](O)C[C@@H]5Oc5c(OC)ccc(c56)C4)nn3)c2c1,5412.0,intermediate,584.6770000000001,2.8609999999999998,3.0,8.0
CHEMBL4845956,COc1ccc2[nH]cc(CCNC(=O)CCCCn3cc(CN4CC[C@@]56C=C[C@H](O)C[C@@H]5Oc5c(OC)ccc(c56)C4)nn3)c2c1,1002.0,intermediate,626.758,4.031300000000003,3.0,8.0
CHEMBL4871815,COc1ccc2c3c1O[C@H]1C[C@@H](O)C=C[C@@]31CCN(CCCCc1cn(CC(=O)NCCc3c[nH]c4ccccc34)nn1)C2,138.0,active,596.7320000000002,3.6751000000000014,3.0,7.0
CHEMBL4855760,COc1ccc2c3c1O[C@H]1C[C@@H](O)C=C[C@@]31CCN(CCCCc1cn(CCCC(=O)NCCc3c[nH]c4ccccc34)nn1)C2,120.0,active,624.7860000000003,4.455300000000004,3.0,7.0
CHEMBL4869432,COc1ccc2c3c1O[C@H]1C[C@@H](O)C=C[C@@]31CCN(CCCCc1cn(CCCCC(=O)NCCc3c[nH]c4ccccc34)nn1)C2,31.0,active,638.8130000000003,4.845400000000004,3.0,7.0
CHEMBL4852686,COc1ccc2[nH]cc(CCNC(=O)Cn3cc(CCCCN4CC[C@@]56C=C[C@H](O)C[C@@H]5Oc5c(OC)ccc(c56)C4)nn3)c2c1,23.0,active,626.7580000000002,3.6837000000000026,3.0,8.0
CHEMBL4849427,COc1ccc2[nH]cc(CCNC(=O)CCCCn3cc(CCCCN4CC[C@@]56C=C[C@H](O)C[C@@H]5Oc5c(OC)ccc(c56)C4)nn3)c2c1,18.0,active,668.839,4.8540000000000045,3.0,8.0
CHEMBL4853244,Cn1cc2cc(-c3ccc(N[C@H]4C[C@@H]5CN(CC6CCOCC6)C[C@@H]5C4)nn3)ccc2n1,10000.0,inactive,432.57200000000023,3.579200000000003,1.0,6.0
CHEMBL4851711,Fc1ccccc1-c1ccc(N[C@H]2C[C@@H]3CN(CC4CCOCC4)C[C@@H]3C2)nn1,1.7,active,396.5100000000003,3.8316000000000026,1.0,5.0
CHEMBL4866930,CC1=CC2Cc3nc4cc(Cl)ccc4c(NCCCCCCCCCNC(=O)c4ccc[nH]c4=O)c3C(C1)C2,1.82,active,547.1430000000004,7.1451000000000064,3.0,4.0
CHEMBL4862716,CC1=CC2Cc3nc4cc(Cl)ccc4c(NCCCCCCCCCNS(=O)(=O)c4cn[nH]c4)c3C(C1)C2,2.4,active,556.1760000000003,6.728400000000005,3.0,5.0
CHEMBL4859103,CC1=CC2Cc3nc4cc(Cl)ccc4c(NCCCCCCCCCNC(=O)c4cc(O)cc(O)c4)c3C(C1)C2,2.57,active,562.1540000000003,7.868000000000007,4.0,5.0
CHEMBL4863615,CC1=CC2Cc3nc4cc(Cl)ccc4c(NCCCCCCCCC(=O)Nc4cn[nH]c4)c3C(C1)C2,2.39,active,506.0940000000005,7.388600000000006,3.0,4.0
CHEMBL4854913,CC1=CC2Cc3nc4cc(Cl)ccc4c(NCCCCCCCCC(=O)N4CCNC(=O)C4)c3C(C1)C2,0.41,active,523.1210000000005,5.985200000000004,2.0,4.0
CHEMBL4848527,CC1=CC2Cc3nc4cc(Cl)ccc4c(NCCCCCCCCC(=O)NCc4cc[nH]c(=O)c4)c3C(C1)C2,0.63,active,547.1430000000004,7.0315000000000065,3.0,4.0
CHEMBL4872514,COc1cc(CNC(=O)CCCCCCCCNc2c3c(nc4cc(Cl)ccc24)CC2C=C(C)CC3C2)ccn1,1.25,active,561.1700000000002,7.7468000000000075,2.0,5.0
CHEMBL4210016,CO[C@H]1C[C@H]2C(=C[C@@H]1O)[C@H]1CN2Cc2cc3c(cc21)OCO3,100000.0,inactive,301.34200000000004,1.4026999999999998,1.0,5.0
CHEMBL5076593,CO[C@H]1C[C@H]2C(=C[C@@H]1OC(=O)c1ccccc1)[C@H]1CN2Cc2cc3c(cc21)OCO3,100000.0,inactive,405.4500000000003,3.267400000000002,0.0,6.0
CHEMBL5090722,CO[C@H]1C[C@H]2C(=C[C@@H]1OC(=O)c1ccccc1C)[C@H]1CN2Cc2cc3c(cc21)OCO3,100000.0,inactive,419.47700000000026,3.575820000000002,0.0,6.0
CHEMBL5081301,CO[C@H]1C[C@H]2C(=C[C@@H]1OC(=O)c1cccc(C)c1)[C@H]1CN2Cc2cc3c(cc21)OCO3,100000.0,inactive,419.47700000000026,3.575820000000002,0.0,6.0
CHEMBL5080499,CO[C@H]1C[C@H]2C(=C[C@@H]1OC(=O)c1ccc(C)cc1)[C@H]1CN2Cc2cc3c(cc21)OCO3,100000.0,inactive,419.47700000000026,3.575820000000002,0.0,6.0
CHEMBL5072956,COc1ccccc1C(=O)O[C@H]1C=C2[C@H]3CN(Cc4cc5c(cc43)OCO5)[C@H]2C[C@@H]1OC,100000.0,inactive,435.4760000000002,3.2760000000000016,0.0,7.0
CHEMBL5078674,COc1cccc(C(=O)O[C@H]2C=C3[C@H]4CN(Cc5cc6c(cc54)OCO6)[C@H]3C[C@@H]2OC)c1,100000.0,inactive,435.4760000000002,3.2760000000000016,0.0,7.0
CHEMBL5077963,COc1ccc(C(=O)O[C@H]2C=C3[C@H]4CN(Cc5cc6c(cc54)OCO6)[C@H]3C[C@@H]2OC)cc1,100000.0,inactive,435.4760000000002,3.2760000000000016,0.0,7.0
CHEMBL5069654,COc1ccc(C(=O)O[C@H]2C=C3[C@H]4CN(Cc5cc6c(cc54)OCO6)[C@H]3C[C@@H]2OC)cc1OC,100000.0,inactive,465.5020000000003,3.284600000000002,0.0,8.0
CHEMBL5082296,CO[C@H]1C[C@H]2C(=C[C@@H]1OC(=O)c1ccccc1[N+](=O)[O-])[C@H]1CN2Cc2cc3c(cc21)OCO3,100000.0,inactive,450.44700000000034,3.175600000000002,0.0,8.0
CHEMBL5076903,CO[C@H]1C[C@H]2C(=C[C@@H]1OC(=O)c1cccc([N+](=O)[O-])c1)[C@H]1CN2Cc2cc3c(cc21)OCO3,100000.0,inactive,450.4470000000003,3.175600000000002,0.0,8.0
CHEMBL5078705,CO[C@H]1C[C@H]2C(=C[C@@H]1OC(=O)c1ccc([N+](=O)[O-])cc1)[C@H]1CN2Cc2cc3c(cc21)OCO3,100000.0,inactive,450.4470000000003,3.175600000000002,0.0,8.0
CHEMBL5083797,CO[C@H]1C[C@H]2C(=C[C@@H]1OC(=O)c1cc([N+](=O)[O-])cc([N+](=O)[O-])c1)[C@H]1CN2Cc2cc3c(cc21)OCO3,13060.0,inactive,495.44400000000036,3.083800000000001,0.0,10.0
CHEMBL5087321,CO[C@H]1C[C@H]2C(=C[C@@H]1OC(=O)c1ccc(Cl)c([N+](=O)[O-])c1)[C@H]1CN2Cc2cc3c(cc21)OCO3,1610.0,intermediate,484.89200000000034,3.8290000000000033,0.0,8.0
CHEMBL5075459,CO[C@H]1C[C@H]2C(=C[C@@H]1OC(=O)c1ccc(C)c([N+](=O)[O-])c1)[C@H]1CN2Cc2cc3c(cc21)OCO3,4320.0,intermediate,464.47400000000033,3.484020000000002,0.0,8.0
CHEMBL5091842,CO[C@H]1C[C@H]2C(=C[C@@H]1OC(=O)c1cc([N+](=O)[O-])ccc1Cl)[C@H]1CN2Cc2cc3c(cc21)OCO3,3180.0,intermediate,484.89200000000034,3.8290000000000033,0.0,8.0
CHEMBL5078153,CO[C@H]1C[C@H]2C(=C[C@@H]1OC(=O)c1ccc([N+](=O)[O-])cc1Cl)[C@H]1CN2Cc2cc3c(cc21)OCO3,100000.0,inactive,484.89200000000034,3.8290000000000033,0.0,8.0
CHEMBL5084173,CO[C@H]1C[C@H]2C(=C[C@@H]1OC(=O)c1cc(Br)cc([N+](=O)[O-])c1)[C@H]1CN2Cc2cc3c(cc21)OCO3,100000.0,inactive,529.3430000000003,3.938100000000003,0.0,8.0
CHEMBL5087001,CO[C@H]1C[C@H]2C(=C[C@@H]1OC(=O)c1ccco1)[C@H]1CN2Cc2cc3c(cc21)OCO3,100000.0,inactive,395.41100000000023,2.860400000000001,0.0,7.0
CHEMBL5077463,CO[C@H]1C[C@H]2C(=C[C@@H]1OC(=O)c1ccoc1)[C@H]1CN2Cc2cc3c(cc21)OCO3,100000.0,inactive,395.41100000000023,2.860400000000001,0.0,7.0
CHEMBL5077388,CO[C@H]1C[C@H]2C(=C[C@@H]1OC(=O)c1cccs1)[C@H]1CN2Cc2cc3c(cc21)OCO3,100000.0,inactive,411.47900000000027,3.3289000000000017,0.0,7.0
CHEMBL5079347,CO[C@H]1C[C@H]2C(=C[C@@H]1OC(=O)N1CCCCC1)[C@H]1CN2Cc2cc3c(cc21)OCO3,100000.0,inactive,412.4860000000002,3.0329000000000015,0.0,6.0
CHEMBL5090057,CO[C@H]1C[C@H]2C(=C[C@@H]1OC(=O)C1CCCCC1)[C@H]1CN2Cc2cc3c(cc21)OCO3,100000.0,inactive,411.4980000000002,3.5339000000000027,0.0,6.0
CHEMBL5088074,CO[C@H]1C[C@H]2C(=C[C@@H]1OCCN1CCCCC1)[C@H]1CN2Cc2cc3c(cc21)OCO3,100000.0,inactive,412.5300000000002,2.9129000000000014,0.0,6.0
CHEMBL1221863,CO[C@H]1C=C2[C@H]3CN(Cc4cc5c(cc43)OCO5)[C@H]2C[C@@H]1O,100000.0,inactive,301.34200000000004,1.4027,1.0,5.0
CHEMBL5079878,CO[C@H]1C=C2[C@H]3CN(Cc4cc5c(cc43)OCO5)[C@H]2C[C@@H]1OC(=O)c1ccc(C)c([N+](=O)[O-])c1,100000.0,inactive,464.4740000000003,3.484020000000003,0.0,8.0
CHEMBL5077601,CO[C@H]1C=C2[C@H]3CN(Cc4cc5c(cc43)OCO5)[C@H]2C[C@@H]1OC(=O)c1ccc(Cl)c([N+](=O)[O-])c1,100000.0,inactive,484.8920000000003,3.8290000000000033,0.0,8.0
CHEMBL5090352,CO[C@H]1C=C2[C@H]3CN(Cc4cc5c(cc43)OCO5)[C@H]2C[C@@H]1OC(=O)c1ccc([N+](=O)[O-])cc1Cl,100000.0,inactive,484.8920000000003,3.8290000000000033,0.0,8.0
CHEMBL5086626,CO[C@H]1C=C2[C@H]3CN(Cc4cc5c(cc43)OCO5)[C@H]2C[C@@H]1OC(=O)c1cc([N+](=O)[O-])ccc1Cl,100000.0,inactive,484.8920000000003,3.8290000000000033,0.0,8.0
CHEMBL5070022,CO[C@H]1C=C2[C@H]3CN(Cc4cc5c(cc43)OCO5)[C@H]2C[C@@H]1OC(=O)N1CCCCC1,100000.0,inactive,412.48600000000033,3.0329000000000015,0.0,6.0
CHEMBL5074625,O=C(O[C@H]1CN2Cc3cc4c(cc3[C@]13C=C[C@@H](O)C[C@H]23)OCO4)c1cccc([N+](=O)[O-])c1,4000.0,intermediate,436.4200000000002,2.3055000000000003,1.0,8.0
CHEMBL5089535,O=C(O[C@H]1CN2Cc3cc4c(cc3[C@]13C=C[C@@H](O)C[C@H]23)OCO4)c1ccccc1Cl,13000.0,inactive,425.86800000000017,3.0507000000000017,1.0,6.0
CHEMBL5090336,COc1ccccc1C(=O)O[C@H]1CN2Cc3cc4c(cc3[C@]13C=C[C@@H](O)C[C@H]23)OCO4,90000.0,inactive,421.4490000000001,2.4059,1.0,7.0
CHEMBL5086177,O=C(O[C@@H]1C=C[C@]23CCN(Cc4cc5c(cc42)OCO5)[C@H]3C1)c1ccccc1[N+](=O)[O-],60000.0,inactive,420.4210000000001,3.3347000000000016,0.0,7.0
CHEMBL5079168,Cc1ccccc1C(=O)O[C@@H]1C=C[C@]23CCN(Cc4cc5c(cc42)OCO5)[C@H]3C1,100000.0,inactive,389.4510000000002,3.7349200000000025,0.0,5.0
CHEMBL5088077,COc1c2c(cc3c1OCO3)[C@]13C=C[C@H](OC)C[C@H]1N(C2)C[C@H]3OC(=O)c1cccc2ccccc12,100000.0,inactive,485.53600000000023,4.213200000000004,0.0,7.0
CHEMBL5089821,COc1cc2c(c(CO)c1OC)C[C@H]1c3c(cc4c(c3OC)OCO4)CC[N+]1=C2.O=C([O-])C(F)(F)F,66600.0,inactive,511.4490000000003,1.516899999999999,1.0,8.0
CHEMBL5076804,COc1cc2c(c3c1OCOC3)C[C@H]1c3c(cc4c(c3OC)OCO4)CC[N+]1=C2.O=C([O-])C(F)(F)F,18900.0,inactive,509.4330000000003,1.8824999999999996,0.0,8.0
CHEMBL5080190,COc1cc2c[n+]3c(cc2c(CO)c1OC)-c1c(cc2c(c1OC)OCO2)CC3,20000.0,inactive,396.41900000000027,2.597200000000001,1.0,6.0
CHEMBL5085317,COc1cc2c(c3c1OCOC3)C[C@H]1c3c(cc4c(c3OC)OCO4)CCN1C2,19900.0,inactive,397.42700000000025,2.9545000000000012,0.0,7.0
CHEMBL5083432,COc1c(-c2ccc(O)cc2)cc2oc3cc(O)c(O)cc3c2c1O,16000.0,inactive,338.31500000000005,4.084000000000004,4.0,6.0
CHEMBL1081032,CN1c2ccc(OC(=O)NCC3CCCCC3)cc2[C@]2(C)CCN(CCc3ccccc3)[C@H]12,1.8,active,447.6230000000002,5.337300000000006,1.0,4.0
CHEMBL5090683,CCNC(=O)Oc1ccc2c(c1)[C@]1(C)CCOC1O2,6.0,active,263.29299999999995,2.1914,1.0,4.0
CHEMBL1242981,CC(C)c1ccc(NC(=O)Oc2ccc3c(c2)[C@]2(C)CCOC2O3)cc1,27.0,active,353.4180000000001,4.817400000000005,1.0,4.0
CHEMBL1081031,CN1c2ccc(OC(=O)NC3CCCCC3)cc2[C@]2(C)CCN(CCc3ccccc3)[C@H]12,22.0,active,433.5960000000002,5.089700000000005,1.0,4.0
CHEMBL5082250,N#Cc1ccc2[nH]cc(CCCCN3CCN(c4ccc(C(=O)CCC5CCN(Cc6ccccc6)CC5)cc4)CC3)c2c1,0.58,active,587.8120000000002,7.059580000000008,1.0,5.0
CHEMBL5083014,Cc1c(C)c2ccc(OCC3CCCN(Cc4cccc(F)c4)C3)cc2oc1=O,1200.0,intermediate,395.4740000000001,4.839940000000005,0.0,4.0
CHEMBL5072382,Cc1c(C)c2ccc(OCC3CCCN(CCCC(F)F)C3)cc2oc1=O,480.0,active,379.447,4.545940000000004,0.0,4.0
CHEMBL5090504,Cc1c(C)c2ccc(OCC3CCN(Cc4cccc(F)c4)CC3)cc2oc1=O,460.0,active,395.47400000000016,4.839940000000005,0.0,4.0
CHEMBL5085674,Cc1c(C)c2ccc(OCC3CCN(Cc4cccc(C(F)(F)F)c4)CC3)cc2oc1=O,470.0,active,445.48100000000017,5.719640000000005,0.0,4.0
CHEMBL5081574,Cc1c(C)c2ccc(OCC3CCN(CCCC(F)F)CC3)cc2oc1=O,1200.0,intermediate,379.4470000000001,4.545940000000004,0.0,4.0
CHEMBL5081663,CCN(CCCOc1ccc2c(C)c(C)c(=O)oc2c1)Cc1cccc(F)c1,1200.0,intermediate,383.4630000000001,4.839940000000005,0.0,4.0
CHEMBL5094348,Cc1c(C)c2ccc(OCCCN(Cc3cccc(F)c3)C(C)C)cc2oc1=O,910.0,active,397.4900000000001,5.228440000000005,0.0,4.0
CHEMBL5083737,Cc1c(C)c2ccc(OCc3cccc(CN(C)CCCC(F)F)c3)cc2oc1=O,1700.0,intermediate,415.48000000000013,5.465940000000005,0.0,4.0
CHEMBL5078658,Cc1c(C)c2ccc(OCc3ccc(CN(C)CCCC(F)F)cc3)cc2oc1=O,1500.0,intermediate,415.4800000000001,5.465940000000006,0.0,4.0
CHEMBL5082824,CN(CCCC(F)F)Cc1ccc(COc2ccc3c(CO)cc(=O)oc3c2)cc1,550.0,active,417.45200000000017,4.341400000000004,1.0,5.0
CHEMBL5090153,CN(Cc1ccc(COc2ccc3c(CO)cc(=O)oc3c2)cc1)Cc1cccc(F)c1,330.0,active,433.47900000000016,4.635400000000004,1.0,5.0
CHEMBL3586771,CN(Cc1ccccc1)Cc1ccc(COc2ccc3c(CO)cc(=O)oc3c2)cc1,120.0,active,415.48900000000015,4.496300000000005,1.0,5.0
CHEMBL5083613,CN(Cc1ccccc1)Cc1ccc(COc2ccc3c(C(F)F)cc(=O)oc3c2)cc1,560.0,active,435.4700000000001,5.941600000000005,0.0,4.0
CHEMBL4453856,Cc1c(C)c2ccc(OCC3CCCN(CCCO)C3)cc2oc1=O,1100.0,intermediate,345.439,2.883040000000001,1.0,5.0
CHEMBL4571763,Cc1c(C)c2ccc(OCC3CCCN(Cc4ccccc4)C3)cc2oc1=O,840.0,active,377.4840000000001,4.700840000000005,0.0,4.0
CHEMBL4598256,Cc1c(C)c2ccc(OCC3CCN(Cc4ccccc4)CC3)cc2oc1=O,380.0,active,377.48400000000015,4.700840000000005,0.0,4.0
CHEMBL5079544,CN(CCCO)Cc1ccc(COc2ccc3c(CO)cc(=O)oc3c2)cc1,2200.0,intermediate,383.44400000000013,2.6785000000000005,2.0,6.0
CHEMBL5084128,OC[C@H]1O[C@@H](OCCCc2ccc(O)c(/C=N/O)n2)[C@H](O)[C@@H](O)[C@@H]1O,140000.0,inactive,358.34700000000004,-1.6555999999999993,6.0,10.0
CHEMBL5069796,OC[C@H]1O[C@@H](OCCCCc2cn(CCCc3ccc(O)c(/C=N/O)n3)nn2)[C@H](O)[C@@H](O)[C@@H]1O,1600000.0,inactive,481.50600000000003,-1.041199999999998,6.0,12.0
CHEMBL5088176,OC[C@H]1O[C@@H](OCCCCc2cn(CCCCc3ccc(O)c(/C=N/O)n3)nn2)[C@H](O)[C@@H](O)[C@@H]1O,580000.0,inactive,495.533,-0.651099999999998,6.0,12.0
CHEMBL5080685,COC(=O)c1c(CCCCCCCCNc2c3c(nc4ccccc24)CCCC3)cccc1OC,20.8,active,474.64500000000027,6.904000000000007,1.0,5.0
CHEMBL5078555,COC(=O)c1c(CCCCCCCCNc2c3c(nc4cc(Cl)ccc24)CCCC3)cccc1OC,2.54,active,509.0900000000003,7.5574000000000074,1.0,5.0
CHEMBL5084379,COC(=O)c1c(CCCCCCCCNc2c3c(nc4ccc(OC)cc24)CCCC3)cccc1OC,1260.0,intermediate,504.67100000000033,6.912600000000008,1.0,6.0
CHEMBL5091660,COc1cccc(CCCCCCCCNc2c3c(nc4ccccc24)CCCC3)c1,40.0,active,416.6090000000002,7.117400000000007,1.0,3.0
CHEMBL5088557,COc1cccc(CCCCCCCCNc2c3c(nc4cc(Cl)ccc24)CCCC3)c1,5.71,active,451.05400000000026,7.770800000000007,1.0,3.0
CHEMBL5088541,COc1cc(CCCCCCCCNc2c3c(nc4ccccc24)CCCC3)cc(OC)c1,47.2,active,446.6350000000003,7.126000000000007,1.0,4.0
CHEMBL5077234,COc1cc(CCCCCCCCNc2c3c(nc4cc(Cl)ccc24)CCCC3)cc(OC)c1,5.1,active,481.0800000000003,7.779400000000008,1.0,4.0
CHEMBL5092094,COC(=O)c1c(O)cccc1CCCCCCCCNc1c2c(nc3ccccc13)CCCC2,17.0,active,460.6180000000002,6.601000000000006,2.0,5.0
CHEMBL5082773,COC(=O)c1c(O)cccc1CCCCCCCCNc1c2c(nc3cc(Cl)ccc13)CCCC2,2.81,active,495.0630000000003,7.254400000000006,2.0,5.0
CHEMBL5087646,O=C(O)c1c(O)cccc1CCCCCCCCNc1c2c(nc3ccccc13)CCCC2,184.0,active,446.5910000000002,6.512600000000006,3.0,4.0
CHEMBL5078914,O=C(O)c1c(O)cccc1CCCCCCCCNc1c2c(nc3cc(Cl)ccc13)CCCC2,13.4,active,481.03600000000023,7.166000000000007,3.0,4.0
CHEMBL5073819,Oc1cccc(CCCCCCCCNc2c3c(nc4ccccc24)CCCC3)c1,19.2,active,402.58200000000016,6.814400000000006,2.0,3.0
CHEMBL5072428,Oc1cccc(CCCCCCCCNc2c3c(nc4cc(Cl)ccc24)CCCC3)c1,4.19,active,437.0270000000002,7.467800000000007,2.0,3.0
CHEMBL5092058,Cc1cn([C@H](C)CC#N)c(=O)c2cc(Cn3nc(C(F)F)cc3Cl)nn12,10000.0,inactive,380.78600000000006,3.1149000000000013,0.0,4.0
CHEMBL4552675,COc1ccc2nc3c(c(NCCCCCCCCN(CC(=O)Nc4ccc5ccccc5c4)C(=O)/C=C/c4ccc(O)c(OC)c4)c2c1)CCCC3,22.2,active,714.9069999999999,8.922800000000002,3.0,7.0
CHEMBL5199151,COC(=O)/C=C/c1ccc(OCCCCCN2CCN(CC(=O)Nc3c4c(nc5ccccc35)CCCC4)CC2)c(OC)c1,61.7,active,600.7600000000001,5.113800000000005,1.0,8.0
CHEMBL5177936,COc1cc(/C=C/C(=O)OCCCCCN(C)Cc2cccc(OC(=O)N(C)C)c2)ccc1O,19.7,active,470.56600000000014,4.319900000000005,1.0,7.0
CHEMBL5187221,C[N+](C)(C)CCNC(=O)/C=C/c1ccc(O)c(O)c1,7300.0,intermediate,265.333,0.9333999999999998,3.0,3.0
CHEMBL5190569,COc1cc(/C=C/c2nnc(-c3ccc(C(F)(F)F)cc3)o2)ccc1O,68.0,active,362.307,4.640000000000003,1.0,5.0
CHEMBL5197518,COc1cc(/C=C/c2nnc(-c3ccc(OC(F)(F)F)cc3)o2)ccc1O,92.0,active,378.30600000000004,4.519800000000003,1.0,6.0
CHEMBL5171929,COc1ccc(/C=C/C(=O)Nc2cc[n+](Cc3cccc(F)c3)cc2)cc1OC.[Br-],19.2,active,473.3420000000001,0.8346,1.0,3.0
CHEMBL5206601,COc1ccc(/C=C/C(=O)Nc2cc[n+](Cc3ccc(F)cc3)cc2)cc1OC.[Br-],8.6,active,473.3420000000001,0.8346,1.0,3.0
CHEMBL5188541,COc1ccc2cc3[n+](cc2c1OC)CCc1cc(O)c(O)cc1-3.[Br-],7800.0,intermediate,404.26,-0.21719999999999995,2.0,4.0
CHEMBL5183944,Oc1cc2c(cc1O)-c1cc3ccc(O)c(O)c3c[n+]1CC2.[Br-],2300.0,intermediate,376.2060000000001,-0.8231999999999999,4.0,4.0
CHEMBL5194876,CC(=O)O[C@@H]1C[C@@]2(C)Oc3cc(C)oc(=O)c3C[C@@H]2[C@@]2(C)C=CC(=O)C(C)(C)[C@H]12,13600.0,inactive,400.4710000000001,3.381020000000002,0.0,6.0
CHEMBL464427,CCN(CC)Cc1ccc(/C=C2\Cc3cc(OC)c(OC)cc3C2=O)cc1,63.0,active,365.47300000000007,4.368000000000004,0.0,4.0
CHEMBL5206198,CCN(CC)Cc1ccc(C=C2Cc3cc(OC)c(OC)cc3C2=O)cc1,253.0,active,365.47300000000007,4.368000000000004,0.0,4.0
CHEMBL5181301,CCN(CC)Cc1ccc(/C=C2\Cc3ccccc3C2=O)cc1,612.0,active,305.42100000000005,4.350800000000004,0.0,2.0
CHEMBL5178629,CCN(CC)Cc1ccc(C=C2Cc3ccccc3C2=O)cc1,1310.0,intermediate,305.42100000000005,4.350800000000004,0.0,2.0
CHEMBL5207442,CCN(CC)Cc1ccc(/C=C2\Cc3cc(OC)ccc3C2=O)cc1,113.0,active,335.44700000000006,4.3594000000000035,0.0,3.0
CHEMBL5185134,CCN(CC)Cc1ccc(C=C2Cc3cc(OC)ccc3C2=O)cc1,505.0,active,335.44700000000006,4.3594000000000035,0.0,3.0
CHEMBL5209347,CCN(CC)Cc1ccc(/C=C2/Cc3cc(OC)ccc3C2=O)cc1,1150.0,intermediate,335.44700000000006,4.3594000000000035,0.0,3.0
CHEMBL5183930,CCN(CC)Cc1ccc(/C=C2\Cc3ccc(OC)cc3C2=O)cc1,964.0,active,335.44700000000006,4.3594000000000035,0.0,3.0
CHEMBL5204407,CCN(CC)Cc1ccc(C=C2Cc3ccc(OC)cc3C2=O)cc1,1100.0,intermediate,335.44700000000006,4.3594000000000035,0.0,3.0
CHEMBL5169783,CC(=O)N1N=C(c2ccc(-c3ccccc3)cc2)CC1c1ccccc1,1328000.0,inactive,340.42600000000004,5.051200000000004,0.0,2.0
CHEMBL5179832,CC(=O)N1N=C(c2ccc(-c3ccccc3)cc2)CC1c1ccccc1[N+](=O)[O-],640.0,active,385.4230000000001,4.959400000000004,0.0,4.0
CHEMBL5175686,CC(=O)N1N=C(c2ccc(-c3ccccc3)cc2)CC1c1cccc([N+](=O)[O-])c1,1028000.0,inactive,385.4230000000001,4.959400000000004,0.0,4.0
CHEMBL5182185,CC(=O)N1N=C(c2ccc(-c3ccccc3)cc2)CC1c1ccc([N+](=O)[O-])cc1,1556000.0,inactive,385.4230000000001,4.959400000000004,0.0,4.0
CHEMBL5171946,CC(=O)N1N=C(c2ccc(-c3ccccc3)cc2)CC1c1ccc(C(=O)O)cc1,1541000.0,inactive,384.4350000000001,4.749400000000004,1.0,3.0
CHEMBL5208439,COc1ccc(OC)c(C2CC(c3ccc(-c4ccccc4)cc3)=NN2C(C)=O)c1,1421000.0,inactive,400.47800000000007,5.068400000000005,0.0,4.0
CHEMBL5169502,COc1ccc(C2CC(c3ccc(-c4ccccc4)cc3)=NN2C(C)=O)cc1OC,1426000.0,inactive,400.4780000000002,5.068400000000006,0.0,4.0
CHEMBL5188500,CC(=O)N1N=C(c2ccc(-c3ccccc3)cc2)CC1c1ccc2c(c1)OCO2,988.0,active,384.4350000000002,4.779900000000004,0.0,4.0
CHEMBL5197832,CC(=O)N1N=C(c2ccc(-c3ccccc3)cc2)CC1c1ccc2ccccc2c1,799.0,active,390.4860000000001,6.204400000000005,0.0,2.0
CHEMBL5189505,CC(=O)N1N=C(c2ccc(C)cc2)CC1c1ccc(-c2ccccc2)cc1,845.0,active,354.45300000000003,5.359620000000005,0.0,2.0
CHEMBL5191187,CC(=O)N1N=C(c2ccccc2[N+](=O)[O-])CC1c1ccc(-c2ccccc2)cc1,52.0,active,385.42300000000006,4.959400000000004,0.0,4.0
CHEMBL5177419,CC(=O)N1N=C(c2ccc(Br)cc2)CC1c1ccc(-c2ccccc2)cc1,903.0,active,419.32200000000006,5.813700000000005,0.0,2.0
CHEMBL5184154,COc1cc(C2=NN(C(C)=O)C(c3ccc(-c4ccccc4)cc3)C2)cc(OC)c1OC,1947000.0,inactive,430.50400000000025,5.077000000000005,0.0,5.0
CHEMBL5183314,COc1ccc(C2=NN(C(C)=O)C(c3ccc(-c4ccccc4)cc3)C2)c(OC)c1,1128000.0,inactive,400.4780000000001,5.068400000000005,0.0,4.0
CHEMBL5191224,COc1ccc(OC)c(C2=NN(C(C)=O)C(c3ccc(-c4ccccc4)cc3)C2)c1,1705000.0,inactive,400.4780000000001,5.068400000000005,0.0,4.0
CHEMBL5184984,CC(=O)N1N=C(c2ccc3c(c2)OCO3)CC1c1ccc(-c2ccccc2)cc1,913.0,active,384.435,4.779900000000004,0.0,4.0
CHEMBL5185580,CC(=O)N1N=C(c2cccc3ccccc23)CC1c1ccc(-c2ccccc2)cc1,1015000.0,inactive,390.48600000000005,6.204400000000006,0.0,2.0
CHEMBL5187436,CC(=O)N1N=C(c2ccc3ccccc3c2)CC1c1ccc(-c2ccccc2)cc1,68.0,active,390.48600000000005,6.204400000000006,0.0,2.0
CHEMBL5180422,C[C@H]1CN2C(=O)[C@]34Cc5c([nH]c6c7c(ccc56)OC(C)(C)CC7=O)C(C)(C)[C@@H]3C[C@@]2(C1)C(=O)N4,58000.0,inactive,461.56200000000035,3.241100000000001,2.0,4.0
CHEMBL5179658,CCCCCCCNC(=O)Oc1ccc(Cc2nc3cc(C(=O)N(CC)CC)ccc3n2CCC(C)C)cc1,175.0,active,534.7450000000005,7.214000000000008,1.0,4.0
CHEMBL5170719,CCN(CC)C(=O)c1ccc2c(c1)nc(Cc1ccc(OC(=O)NCCCCCCN3CCc4ccccc4C3)cc1)n2CCC(C)C,9522.0,intermediate,651.8960000000002,7.86230000000001,1.0,5.0
CHEMBL5187045,CCN(CC)C(=O)c1ccc2c(c1)nc(Cc1ccc(OC(=O)N3CCC3)cc1)n2CCC(C)C,711.0,active,476.6210000000004,5.359700000000006,0.0,4.0
CHEMBL5201804,CCCCCCCNC(=O)Oc1ccc(Cc2nc3cc(C(=O)N(CC)CC)ccc3n2CCN2CCCCC2)cc1,10120.0,inactive,575.7980000000002,6.6538000000000075,1.0,5.0
CHEMBL5188111,CCCCCCCNC(=O)Oc1ccc(Cc2nc3cc(C(=O)N(CC)CC)ccc3n2CCCCN2CCCCC2)cc1,2148.0,intermediate,603.8520000000001,7.434000000000009,1.0,5.0
CHEMBL5189021,CCCCCCCNC(=O)Oc1ccc(Cc2nc3cc(C(=O)N4CCCCC4)ccc3n2CCC(C)C)cc1,58.0,active,546.7560000000004,7.358100000000008,1.0,4.0
CHEMBL4461886,COc1ccc(-c2cc3c(c(=O)o2)C[C@]2(O)[C@@]4(C)CC[C@@H](O)C(C)(C)[C@]4(O)CC[C@@]2(C)O3)cc1,640.0,active,470.5620000000003,3.452200000000002,3.0,7.0
CHEMBL5197965,COC/C(C=O)=C\CCC1=CC(c2cc(O)ccc2O)OC1=O,8520.0,intermediate,318.3250000000001,2.174000000000001,2.0,6.0
CHEMBL5200956,CCOC1(c2cc(O)ccc2O)C=C(CC/C=C(\C)CCC=C(C)C)C(=O)O1,7370.0,intermediate,386.4880000000002,5.243200000000004,2.0,5.0
CHEMBL5187881,COc1cc2c(cc1OC)C(=O)/C(=C/c1cc[n+](Cc3ccc(F)cc3)cc1)OC2.[Br-],0.15,active,486.3370000000001,0.9366999999999996,0.0,4.0
CHEMBL5196988,COc1ccc(OCCCN(C)C(=O)c2cnc(CC(=O)c3ccc(OC)cc3)nc2)cc1,9820.0,intermediate,449.5070000000002,3.460300000000002,0.0,7.0
CHEMBL5186051,COc1ccc(C(=O)Cc2ncc(C(=O)N(C)CCCOc3cccc(OC)c3)cn2)cc1,44900.0,inactive,449.50700000000023,3.460300000000002,0.0,7.0
CHEMBL5193255,COc1ccc(C(=O)Cc2ncc(C(=O)N(C)CCCOc3ccc(OC)c(OC)c3)cn2)cc1,29800.0,inactive,479.5330000000003,3.4689000000000023,0.0,8.0
CHEMBL5172343,COc1ccc(C(=O)Cc2ncc(C(=O)N(C)CCCOc3ccc([N+](=O)[O-])cc3)cn2)cc1,4560.0,intermediate,464.47800000000024,3.3599000000000023,0.0,8.0
CHEMBL5171192,COc1ccc(C(=O)Cc2ncc(C(=O)N(C)CCCOc3ccc(C(F)(F)F)cc3)cn2)cc1,29800.0,inactive,487.4780000000002,4.470500000000004,0.0,6.0
CHEMBL5186394,COc1ccc(C(=O)Cc2ncc(C(=O)N(C)CCCOc3c(F)c(F)c(F)c(F)c3F)cn2)cc1,5140.0,intermediate,509.4310000000002,4.147200000000003,0.0,6.0
CHEMBL5204734,CN(CCCOc1ccc([N+](=O)[O-])cc1)C(=O)c1cnc(CC(=O)c2ccccc2)nc1,9940.0,intermediate,434.45200000000017,3.351300000000002,0.0,7.0
CHEMBL5185065,COc1cccc(C(=O)Cc2ncc(C(=O)N(C)CCCOc3ccc([N+](=O)[O-])cc3)cn2)c1,4000.0,intermediate,464.47800000000024,3.3599000000000023,0.0,8.0
CHEMBL5171010,CCOc1ccc(C(=O)Cc2ncc(C(=O)N(C)CCCOc3ccc([N+](=O)[O-])cc3)cn2)cc1,6400.0,intermediate,478.5050000000002,3.7500000000000027,0.0,8.0
CHEMBL5208032,CN(CCCOc1ccc([N+](=O)[O-])cc1)C(=O)c1cnc(CC(=O)c2ccc3c(c2)OCO3)nc1,990.0,active,478.4610000000003,3.080000000000001,0.0,9.0
CHEMBL5203792,COc1ccc(C(=O)Cc2ncc(C(=O)N(C)CCCOc3ccc([N+](=O)[O-])cc3)cn2)cc1OC,3790.0,intermediate,494.5040000000003,3.368500000000002,0.0,9.0
CHEMBL5187324,CN(CCCOc1ccc([N+](=O)[O-])cc1)C(=O)c1cnc(CC(=O)c2cccs2)nc1,880.0,active,440.48100000000017,3.4128000000000016,0.0,8.0
CHEMBL5171268,COc1ccc(C(=O)Cc2ncc(C(=O)NCc3ccc(OC)c(OC)c3)cn2)cc1,10000.0,inactive,421.45300000000015,2.857800000000001,1.0,7.0
CHEMBL5185843,COc1ccc(C(=O)Cc2ncc(C(=O)NC3CCN(Cc4ccccc4)CC3)cn2)cc1,28000.0,inactive,444.53500000000025,3.3050000000000024,1.0,6.0
CHEMBL5186796,COc1ccc(C(=O)Cc2ncc(C(=O)N3CCN(Cc4ccccc4)CC3)cn2)cc1,17300.0,inactive,430.50800000000015,2.8686000000000016,0.0,6.0
CHEMBL5199425,COc1ccc(C(=O)Cc2ncc(C(=O)Nc3ccncc3)cn2)cc1,17900.0,inactive,348.362,2.5579,1.0,6.0
CHEMBL5205468,COc1ccc(C(=O)Cc2ncc(C(=O)NCc3cccs3)cn2)cc1,30700.0,inactive,367.43,2.902100000000001,1.0,6.0
CHEMBL5185552,CCN1CCN(CCC(=O)Nc2nc3c(C)cccc3s2)CC1,20580.0,inactive,332.4730000000001,2.5708200000000003,1.0,5.0
CHEMBL5183248,Cc1cccc2sc(NC(=O)CCN3CCN(C(C)C)CC3)nc12,2750.0,intermediate,346.5000000000001,2.9593200000000017,1.0,5.0
CHEMBL5171428,Cc1cccc2sc(NC(=O)CCN3CCN(C(C)(C)C)CC3)nc12,810.0,active,360.52700000000016,3.349420000000002,1.0,5.0
CHEMBL5192987,CCCCN1CCN(CCC(=O)Nc2nc3c(C)cccc3s2)CC1,40000.0,inactive,360.5270000000001,3.351020000000002,1.0,5.0
CHEMBL5207906,Cc1cccc2sc(NC(=O)CCN3CCN(CCN(C)C)CC3)nc12,480.0,active,375.5420000000002,2.1125199999999995,1.0,6.0
CHEMBL5194197,Cc1cccc2sc(NC(=O)CCN3CCN(CCCN(C)C)CC3)nc12,410.0,active,389.56900000000024,2.5026200000000003,1.0,6.0
CHEMBL5203299,CCOCCN1CCN(CCC(=O)Nc2nc3c(C)cccc3s2)CC1,20080.0,inactive,376.5260000000001,2.5874200000000007,1.0,6.0
CHEMBL5192784,CCCCCCN1CCN(CCC(=O)Nc2nc3c(C)cccc3s2)CC1,40000.0,inactive,388.58100000000013,4.1312200000000034,1.0,5.0
CHEMBL5207817,Cc1cccc2sc(NC(=O)CCN3CCN(CC4CCCO4)CC3)nc12,7910.0,intermediate,388.53700000000026,2.729920000000001,1.0,6.0
CHEMBL5203777,Cc1cccc2sc(NC(=O)CCN3CCN(C4CCCCC4)CC3)nc12,10910.0,inactive,386.5650000000003,3.883620000000003,1.0,5.0
CHEMBL5204934,Cc1cccc2sc(NC(=O)CCN3CCN(CC4CCCCC4)CC3)nc12,340.0,active,400.5920000000003,4.1312200000000034,1.0,5.0
CHEMBL5198839,Cc1cccc2sc(NC(=O)CCN3CCN(C4CCN(C)CC4)CC3)nc12,10520.0,inactive,401.58000000000027,2.6451200000000012,1.0,6.0
CHEMBL5205006,Cc1cccc2sc(NC(=O)CCN3CCN(CCN(C(C)C)C(C)C)CC3)nc12,240.0,active,431.65000000000026,3.6697200000000025,1.0,6.0
CHEMBL5178466,Cc1ccccc1N1CCN(CCC(=O)Nc2nc3c(C)cccc3s2)CC1,40000.0,inactive,394.54400000000015,4.063940000000003,1.0,5.0
CHEMBL5176580,CC(=O)c1ccc(N2CCN(CCC(=O)Nc3nc4c(C)cccc4s3)CC2)cc1,3820.0,intermediate,422.55400000000014,3.9581200000000027,1.0,6.0
CHEMBL5177298,Cc1cccc2sc(NC(=O)CCN3CCN(c4ccccn4)CC3)nc12,17230.0,inactive,381.5050000000001,3.150520000000002,1.0,6.0
CHEMBL5206534,Cc1cccc2sc(NC(=O)CCN3CCN(c4ccncc4)CC3)nc12,18210.0,inactive,381.5050000000001,3.150520000000002,1.0,6.0
CHEMBL5206663,Cc1cccc2sc(NC(=O)CCN3CCN(c4ncccn4)CC3)nc12,30020.0,inactive,382.4930000000001,2.5455200000000007,1.0,7.0
CHEMBL5173420,Cc1cccc2sc(NC(=O)CCN3CCN(Cc4ccccc4F)CC3)nc12,5220.0,intermediate,412.53400000000016,3.890220000000003,1.0,5.0
CHEMBL5193082,Cc1cccc2sc(NC(=O)CCN3CCN(Cc4cc(F)ccc4F)CC3)nc12,12620.0,inactive,430.52400000000017,4.029320000000003,1.0,5.0
CHEMBL5172256,Cc1cccc2sc(NC(=O)CCN3CCN(Cc4ccc(C(C)(C)C)cc4)CC3)nc12,40000.0,inactive,450.65200000000027,5.048620000000005,1.0,5.0
CHEMBL5198012,Cc1cccc2sc(NC(=O)CCN3CCN(Cc4cccc5ccccc45)CC3)nc12,19330.0,inactive,444.6040000000002,4.904320000000004,1.0,5.0
CHEMBL5176633,C=C1c2[nH]c3ccc(OC)cc3c2C2[C@@H](CC)C1CCN2C,279000.0,inactive,296.414,4.222300000000003,1.0,2.0
CHEMBL5170984,O=C(COc1ccc(-c2ccccc2)cc1)NCC1CCN(Cc2ccccc2)CC1,1700.0,intermediate,414.54900000000026,4.760800000000004,1.0,3.0
CHEMBL5207120,O=C(COc1ccc(Cl)cc1[N+](=O)[O-])NCC1CCN(Cc2ccccc2)CC1,122.0,active,417.89300000000026,3.655400000000003,1.0,5.0
CHEMBL5195980,O=C(COc1cc(F)ccc1[N+](=O)[O-])NCC1CCN(Cc2ccccc2)CC1,103.0,active,401.4380000000002,3.1411000000000016,1.0,5.0
CHEMBL5180014,O=C(COc1ccc([N+](=O)[O-])cc1)NCC1CCN(Cc2ccccc2)CC1,509.0,active,383.44800000000015,3.0020000000000016,1.0,5.0
CHEMBL5202267,O=C(COc1ccccc1C(F)(F)F)NCC1CCN(Cc2ccccc2)CC1,767.0,active,406.4480000000002,4.112600000000003,1.0,3.0
CHEMBL5178350,Cc1cc(Br)cc(C)c1OCC(=O)NCC1CCN(Cc2ccccc2)CC1,595.0,active,445.4010000000003,4.4731400000000034,1.0,3.0
CHEMBL5203325,O=C(COc1ccc(Cc2ccccc2)cc1)NCC1CCN(Cc2ccccc2)CC1,1270.0,intermediate,428.5760000000003,4.684600000000004,1.0,3.0
CHEMBL5182803,O=C(COc1ccc(CCc2ccccc2)cc1)NCC1CCN(Cc2ccccc2)CC1,135.0,active,442.60300000000035,4.879000000000004,1.0,3.0
CHEMBL5177371,COc1ccc(OCC(=O)NCC2CCN(Cc3ccccc3)CC2)cc1,880.0,active,368.4770000000001,3.102400000000001,1.0,4.0
CHEMBL5175950,O=C(COc1ccc(Cl)cc1)NCC1CCN(Cc2ccccc2)CC1,1680.0,intermediate,372.89600000000013,3.747200000000003,1.0,3.0
CHEMBL5204532,O=C(COc1ccc(-c2ccccc2)cc1)NCCN1CCN(Cc2ccccc2)CC1,735.0,active,429.56400000000025,3.666400000000002,1.0,4.0
CHEMBL5185868,O=C(COc1ccc(Cl)cc1[N+](=O)[O-])NCCN1CCN(Cc2ccccc2)CC1,0.8,active,432.90800000000024,2.561000000000001,1.0,6.0
CHEMBL5189408,O=C(COc1cc(F)ccc1[N+](=O)[O-])NCCN1CCN(Cc2ccccc2)CC1,2.8,active,416.45300000000026,2.0466999999999995,1.0,6.0
CHEMBL5193520,O=C(COc1ccc([N+](=O)[O-])cc1)NCCN1CCN(Cc2ccccc2)CC1,42.0,active,398.4630000000002,1.9075999999999993,1.0,6.0
CHEMBL5209013,O=C(COc1ccccc1C(F)(F)F)NCCN1CCN(Cc2ccccc2)CC1,136.0,active,421.4630000000002,3.018200000000002,1.0,4.0
CHEMBL5190969,Cc1cc(Br)cc(C)c1OCC(=O)NCCN1CCN(Cc2ccccc2)CC1,90.0,active,460.41600000000034,3.3787400000000014,1.0,4.0
CHEMBL5206245,O=C(COc1ccc(Cc2ccccc2)cc1)NCCN1CCN(Cc2ccccc2)CC1,993.0,active,443.59100000000035,3.590200000000003,1.0,4.0
CHEMBL5185234,O=C(COc1ccc(CCc2ccccc2)cc1)NCCN1CCN(Cc2ccccc2)CC1,900.0,active,457.6180000000004,3.784600000000003,1.0,4.0
CHEMBL5175715,COc1ccc(OCC(=O)NCCN2CCN(Cc3ccccc3)CC2)cc1,300.0,active,383.4920000000001,2.008,1.0,5.0
CHEMBL5169781,O=C(COc1ccc(Cl)cc1)NCCN1CCN(Cc2ccccc2)CC1,189.0,active,387.9110000000001,2.652800000000001,1.0,4.0
CHEMBL5178216,C=C(C)[C@]1(O)CC[C@@]2(C)C3=Cc4c(cc(-c5cccnc5)oc4=O)O[C@]3(C)[C@@H](O)C[C@@H]2[C@@]12CCC(=O)OC2,13900.0,inactive,519.5940000000003,4.047800000000002,2.0,8.0
CHEMBL5186470,O=c1c2ccccc2nc2n1CC[C@@H]2[C@@H]1CCCN1,5710.0,intermediate,255.32099999999994,1.6358,1.0,3.0
CHEMBL5208951,COc1cc2c(Nc3ccc(C(=O)/C=C/c4nc(C)c(C)nc4C)cc3)ncnc2c(OC)c1OC,100.0,active,485.54400000000027,5.010560000000004,1.0,9.0
CHEMBL1186527,OC1CCN2Cc3ccccc3N=C12,13680.0,inactive,188.23,1.2968000000000002,1.0,3.0
CHEMBL5191163,O=c1c2ccccc2nc2n1C(C1CN=Cc3[nH]c4ccccc4c31)CC2O,40460.0,inactive,370.4120000000001,3.0723000000000016,2.0,4.0
CHEMBL5175476,O=c1c2ccccc2nc2n1C(c1cncc3[nH]c4ccccc4c13)CC2O,70500.0,inactive,368.39600000000013,3.452500000000002,2.0,4.0
CHEMBL1864065,O=c1c2ccccc2nc2n1CCC2O,76600.0,inactive,202.21299999999997,0.8335999999999997,1.0,3.0
CHEMBL4210192,O=c1[nH]c(CCCO)nc2ccccc12,155100.0,inactive,204.229,0.8479999999999996,2.0,3.0
CHEMBL5184601,O=C(O)C1=Nc2ccccc2CN1,344800.0,inactive,176.17499999999998,0.9043999999999999,2.0,3.0
CHEMBL5208529,c1ccc2c(c1)CN1Cc3cc(OCCCN4CCCCC4)ccc3N=C21,142.0,active,361.4890000000001,4.348900000000004,0.0,4.0
CHEMBL5181664,c1ccc2c(c1)CCN1Cc3cc(OCCCN4CCCCC4)ccc3N=C21,216.0,active,375.51600000000013,4.391400000000004,0.0,4.0
CHEMBL5186753,c1ccc2c(c1)CCCN1Cc3cc(OCCCN4CCCCC4)ccc3N=C21,535.0,active,389.5430000000002,4.781500000000005,0.0,4.0
CHEMBL5208725,c1cc2c(cc1OCCCN1CCCCC1)CN1CCCCC1=N2,225.0,active,327.4720000000001,3.970900000000003,0.0,4.0
CHEMBL5201779,c1cc2c(cc1OCCCN1CCCCC1)CN1CCCCCC1=N2,820.0,active,341.49900000000014,4.361000000000004,0.0,4.0
CHEMBL5182486,CCn1c2ccccc2c2cc(/C=C/c3ccc(NC(=S)NCCN4CCCC4)cc3)ccc21,2640.0,intermediate,468.6700000000003,6.367000000000006,2.0,2.0
CHEMBL5182136,COc1cc(/C=C/c2cc(=O)oc3c2ccc2oc(-c4cc(OC)cc(OC)c4)cc23)cc(OC)c1,2800.0,intermediate,484.50400000000025,6.411000000000006,0.0,7.0
CHEMBL5176910,COc1cc(/C=C/c2cc(=O)oc3c2ccc2oc(-c4ccccc4)cc23)cc(OC)c1,1800.0,intermediate,424.4520000000001,6.393800000000005,0.0,5.0
CHEMBL5202541,COc1cc(/C=C/c2cc(=O)oc3c2ccc2oc(-c4cccc(F)c4)cc23)cc(OC)c1,1800.0,intermediate,442.4420000000001,6.532900000000005,0.0,5.0
CHEMBL5196941,COc1cc(/C=C/c2cc(=O)oc3c2ccc2oc(-c4ccc(F)cc4)cc23)cc(OC)c1,1800.0,intermediate,442.4420000000001,6.532900000000005,0.0,5.0
CHEMBL5197349,COc1cc(/C=C/c2cc(=O)oc3c2ccc2oc(-c4cccc(Cl)c4)cc23)cc(OC)c1,1800.0,intermediate,458.8970000000001,7.047200000000005,0.0,5.0
CHEMBL5185240,COc1cc(/C=C/c2cc(=O)oc3c2ccc2oc(-c4ccc(Cl)cc4)cc23)cc(OC)c1,1800.0,intermediate,458.8970000000001,7.047200000000005,0.0,5.0
CHEMBL5169638,COc1cc(/C=C/c2cc(=O)oc3c2ccc2oc(-c4ccc(C)cc4)cc23)cc(OC)c1,1800.0,intermediate,438.47900000000016,6.702220000000006,0.0,5.0
CHEMBL5200035,COc1ccc(-c2cc3c(ccc4c(/C=C/c5cc(OC)cc(OC)c5)cc(=O)oc43)o2)cc1,1800.0,intermediate,454.47800000000024,6.402400000000006,0.0,6.0
CHEMBL5208027,COc1ccccc1/C=C/C=C(\Br)S(=O)(=O)F,79.0,active,321.16700000000003,3.2440000000000015,0.0,3.0
CHEMBL5191506,COc1ccc2nc3c(c(N)c2c1)C1CC=CC(C3)C1,2630.0,intermediate,266.344,3.4315000000000024,1.0,3.0
CHEMBL5202021,COc1cc2oc(C(=O)Nc3cccc(CN(C)Cc4ccccc4)c3)cc(=O)c2cc1OC,4500.0,intermediate,458.51400000000024,4.694500000000004,1.0,6.0
CHEMBL5200462,O=c1cc(/N=N/N=P(CCP(=N/N=N/c2cc(=O)oc3ccccc23)(c2ccccc2)c2ccccc2)(c2ccccc2)c2ccccc2)c2ccccc2o1,34.96,active,772.7420000000002,10.301399999999996,0.0,6.0
CHEMBL4790416,C#CCOc1ccc(-c2cc(-c3ccc(OCCN4CCOCC4)cc3)nc(N)n2)cc1,30.46,active,430.5080000000002,3.1158,1.0,7.0
CHEMBL5199704,C#CCOc1cccc(-c2cc(-c3ccc(OCCN4CCOCC4)cc3)nc(C)n2)c1,9.54,active,429.5200000000002,3.8420200000000024,0.0,6.0
CHEMBL5184301,CCN1CCN(c2ccc(-c3nc4ccccc4[nH]3)cc2)CC1,5180.0,intermediate,306.4130000000001,3.3718000000000012,1.0,3.0
CHEMBL5191152,CO[C@@H]1C=C[C@@]23c4cc5c(cc4CN(C[C@@H]2OC(=O)c2ccc([N+](=O)[O-])cc2)C3C1)OCO5,14700.0,inactive,450.44700000000023,2.959600000000001,0.0,8.0
CHEMBL512475,Clc1ccc2c(NCCCNCC34CC5CC(CC(C5)C3)C4)ccnc2c1,500.0,active,383.96700000000016,5.496200000000004,2.0,3.0
CHEMBL449947,O=C(OC[C@H]1O[C@@H](OC(=O)c2cc(O)c(O)c(O)c2)[C@H](OC(=O)c2cc(O)c(O)c(O)c2)[C@@H](OC(=O)c2cc(O)c(O)c(O)c2)[C@@H]1O)c1cc(O)c(O)c(O)c1,11860.0,inactive,788.5760000000005,0.7046000000000006,13.0,22.0
CHEMBL2271411,CC1(C)CCCC2(C)OC(=O)C=C12,30.03,active,180.24699999999999,2.4384000000000006,0.0,2.0
CHEMBL5196827,O=C(CCN1CCN(Cc2ccccc2)CC1)Nc1ccc2nc3n(c(=O)c2c1)CCC3,3290.0,intermediate,431.5400000000003,2.4891000000000005,1.0,5.0
CHEMBL5196199,COc1ccc(CCc2cc(=O)c3c(o2)[C@H]2O[C@H]2[C@@H](O)[C@H]3OC)cc1O,441600.0,inactive,360.3620000000001,1.6410999999999998,2.0,7.0
CHEMBL5172037,COc1ccc(CCc2cc(=O)c3c(o2)[C@H]2O[C@H]2[C@@H](O)[C@H]3OC)cc1,155600.0,inactive,344.36300000000006,1.9355,1.0,6.0
CHEMBL591729,CNC(=O)Oc1ccc2c(c1)[C@]1(C)CCN(C)[C@]1(C)N2C,28.0,active,289.37899999999996,2.1640000000000006,1.0,4.0
CHEMBL5187561,CN1c2ccccc2C(NCCCCCCC(=O)CCCCNc2c3c(nc4ccccc24)CCCC3)c2ccc(Cl)cc2S1(=O)=O,160.0,active,673.3230000000004,8.386500000000005,2.0,6.0
CHEMBL4456665,Cc1c(C)c2ccc(OCC3CCCN(Cc4ccccc4)C3)cc2oc1=O.Cl,1400.0,intermediate,413.9450000000001,5.122640000000006,0.0,4.0
CHEMBL5192958,OCCCCCCCCc1ccc(CN2CCCC2)c(O)c1,47600.0,inactive,305.46200000000005,3.863400000000003,2.0,3.0
CHEMBL5183866,OCCCCCCCCc1ccc(CN2CCCCC2)c(O)c1,30000.0,inactive,319.4890000000001,4.253500000000004,2.0,3.0
CHEMBL5190179,OCCCCCCCCc1ccc(CN2CCCCCC2)c(O)c1,785000.0,inactive,333.51600000000013,4.6436000000000055,2.0,3.0
CHEMBL448359,O=C1CCC(O)c2cccc(O)c21,101480.0,inactive,178.18699999999998,1.4021,2.0,3.0
CHEMBL5202625,O=C1CC(O)C(O)c2c(O)cccc21,273.38,active,194.186,0.3728999999999999,3.0,4.0
CHEMBL5190764,O=C1CCC(O)c2c(O)cccc21,192.7,active,178.18699999999998,1.4021000000000001,2.0,3.0
CHEMBL5203969,COC1CC(=O)c2c(O)ccc(O)c2C1,197.7,active,208.213,1.2416999999999998,2.0,4.0
CHEMBL5181051,CCC1C/C(=C\c2cc(OC)c(OC)c(OC)c2Br)C(=O)c2ccccc21,45.0,active,431.3260000000001,5.638500000000006,0.0,4.0
CHEMBL5205498,COc1ccc(/C=C2\CCc3cc([N+](=O)[O-])ccc3C2=O)c(Cl)c1OC,2920.0,intermediate,373.79200000000014,4.4779000000000035,0.0,5.0
CHEMBL5202485,COc1cc(/C=C2\CCc3cc([N+](=O)[O-])ccc3C2=O)c(Br)c(OC)c1OC,570.0,active,448.2690000000002,4.595600000000004,0.0,6.0
CHEMBL5172348,CCN(C)C(=O)Oc1ccc(C2CC(=O)c3c(O)cc(OC(=O)N(C)CC)cc3O2)cc1,9700.0,intermediate,442.4680000000002,3.9997000000000034,1.0,7.0
CHEMBL5186955,CCN(C)C(=O)Oc1ccc(C2CC(=O)c3c(OC(=O)N(C)CC)cc(OC(=O)N(C)CC)cc3O2)cc1,10600.0,inactive,527.5740000000004,4.744600000000005,0.0,8.0
CHEMBL1831286,CCC(c1ccc(O)c(OC)c1)c1cccc(O)c1O,5660.0,intermediate,274.316,3.353900000000002,3.0,4.0
CHEMBL5174709,CCC(c1ccc(O)c(OC)c1)c1ccc(OC)cc1O,4760.0,intermediate,288.34299999999996,3.6569000000000025,2.0,4.0
CHEMBL3753587,O=C1OCc2cc(-c3ccc(-c4ccc(CO)cc4)s3)ccc21,8000.0,intermediate,322.385,4.244800000000002,1.0,4.0
CHEMBL5194728,O=C(Cn1nc2ncccc2c1NC(=O)Cn1nc2ncccc2c1NC(=O)CN1CCN(Cc2ccccc2)CC1)Nc1[nH]nc2ncccc12,18040.0,inactive,698.7520000000001,2.4810000000000008,4.0,11.0
CHEMBL5192450,O=C(CN1CCN(c2ccccc2)CC1)Nc1n[nH]c2ncccc12,1946.0,intermediate,336.39900000000006,1.7185999999999992,2.0,5.0
CHEMBL5174183,O=C(CN1CCN(Cc2ccccc2)CC1)Nc1n[nH]c2ncccc12,301.0,active,350.42600000000004,1.714199999999999,2.0,5.0
CHEMBL5185422,O=C(CCN1CCCCC1)Nc1n[nH]c2ncccc12,658.0,active,273.34000000000003,1.7723999999999993,2.0,4.0
CHEMBL5194732,O=C(CCN1CCOCC1)Nc1n[nH]c2ncccc12,275.0,active,275.312,0.6186999999999999,2.0,5.0
CHEMBL5176917,CN1CCN(CCC(=O)Nc2n[nH]c3ncccc23)CC1,844.0,active,288.35500000000013,0.5338999999999996,2.0,5.0
CHEMBL5199487,O=C(CCN1CCN(Cc2ccccc2)CC1)Nc1n[nH]c2ncccc12,34.0,active,364.4530000000001,2.1042999999999994,2.0,5.0
CHEMBL5183077,O=C(CCN1CCN(c2ccccc2)CC1)Nc1n[nH]c2ncccc12,230.0,active,350.42600000000004,2.1087,2.0,5.0
CHEMBL5209231,Cc1ccc2nc3c(c(N4CCOCC4)c2c1)CCCC3,1775.0,intermediate,282.387,3.2586200000000023,0.0,3.0
CHEMBL5197114,Cc1ccc2nc3c(c(N4CCCCC4)c2c1)CCCC3,118.0,active,280.41499999999996,4.412320000000004,0.0,2.0
CHEMBL5203109,Cc1ccc2nc3c(c(N4CCN(C)CC4)c2c1)CCCC3,440.0,active,295.43000000000006,3.173820000000002,0.0,3.0
CHEMBL5172647,COc1cc2nc3c(c(N4CCOCC4)c2cc1OC)CCCC3,62.0,active,328.41200000000015,2.9674000000000014,0.0,5.0
CHEMBL5193140,O=[N+]([O-])c1ccc2nc3c(c(N4CCOCC4)c2c1)CCCC3,1217.0,intermediate,313.3570000000001,2.8584000000000014,0.0,5.0
CHEMBL5202798,O=[N+]([O-])c1ccc2nc3c(c(N4CCCCC4)c2c1)CCCC3,1885.0,intermediate,311.3850000000001,4.012100000000003,0.0,4.0
CHEMBL5199361,CN1CCN(c2c3c(nc4ccc([N+](=O)[O-])cc24)CCCC3)CC1,245.0,active,326.4000000000002,2.773600000000001,0.0,5.0
CHEMBL5182809,Cc1ccc2nc3c(c(Nc4[nH]nc5ncccc45)c2c1)CCCC3,811.0,active,329.4070000000002,4.436920000000003,2.0,4.0
CHEMBL5174252,O=[N+]([O-])c1ccc2nc3c(c(Nc4[nH]nc5ncccc45)c2c1)CCCC3,299.0,active,360.37700000000024,4.036700000000002,2.0,6.0
CHEMBL5205489,Nc1nn(-c2c3c(nc4ccc([N+](=O)[O-])cc24)CCCC3)c2ncccc12,56.0,active,360.3770000000001,3.337900000000002,1.0,6.0
CHEMBL5190530,Cc1ccc2nc3c(c(NCCO)c2c1)CCCC3,180.0,active,256.34899999999993,2.826220000000001,2.0,3.0
CHEMBL5175815,Cc1ccc2nc3c(c(NCCCl)c2c1)CCCC3,763.0,active,274.795,4.072720000000003,1.0,2.0
CHEMBL5199187,Cc1ccc2nc3c(c(NCCN4CCOCC4)c2c1)CCCC3,131.0,active,325.45600000000013,3.166120000000002,1.0,4.0
CHEMBL5188928,Cc1ccc2nc3c(c(NCCN4CCCCC4)c2c1)CCCC3,2542.0,intermediate,323.4840000000001,4.3198200000000035,1.0,3.0
CHEMBL5177066,Cc1ccc2nc3c(c(NCCN4CCN(C)CC4)c2c1)CCCC3,974.0,active,338.49900000000014,3.0813200000000016,1.0,4.0
CHEMBL5198724,Cc1ccc2nc3c(c(NCCN4CCN(Cc5ccccc5)CC4)c2c1)CCCC3,6381.0,intermediate,414.59700000000026,4.6517200000000045,1.0,4.0
CHEMBL5184869,Cc1ccc2nc3c(c(N4CCN(c5c6c(nc7ccc(C)cc57)CCCC6)CC4)c2c1)CCCC3,521.0,active,476.6680000000005,6.4840400000000065,0.0,4.0
CHEMBL5185503,CC(=O)Nc1ccc2nc3c(c(N4CCOCC4)c2c1)CCCC3,1110.0,intermediate,325.4120000000001,2.9086000000000016,1.0,4.0
CHEMBL5185354,CC(=O)Nc1ccc2nc3c(c(N4CCCCC4)c2c1)CCCC3,301.0,active,323.44000000000005,4.062300000000003,1.0,3.0
CHEMBL5169560,c1ccc2c(NCCN3CCOCC3)c3c(nc2c1)CCCC3,93.0,active,311.4290000000001,2.8577000000000012,1.0,4.0
CHEMBL5193282,CCCCC1OC(=O)c2cc(OCc3ccc(CN(C)C)c(O)c3)ccc21,8780.0,intermediate,369.46100000000007,4.434500000000004,1.0,5.0
CHEMBL5182776,CCCCC1OC(=O)c2cc(OCc3ccc(CN(CC)CC)c(O)c3)ccc21,350.0,active,397.51500000000016,5.214700000000006,1.0,5.0
CHEMBL5180612,CCCCC1OC(=O)c2cc(OCc3ccc(CN4CCCC4)c(O)c3)ccc21,3920.0,intermediate,395.4990000000002,4.9687000000000054,1.0,5.0
CHEMBL5178355,CCCCC1OC(=O)c2cc(OCc3ccc(CN4CCCCC4)c(O)c3)ccc21,41.0,active,409.52600000000024,5.358800000000006,1.0,5.0
CHEMBL5181657,CCCCC1OC(=O)c2cc(OCc3ccc(CN4CCOCC4)c(O)c3)ccc21,3320.0,intermediate,411.4980000000002,4.205100000000003,1.0,6.0
CHEMBL5183299,CCCCC1OC(=O)c2cc(OCc3ccc(CN4CCN(C)CC4)c(O)c3)ccc21,23760.0,inactive,424.5410000000002,4.120300000000003,1.0,6.0
CHEMBL5204900,O=C(Nc1ccc(OC(F)(F)F)cc1)NC1CCN(C(=O)CCNc2c3c(nc4cc(Cl)ccc24)CCCC3)CC1,14.5,active,590.0459999999999,6.280300000000005,3.0,5.0
CHEMBL5200047,O=C(Nc1ccc(OC(F)(F)F)cc1)NC1CCN(C(=O)CCCNc2c3c(nc4cc(Cl)ccc24)CCCC3)CC1,2.71,active,604.0729999999999,6.670400000000005,3.0,5.0
CHEMBL5178885,O=C(Nc1ccc(OC(F)(F)F)cc1)NC1CCN(C(=O)CCCCNc2c3c(nc4cc(Cl)ccc24)CCCC3)CC1,12.9,active,618.0999999999999,7.060500000000006,3.0,5.0
CHEMBL5207628,CC1=C[C@@H]2Cc3nc4cc(Cl)ccc4c(NCCCCC(=O)N4CCC(NC(=O)Nc5ccc(OC(F)(F)F)cc5)CC4)c3[C@H](C1)C2,1.94,active,670.1760000000003,8.177700000000005,3.0,5.0
CHEMBL5188116,CC1=C[C@H]2Cc3nc4cc(Cl)ccc4c(NCCCCC(=O)N4CCC(NC(=O)Nc5ccc(OC(F)(F)F)cc5)CC4)c3[C@@H](C1)C2,1660.0,intermediate,670.1760000000003,8.177700000000005,3.0,5.0
CHEMBL1668934,CC(=O)N1CCC(NC(=O)Nc2ccc(OC(F)(F)F)cc2)CC1,115000.0,inactive,345.3210000000001,2.717600000000001,2.0,3.0
CHEMBL5180743,CN(CCC1CCCCCC1)Cc1c[nH]c2ccccc12,25200.0,inactive,284.447,4.960200000000005,1.0,1.0
CHEMBL5184276,CCCC[N+](C)(CCCc1c[nH]c2ccccc12)CCC1CCCCCC1.[I-],23203.0,inactive,496.52100000000036,3.711700000000002,1.0,0.0
CHEMBL5189830,CN(C)C1CCC(CCN(CCCc2c[nH]c3ccccc23)CCC2CCCCCC2)CC1,12570.0,inactive,451.74300000000045,7.273500000000008,1.0,2.0
CHEMBL5178828,CCCCN(CCCc1c[nH]c2ccccc12)CCC1CCN(Cc2ccccc2)CC1,7837.0,intermediate,431.6680000000003,6.504900000000007,1.0,2.0
CHEMBL5207319,CN(CCC1CCN(Cc2ccccc2)CC1)Cc1c[nH]c2ccccc12,33890.0,inactive,361.5330000000001,4.902000000000005,1.0,2.0
CHEMBL5169453,CCCCN(CCOc1cccc2c(OC(=O)N(C)C)cccc12)CCC1CCCCCC1,47.9,active,454.6550000000004,6.741600000000008,0.0,4.0
CHEMBL5183251,CCCCN(CCC1CCCCCC1)Cc1cc2ccccc2cc1O,18623.0,inactive,353.54999999999995,6.508000000000008,1.0,2.0
CHEMBL5190129,CCCCN(CCC1CCCCCC1)Cc1ccc(OC(=O)N(C)C)c2ccccc12,101.2,active,424.62900000000013,6.862800000000009,0.0,3.0
CHEMBL5189102,CCCCN(CCc1c[nH]c2cc(O)ccc12)CCC1CCCCCC1,70639.0,inactive,356.55400000000026,5.878600000000006,2.0,2.0
CHEMBL5186889,CCCCN(CCc1c[nH]c2c(OC(=O)C(C)C)cccc12)CCC1CCCCCC1,1368.0,intermediate,426.6450000000003,6.734400000000008,1.0,3.0
CHEMBL5192664,CCCCN(CCC1CCCCCC1)Cc1cn(OC(=O)N(C)C)c2ccccc12,151.9,active,413.6060000000001,5.714100000000006,0.0,3.0
CHEMBL4758581,Cc1c(Nc2ccc(S(=O)(=O)N3CCN(C)CC3)cc2F)nc2ccc(Nc3cnn(C4CC4)c3)cn2c1=O,5500.0,intermediate,552.6360000000002,3.0967200000000012,2.0,8.0
CHEMBL4800073,C[C@H]1CCCN1Cc1nc2cc(NC(=O)c3ccc4cnccc4c3)ccc2[nH]1,250.0,active,385.47100000000006,4.347700000000002,2.0,4.0
CHEMBL5220250,O=c1c(NCCCCc2c3c(nc4cc(Cl)ccc24)CCCC3)c(NCCCCc2c3c(nc4ccc(Cl)cc24)CCCC3)c1=O,2.0,active,655.6700000000002,8.313000000000004,2.0,6.0
CHEMBL5219098,O=c1c(NCCCCCCCc2c3c(nc4ccccc24)CCCC3)c(NCCCCCCCc2c3c(nc4ccccc24)CCCC3)c1=O,13.0,active,670.9420000000002,9.346800000000002,2.0,6.0
CHEMBL5219563,C/C=C1\CN2CCc3c([nH]c4ccccc34)[C@@H]2C[C@@H]1/C(=C\OC)C(=O)OC,23.4,active,366.4610000000002,3.736600000000003,1.0,4.0
CHEMBL4458033,C=C[C@H]1COC(=O)C2=CN3CCc4c([nH]c5cccc(O[C@@H]6O[C@H](CO)[C@@H](O)[C@H](O)[C@H]6O)c45)[C@@H]3C[C@H]21,10.5,active,498.5320000000002,0.5085999999999995,5.0,9.0
CHEMBL206642,CC(C)c1ccc(NC(=O)Oc2ccc3c(c2)[C@]2(C)CCO[C@@H]2O3)cc1,2650.0,intermediate,353.4180000000001,4.817400000000005,1.0,4.0
CHEMBL5219352,CCOC(=O)c1cc2c(OC(=O)N(C)C)cccc2[n+](C)c1.O=C([O-])C(F)(F)F,7.0,active,416.3520000000001,1.2,0.0,6.0
CHEMBL5221017,COC(=O)C1=CN([11CH3])c2cccc(OC(=O)N(C)C)c2C1,1000000.0,inactive,289.3194336000001,1.7962,0.0,5.0
CHEMBL5220983,COC(=O)c1cc2c(OC(=O)N(C)C)cccc2[n+]([11CH3])c1,20.0,active,288.3114336,1.5112999999999999,0.0,4.0
CHEMBL5219350,CCN1/C(=C/C(C)=O)Sc2ccc(OC(=O)OCCOCCNC(=O)c3cc4c(OC(=O)N(C)C)cccc4[n+](C)c3)cc21.COS(=O)(=O)[O-],81.4,active,734.8060000000004,3.142100000000002,1.0,14.0
CHEMBL5218491,O=C(Oc1cc(O)c2c(=O)cc(-c3ccc(O)cc3)oc2c1)N1CCCCC1,62500.0,inactive,381.38400000000024,3.855900000000002,2.0,6.0
CHEMBL5219452,CNC(=O)Oc1cccc2c1CCC1C2CCN1CCC1CCCCC1,58.0,active,356.5100000000002,4.479300000000005,1.0,3.0
CHEMBL5220560,CCC(C)(C)NCC(O)c1cc(O)cc(OC(=O)N(C)C)c1,20000.0,inactive,310.394,2.2641999999999998,3.0,5.0
CHEMBL5220228,CCN(C)C(=O)Oc1cccc(CN2CCC(CCC(=O)c3cc(Cl)c(N)cc3OC)CC2)c1,4150.0,intermediate,488.0280000000003,5.256400000000005,1.0,6.0
CHEMBL5220283,CNC(=O)Oc1cccc(CN(C)CCCCCCOc2ccc3c(c2)O/C(=C\c2cc(OC)c(OC)c(OC)c2)C3=O)c1,0.52,active,604.7000000000003,6.118000000000007,1.0,9.0
CHEMBL5218900,CNC(=O)Oc1cccc(CN(C)CCCCCCOc2ccc(C(=O)/C=C/c3cc(OC)c(OC)c(OC)c3)c(O)c2)c1,1.33,active,606.7160000000002,6.1035000000000075,2.0,9.0
CHEMBL5218632,CNC(=O)Oc1cccc(CN(C)CCCCCCCOc2ccc(-c3cc(=O)c4ccccc4o3)cc2)c1,0.73,active,528.6490000000002,6.639500000000007,1.0,6.0
CHEMBL5219771,CNC(=O)Oc1cccc(CN(C)CCCCCCCOc2cccc(-c3cc(=O)c4ccccc4o3)c2)c1,0.52,active,528.6490000000002,6.639500000000007,1.0,6.0
CHEMBL2047525,CNC(=O)Oc1cccc(CN(C)CCCCCCCOc2ccc(-c3cc4ccccc4oc3=O)cc2)c1,1.2,active,528.6490000000002,6.639500000000007,1.0,6.0
CHEMBL5218931,CC(=O)N1CC[C@@]2(O)c3cc(OC(=O)Nc4ccccc4)ccc3N[C@@H]12,250.0,active,353.37800000000004,2.4889,3.0,5.0
CHEMBL5220093,COc1ccc(NC(=O)Oc2ccc3c(c2)[C@]2(O)CCN(C(C)=O)[C@@H]2N3)cc1,100000.0,inactive,383.40400000000017,2.4974999999999996,3.0,6.0
CHEMBL5219232,C#CCN[C@@H]1CCc2ccc(OC(=O)N(C)CC)cc21.C#CCN[C@@H]1CCc2ccc(OC(=O)N(C)CC)cc21,1000000.0,inactive,544.6960000000003,4.694400000000004,2.0,6.0
CHEMBL1195259,C#CCNC1CCc2c(OC(=O)N(C)C)cccc21,86000.0,inactive,258.321,1.9571,1.0,3.0
CHEMBL1193656,C#CCNC1CCc2c(OC(=O)N(C)CC)cccc21,150000.0,inactive,272.348,2.347200000000001,1.0,3.0
CHEMBL1190983,C#CCN(C)C1CCc2c(OC(=O)N(C)CC)cccc21,4000.0,intermediate,286.375,2.689400000000001,0.0,3.0
CHEMBL1193856,C#CCN(C)C1CCc2cccc(OC(=O)N(C)C)c21,730000.0,inactive,272.348,2.2993000000000006,0.0,3.0
CHEMBL5220742,O=C1CCOc2cc(OCCCCCSC(=S)N3CCCCC3)ccc21,100.0,active,393.5740000000002,4.704900000000004,0.0,5.0
CHEMBL5218447,CN(CCCOc1ccc2ccc(=O)oc2c1)Cc1cccc(OC(=O)NC2CCCC2)c1,521.0,active,450.53500000000025,4.724900000000004,1.0,6.0
CHEMBL5220375,CN(CCCOc1ccc2ccc(=O)oc2c1)Cc1cccc(OC(=O)NC2CCCCC2)c1,104.0,active,464.5620000000003,5.115000000000005,1.0,6.0
CHEMBL5219522,Cc1c(Cl)c(=O)oc2cc(OCCCCSC(=S)N3CCCCC3C)ccc12,6.8,active,440.0300000000002,5.806320000000006,0.0,5.0
CHEMBL5219483,Cc1c(Cl)c(=O)oc2cc(OCCCCSC(=S)N3C(C)CCCC3C)ccc12,114.0,active,454.0570000000002,6.194820000000005,0.0,5.0
CHEMBL5219841,COc1cccc2c1CCCC2NS(=O)(=O)NC(=O)OCc1ccccc1,0.209,active,390.4610000000001,2.833400000000001,2.0,5.0
CHEMBL5219046,CC[C@@]1(c2cccc(OC(=O)Nc3ccccc3)c2)CCCCN(C)C1,274.0,active,352.47800000000024,5.061000000000004,1.0,3.0
CHEMBL5219594,O=c1[nH]c2ccc(OCc3ccc(F)cc3)cc2c(=O)o1,76200.0,inactive,287.24600000000004,2.1994,1.0,4.0
CHEMBL5219958,CC(C)c1ccc(COc2ccc3[nH]c(=O)oc(=O)c3c2)cc1,55000.0,inactive,311.33700000000005,3.1837000000000018,1.0,4.0
CHEMBL5220884,Cn1ccc2cc(-c3cnc4ccc(C(=O)N5CCCCC5)cc4n3)ccc2c1=O,5400.0,intermediate,398.4660000000002,3.7748000000000026,0.0,4.0
CHEMBL3416658,COc1cc(/C=C2\Oc3cc(OCCN4CCCCC4)ccc3C2=O)cc(OC)c1OC,422.0,active,439.5080000000002,4.193300000000003,0.0,7.0
CHEMBL3416669,COc1ccc2c(c1)O/C(=C\c1ccc(OCCN3CCCCC3)c(Cl)c1)C2=O,160.0,active,413.90100000000024,4.829500000000005,0.0,5.0
CHEMBL5267000,O=C1/C(=C/c2ccc(OCCN3CCCCC3)cc2)Oc2ccccc21,348.0,active,349.43,4.167500000000003,0.0,4.0
CHEMBL3416654,COc1ccc(/C=C2\Oc3cc(OCCN4CCCCC4)ccc3C2=O)cc1,845.0,active,379.45600000000013,4.1761000000000035,0.0,5.0
CHEMBL5272095,O=C1/C(=C/c2ccc(OCCN3CCCC3)cc2)Oc2ccccc21,545.0,active,335.403,3.7774000000000028,0.0,4.0
CHEMBL3416657,COc1cc(/C=C2\Oc3cc(OCCN4CCCC4)ccc3C2=O)cc(OC)c1OC,643.0,active,425.48100000000017,3.803200000000003,0.0,7.0
CHEMBL5285953,CCOc1ccc2c(c1)O/C(=C\c1ccc(OCCN3CCCCC3)cc1)C2=O,45.0,active,393.48300000000023,4.566200000000003,0.0,5.0
CHEMBL5278858,O=c1c(O)c(-c2ccccc2)oc2cc(Br)c(I)cc12,10000.0,inactive,443.034,4.532700000000001,1.0,3.0
CHEMBL5270046,O=c1c(/C=N/Nc2ccc(C(F)(F)F)cc2)coc2c1ccc1oc(-c3ccc(Cl)cc3)cc12,5000.0,intermediate,482.8450000000002,7.324400000000003,1.0,5.0
CHEMBL5270908,COc1ccc(-c2cc3cc4c(=O)c(C=O)coc4cc3o2)cc1,10000.0,inactive,320.3,4.027300000000002,0.0,5.0
CHEMBL5267972,COc1ccc2[nH]cc(CCNC(=O)CN(CCCCC3CCN(Cc4ccccc4)CC3)C(=O)c3cc(=O)c4ccccc4o3)c2c1,2000.0,intermediate,648.8040000000003,6.166500000000006,2.0,6.0
CHEMBL5272435,COc1ccc2c(=O)cc(C(=O)NCCN3CCCCC3)oc2c1,90.0,active,330.3840000000001,2.0172999999999996,1.0,5.0
CHEMBL5266377,CCOP(=O)(OCC)C(NCCc1ccc(OC)cc1)c1coc2ccccc2c1=O,100.0,active,445.4520000000002,4.8986000000000045,1.0,7.0
CHEMBL5278147,COc1cc2c(cc1OC)/C(=N\NC(=O)C(C)c1ccc(CC(C)C)cc1)C(CC1CCN(Cc3ccccc3)CC1)C2,15.0,active,581.8010000000002,7.000900000000008,1.0,5.0
CHEMBL5272491,COc1ccc2c(c1)c(CC(=O)N/N=C1\c3cc(OC)c(OC)cc3CC1CC1CCN(Cc3ccccc3)CC1)c(C)n2C(=O)c1ccc(Cl)cc1,510.0,active,733.3090000000001,7.855020000000009,1.0,7.0
CHEMBL5289604,COc1cc2c(cc1OC)/C(=N\NC(=O)c1ccccc1OC(C)=O)C(CC1CCN(Cc3ccccc3)CC1)C2,46.0,active,555.6750000000002,5.237800000000005,1.0,7.0
CHEMBL5284423,COc1ccc2cc([C@H](C)C(=O)N/N=C3\c4cc(OC)c(OC)cc4CC3CC3CCN(Cc4ccccc4)CC3)ccc2c1,150.0,active,605.7790000000002,6.964200000000008,1.0,6.0
CHEMBL5288840,COc1cc2c(cc1OC)/C(=N\NC(=O)CNC(=O)C(C)c1ccc(CC(C)C)cc1)C(CC1CCN(Cc3ccccc3)CC1)C2,1190.0,intermediate,638.8530000000001,6.117100000000007,2.0,6.0
CHEMBL5276920,COc1cc2c(cc1OC)/C(=N\NC(=O)CCNC(=O)C(C)c1ccc(CC(C)C)cc1)C(CC1CCN(Cc3ccccc3)CC1)C2,4850.0,intermediate,652.88,6.507200000000007,2.0,6.0
CHEMBL5288918,COc1cc2c(cc1OC)/C(=N\NC(=O)C(NC(=O)C(C)c1ccc(CC(C)C)cc1)C(C)C)C(CC1CCN(Cc3ccccc3)CC1)C2,400.0,active,680.9339999999999,7.141700000000008,2.0,6.0
CHEMBL5277364,COc1cc2c(cc1OC)/C(=N\NC(=O)C(CC(C)C)NC(=O)C(C)c1ccc(CC(C)C)cc1)C(CC1CCN(Cc3ccccc3)CC1)C2,350.0,active,694.9609999999999,7.531800000000009,2.0,6.0
CHEMBL5272511,COc1cc2c(cc1OC)/C(=N\N)C(CC1CCN(Cc3ccccc3)CC1)C2,190.0,active,393.5310000000002,3.8412000000000033,1.0,5.0
CHEMBL5267817,CN1c2ccc(OC(=O)Nc3ccncc3)cc2[C@]2(C)CCO[C@H]12,7000.0,intermediate,325.3680000000001,3.1464000000000016,1.0,5.0
CHEMBL5279596,CN1c2ccc(OC(=O)Nc3cccnc3)cc2[C@]2(C)CCO[C@H]12,1700.0,intermediate,325.3680000000001,3.1464000000000016,1.0,5.0
CHEMBL5287904,COc1cc2c(cc1OC)C(=O)[C@]1(C2)[C@H](c2ccccc2OC)[C@H](Cc2c[nH]c3ccccc23)NC12C(=O)Nc1ccccc12,2760.0,intermediate,599.6870000000002,5.764800000000005,3.0,6.0
CHEMBL5274569,COc1cccc([C@@H]2[C@H](Cc3c[nH]c4ccccc34)NC3(C(=O)Nc4ccccc43)[C@@]23Cc2cc(OC)c(OC)cc2C3=O)c1,2310.0,intermediate,599.6870000000002,5.764800000000005,3.0,6.0
CHEMBL5273857,COc1cc2c(cc1OC)C(=O)[C@]1(C2)[C@H](c2cccc([N+](=O)[O-])c2)[C@H](Cc2c[nH]c3ccccc23)NC12C(=O)Nc1ccccc12,1890.0,intermediate,614.6580000000001,5.664400000000004,3.0,7.0
CHEMBL5286517,COc1cc2c(cc1OC)C(=O)[C@]1(C2)[C@H](c2ccc(C)cc2)[C@H](Cc2c[nH]c3ccccc23)NC12C(=O)Nc1ccccc12,14240.0,inactive,583.6880000000001,6.064620000000004,3.0,5.0
CHEMBL5269984,CCN(C)C(=O)Oc1ccc(C(CCOc2ccc([N+](=O)[O-])cc2)NC)cc1,101.0,active,387.43600000000004,3.7749000000000024,1.0,6.0
CHEMBL5265846,CCN(C)C(=O)Oc1ccc2c(c1)C=CC(C)N(C)C2CCOc1ccc([N+](=O)[O-])cc1,14.0,active,439.5120000000002,4.902600000000005,0.0,6.0
CHEMBL5270248,Cc1c(C)c2c(c(C)c1O)CCC(C)(C(=O)NCCC1CCN(Cc3ccccc3F)CC1)O2,540.0,active,468.6130000000003,4.958760000000004,2.0,4.0
CHEMBL5271815,C/C=C1/CN2CCc3c([nH]c4ccccc34)[C@@H]2CC1/C(=C\C(=O)OC)OC,3700.0,intermediate,366.4610000000002,3.736600000000003,1.0,4.0
CHEMBL5279434,CC1=C(CO[C@@H]2O[C@H](CO[C@@H]3O[C@H](CO)[C@@H](O)[C@H](O)[C@H]3O)[C@@H](O)[C@H](O)[C@H]2O)C(C)(C)CCC1,3200.0,intermediate,478.53500000000025,-1.8462999999999972,7.0,11.0
CHEMBL468568,COc1cc(CO)ccc1O[C@@H]1O[C@H](CO)[C@@H](O)[C@H](O)[C@H]1O,4550.0,intermediate,316.306,-1.6338000000000008,5.0,8.0
CHEMBL5275040,COc1cc([C@@H](O)[C@H](CO[C@@H]2O[C@H](CO)[C@@H](O)[C@H](O)[C@H]2O)Oc2ccc(CCCO)cc2OC)ccc1O,750.0,active,540.5620000000004,-0.36819999999999914,7.0,12.0
CHEMBL275224,c1ccc2c(c1)[nH]c1cnccc12,40000.0,inactive,168.19899999999998,2.7161,1.0,1.0
CHEMBL1957115,COc1ccc2c(c1)[nH]c1c(C(C)=O)nccc12,4000.0,intermediate,240.26199999999997,2.9273000000000007,1.0,3.0
CHEMBL5285611,C#CCn1c2cc(OC)ccc2c2ccnc(C)c21,1900.0,intermediate,250.301,3.1397200000000014,0.0,2.0
CHEMBL5274086,COc1ccc2c3ccnc(C)c3n(CC3CC(c4ccccc4)=NO3)c2c1,11000.0,inactive,371.44,4.699720000000005,0.0,4.0
CHEMBL5272229,COc1ccc([C@@H]2N[C@@H](C(=O)O)Cc3c2n(C)c2ccccc32)cc1OC,2500.0,intermediate,366.4170000000001,2.8838000000000017,2.0,4.0
CHEMBL5288400,COc1ccc2c3c([nH]c2c1N)C(C)NCC3,2000.0,intermediate,231.29899999999998,1.9654,3.0,3.0
CHEMBL12014,Cc1nccc2c1[nH]c1ccccc12,10000.0,inactive,182.226,3.0245200000000008,1.0,1.0
CHEMBL5285181,CCOC(=O)[n+]1ccc2c([nH]c3cc(OC)ccc32)c1C,250.0,active,285.32300000000004,2.930220000000001,1.0,3.0
CHEMBL5285678,CC(C)n1c2ccccc2c2cc[n+](-c3ccccc3)cc21,540.0,active,287.386,4.6521000000000035,0.0,0.0
CHEMBL5283780,Cc1ccc2c(c1)c1cc[n+](-c3ccccc3)cc1n2C,420.0,active,273.35900000000004,3.9166200000000018,0.0,0.0
CHEMBL5287537,Cc1ccc(-[n+]2ccc3c4ccccc4n(C)c3c2)cc1,290.0,active,273.35900000000004,3.9166200000000027,0.0,0.0
CHEMBL5282524,Cn1c2ccccc2c2cc[n+](-c3ccc(I)cc3)cc21,240.0,active,385.228,4.212800000000002,0.0,0.0
CHEMBL5281758,Cn1c2ccccc2c2cc[n+](-c3ccc(Cl)cc3)cc21,560.0,active,293.77700000000004,4.261600000000002,0.0,0.0
CHEMBL5276404,Cn1c2ccccc2c2cc[n+](-c3ccc(Br)cc3)cc21,9000.0,intermediate,338.228,4.370700000000003,0.0,0.0
CHEMBL5270788,COc1ccc(-[n+]2ccc3c4ccccc4n(C)c3c2)cc1,300.0,active,289.358,3.6168000000000022,0.0,1.0
CHEMBL5272549,CC1c2[nH]c3ccccc3c2CCN1C(=O)/C=C/c1ccc(O)c(O)c1,21000.0,inactive,348.402,3.7382000000000035,3.0,3.0
CHEMBL5266191,O=C1C2Cc3c([nH]c4ccccc34)[C@@H](c3ccc4c(c3)OCO4)N2C(=O)CN1CCC1CCN(Cc2ccccc2)CC1,36.0,active,576.6970000000003,4.883800000000005,1.0,5.0
CHEMBL5271210,O=C1[C@@H]2Cc3c([nH]c4ccccc34)[C@@H](c3ccc4c(c3)OCO4)N2C(=O)CN1CCC1CCN(Cc2ccccc2)CC1,32.0,active,576.6970000000003,4.883800000000005,1.0,5.0
CHEMBL5275356,COc1ccc([C@@H]2c3[nH]c4ccccc4c3C[C@H]3C(=O)N(CCC4CCN(Cc5ccccc5)CC4)CC(=O)N23)cc1,15.0,active,562.7140000000004,5.163700000000005,1.0,4.0
CHEMBL5280639,COc1ccc([C@@H]2c3[nH]c4ccccc4c3C[C@@H]3C(=O)N(CCC4CCN(Cc5ccccc5)CC4)CC(=O)N23)cc1,31.0,active,562.7140000000004,5.163700000000005,1.0,4.0
CHEMBL1198993,c1ccc2c(c1)[nH]c1c[n+](CCCCCCCCCCCC[n+]3ccc4c(c3)[nH]c3ccccc34)ccc12,86000.0,inactive,504.72200000000015,8.131800000000005,2.0,0.0
CHEMBL1198953,C[n+]1ccc2c3ccccc3n(CCCCCCCCCn3c4ccccc4c4cc[n+](C)cc43)c2c1,0.6,active,490.69500000000016,6.982300000000008,0.0,0.0
CHEMBL5280980,C[n+]1ccc2c3ccccc3n(CCc3ccccc3)c2c1,0.5,active,287.386,3.8617000000000026,0.0,0.0
CHEMBL5267519,Cn1c2ccccc2c2cc[n+](-c3ccc(Br)cc3Br)cc21,110.0,active,417.124,5.133200000000003,0.0,0.0
CHEMBL69507,C[n+]1ccc2c(c1)[nH]c1ccccc12,4100.0,intermediate,183.234,2.1456,1.0,0.0
CHEMBL5290939,Cn1c2c(c3ccccc31)CC[N+](c1ccc(Br)cc1)=C2,1500.0,intermediate,340.2439999999999,4.260000000000003,0.0,0.0
CHEMBL5274308,Cn1c2c(c3ccccc31)CC[N+](c1ccc(I)cc1)=C2,1500.0,intermediate,387.2439999999999,4.102100000000004,0.0,0.0
CHEMBL5222694,Cc1ccc([N+]2=Cc3c(c4ccccc4n3C)CC2)cc1,1500.0,intermediate,275.375,3.805920000000002,0.0,0.0
CHEMBL5269148,Cn1c2c(c3ccccc31)CC[N+](c1ccc(Br)cc1Br)=C2,10000.0,inactive,419.13999999999993,5.0225000000000035,0.0,0.0
CHEMBL3262489,CCCCCCCNC(=O)Oc1ccc2c(c1)CN1CCc3c([nH]c4ccccc34)C1N2C,10000.0,inactive,446.5950000000002,5.733400000000005,2.0,4.0
CHEMBL3262479,CN1c2ccc(OCc3ccccc3)cc2C(=O)N2CCc3c([nH]c4ccccc34)C21,3000.0,intermediate,409.4890000000002,4.893800000000004,1.0,3.0
CHEMBL5287874,C=C[C@H]1C[N+]2=C(C[C@@H]1/C(=C\OC)C(=O)OC)c1[nH]c3cccc(OC)c3c1CC2,4100.0,intermediate,395.4790000000002,3.0596000000000014,1.0,4.0
CHEMBL5286146,C=C[C@H]1[C@@H](/C(=C/O)C(=O)OC)C[C@H]2c3[nH]c4ccccc4c3CCN2[C@H]1O[C@@H]1O[C@H](CO)[C@@H](O)[C@H](O)[C@H]1O,1900.0,intermediate,530.5740000000003,0.6466999999999994,6.0,10.0
CHEMBL5315772,Cc1cc2cc3n(c(=O)c2cn1)CCc1c-3[nH]c2ccccc12,22000.0,inactive,301.349,3.409320000000002,1.0,2.0
CHEMBL3559488,COC(=O)C1=CO[C@@H](C)[C@H]2C[n+]3ccc4c([nH]c5ccccc54)c3C[C@H]12,780.0,active,349.4100000000001,2.872700000000001,1.0,3.0
CHEMBL602937,O=C1c2ccccc2-[n+]2ccc3c([nH]c4ccccc43)c21,1500.0,intermediate,271.29900000000004,3.1422000000000017,1.0,1.0
CHEMBL472788,c1ccc2c(c1)CN1CCc3c([nH]c4ccccc34)C1=N2,3400.0,intermediate,273.339,3.6179000000000023,1.0,2.0
CHEMBL5278053,O=C(CCN1CCCC1)Nc1ccc2c(c1)CN1CCc3c([nH]c4ccccc34)C1=N2,29.0,active,413.5250000000002,4.042300000000003,2.0,4.0
CHEMBL1098308,O=C(CN1CCCCC1)Nc1ccc2nc3c4[nH]c5ccccc5c4ccn3c(=O)c2c1,10.0,active,425.4920000000002,3.906600000000002,2.0,4.0
CHEMBL5266165,COc1cc2c(cc1OC)C(=O)/C(=C/c1ccc(OCCN3CCCCC3)cc1)C2,300.0,active,407.51000000000033,4.390900000000004,0.0,5.0
CHEMBL5272675,COc1ccc2c(c1)c(C=O)cn2CCCCCCCN(C)Cc1cccc(O)c1,5540.0,intermediate,408.54200000000014,5.250500000000006,1.0,4.0
CHEMBL5271644,COc1ccc2c(c1)c(C=O)cn2CCCCCCCCN(C)Cc1cccc(O)c1,2600.0,intermediate,422.5690000000002,5.640600000000006,1.0,4.0
CHEMBL5284235,COc1ccc2c(c1)c(C=O)cn2CCCCCCCCCN(C)Cc1cccc(O)c1,5190.0,intermediate,436.59600000000023,6.030700000000007,1.0,4.0
CHEMBL5283851,COc1ccc2c(c1)c(C=O)cn2CCCCCCCCCCN(C)Cc1cccc(O)c1,4520.0,intermediate,450.6230000000003,6.420800000000007,1.0,4.0
CHEMBL5272912,COc1ccc2c(c1)c(C=O)cn2CCCCCCCCCCCCN(C)Cc1cccc(O)c1,76520.0,inactive,478.67700000000036,7.201000000000008,1.0,4.0
CHEMBL5268704,COc1ccc2c(c1)c(C=O)cn2CCCCCCCN(C)Cc1ccc(O)cc1,1610.0,intermediate,408.54200000000014,5.250500000000006,1.0,4.0
CHEMBL5280435,COc1ccc2c(c1)c(C=O)cn2CCCCCCCCN(C)Cc1ccc(O)cc1,2060.0,intermediate,422.5690000000002,5.640600000000006,1.0,4.0
CHEMBL5286006,COc1ccc2c(c1)c(C=O)cn2CCCCCCCCCN(C)Cc1ccc(O)cc1,6230.0,intermediate,436.59600000000023,6.030700000000007,1.0,4.0
CHEMBL5278778,COc1ccc2c(c1)c(C=O)cn2CCCCCCCCCCN(C)Cc1ccc(O)cc1,600.0,active,450.6230000000003,6.420800000000007,1.0,4.0
CHEMBL5283238,COc1ccc2c(c1)c(C=O)cn2CCCCCCCCCCCCN(C)Cc1ccc(O)cc1,60610.0,inactive,478.67700000000036,7.201000000000008,1.0,4.0
CHEMBL5269046,COc1ccc2c(c1)c(C=O)cn2CCCCCCCCCCCCN(C)Cc1ccc(OC)c(OC)c1,44960.0,inactive,522.7300000000005,7.512600000000008,0.0,5.0
CHEMBL5282063,CCN(CCCCCCCCCCCCn1cc(C=O)c2cc(OC)ccc21)Cc1cccc(O)c1,42490.0,inactive,492.70400000000024,7.59110000000001,1.0,4.0
CHEMBL5270722,CN(CCCCCCCCCCCCn1cc(C=O)c2cc(O)ccc21)Cc1cccc(O)c1,177490.0,inactive,464.6500000000002,6.8980000000000095,2.0,4.0
CHEMBL5270796,CCCCCCCCCCCC1=CC(=O)C=CC1=O,7910.0,intermediate,262.393,4.541700000000004,0.0,2.0
CHEMBL5280671,COc1cc(O)cc(-c2cc3ccc(O)c(C/C=C(\C)CCC=C(C)C)c3o2)c1CC=C(C)C,200000.0,inactive,460.6140000000004,8.263500000000006,2.0,4.0
CHEMBL517247,CC(C)=CCC/C(C)=C/Cc1c(O)ccc2cc(-c3cc(O)cc(O)c3CC=C(C)C)oc12,23050.0,inactive,446.5870000000002,7.960500000000008,3.0,4.0
CHEMBL5287353,CC(C)=CCCC1(C)C=Cc2c(ccc3cc(-c4cc(O)cc(O)c4CC=C(C)C)oc23)O1,4610.0,intermediate,444.57100000000025,7.930400000000008,2.0,4.0
CHEMBL5277231,CC12CC(c3c(O)cc(-c4cc5ccc(O)cc5o4)cc3O)CC3c4ccc(O)cc4OC31C2,200000.0,inactive,456.49400000000026,6.124600000000007,4.0,6.0
CHEMBL5278221,CC(C)=CCC/C(C)=C/CC/C(C)=C\Cc1c(O)cc(O)c(CC=C(C)C)c1-c1cc2ccc(O)cc2o1,13920.0,inactive,514.7060000000002,9.68699999999999,3.0,4.0
CHEMBL249448,O=C(/C=C/c1ccc(O)c(O)c1)O[C@@H]1[C@H](O)C[C@@](O)(C(=O)O)C[C@H]1OC(=O)/C=C/c1ccc(O)c(O)c1,2140.0,intermediate,516.4550000000003,1.0295999999999996,7.0,11.0
CHEMBL2235239,COc1cc(O)c2c(=O)cc(-c3ccccc3)oc2c1OC,2460.0,intermediate,298.29400000000004,3.182800000000001,1.0,5.0
CHEMBL4089910,Cc1cc2c(c(C)c1CCO[C@@H]1O[C@H](CO)[C@@H](O)[C@H](O)[C@H]1O)C(=O)[C@H](C)C2,2550.0,intermediate,380.4370000000001,0.03733999999999971,4.0,7.0
CHEMBL5287890,Cc1cc2c(c(C)c1CCO[C@@H]1O[C@H](CO)[C@@H](O)[C@H](O)[C@H]1O)C(=O)[C@@H](C)[C@H]2O,9170.0,intermediate,396.4360000000001,-0.4717600000000001,5.0,8.0
CHEMBL5278532,Cc1cc2c(c(C)c1CCO[C@@H]1O[C@H](CO)[C@@H](O)[C@H](O)[C@H]1O)C(=O)[C@H](C)[C@H]2O,3770.0,intermediate,396.4360000000001,-0.4717600000000001,5.0,8.0
CHEMBL4097388,Cc1cc2c(c(C)c1CCO[C@@H]1O[C@H](CO)[C@@H](O)[C@H](O)[C@H]1O)C(=O)C(C)(C)[C@H]2O,27400.0,inactive,410.46300000000014,-0.08166000000000023,5.0,8.0
CHEMBL471187,Oc1cc(O)cc(Oc2c(O)cc(O)c3c2Oc2c(O)cc(O)cc2O3)c1,10030.0,inactive,372.2850000000001,3.610500000000002,6.0,9.0
CHEMBL5274481,Oc1cc(O)cc(Oc2cc(O)c(O)c3c2Oc2c(O)cc(Oc4c(O)cc(Oc5c(O)cc(O)c6c5Oc5c(O)cc(O)cc5O6)cc4O)cc2O3)c1,5690.0,intermediate,742.5540000000003,7.621099999999999,11.0,18.0
CHEMBL443626,Oc1cc(O)cc(Oc2c(O)cc(O)c3c2Oc2c(cc(O)c(-c4c(O)cc5c(c4O)Oc4c(Oc6cc(O)cc(O)c6)c(O)cc(O)c4O5)c2O)O3)c1,4590.0,intermediate,742.5540000000005,7.201399999999998,12.0,18.0
CHEMBL5268811,COc1ccc(NCC2CCN(Cc3ccccc3)CC2)cc1,165.0,active,310.4410000000001,4.019300000000003,1.0,3.0
CHEMBL5274016,COc1ccccc1NCC1CCN(Cc2ccccc2)CC1,157.0,active,310.44100000000003,4.019300000000003,1.0,3.0
CHEMBL5287982,COc1ccc(NCC2CCN(Cc3ccccc3)CC2)cc1OC,145.0,active,340.46700000000016,4.027900000000003,1.0,4.0
CHEMBL5268019,COc1ccc(NC(=O)C2CCN(C(=O)c3ccccc3)CC2)cc1,9.78,active,338.4070000000001,3.1861000000000015,1.0,3.0
CHEMBL5266286,COc1ccccc1NC(=O)C1CCN(C(=O)c2ccccc2)CC1,8.46,active,338.40700000000004,3.1861000000000015,1.0,3.0
CHEMBL1613299,COc1ccc(NC(=O)C2CCN(C(=O)c3ccccc3)CC2)cc1OC,4.11,active,368.43300000000016,3.194700000000002,1.0,4.0
CHEMBL5268897,CCC1=CC2Cc3nc4cc(Cl)ccc4c(NCCCN4CCC(CC5Cc6cc(OC)c(OC)cc6C5)CC4)c3C(C1)C2.Cl.Cl,3.85,active,687.1960000000001,9.454199999999997,1.0,5.0
CHEMBL5276617,CCC1=CC2Cc3nc4cc(Cl)ccc4c(NCCN4CCC(CC5Cc6cc(OC)c(OC)cc6C5)CC4)c3C(C1)C2.Cl.Cl,28.6,active,673.1690000000002,9.064099999999998,1.0,5.0
CHEMBL5276338,COc1cc2c(cc1OC)CC(CC1CCN(CCCNc3c4c(nc5cc(Cl)ccc35)CC3C=C(C)CC4C3)CC1)C2.Cl.Cl,2.61,active,673.1689999999999,9.064099999999998,1.0,5.0
CHEMBL5290959,COc1cc2c(cc1OC)CC(CC1CCN(CCNc3c4c(nc5cc(Cl)ccc35)CC3C=C(C)CC4C3)CC1)C2.Cl.Cl,13.0,active,659.1419999999999,8.674000000000001,1.0,5.0
CHEMBL1190127,O=C(NCCCCCCCNc1c2c(nc3cc(Cl)ccc13)CCCC2)c1ccc2nc(-c3ccc(Cl)cc3)c3c(c2c1)OCCC3,18.3,active,667.6810000000002,9.752999999999997,2.0,5.0
CHEMBL1195130,O=C(CCc1ccc2nc(-c3ccccc3)c3c(c2c1)OCCC3)NCCCCCCNc1c2c(nc3cc(Cl)ccc13)CCCC2,11.1,active,647.2630000000001,9.0285,2.0,5.0
CHEMBL1194486,O=C(CCc1ccc2nc(-c3ccccc3)c3c(c2c1)OCCC3)NCCCCCCCNc1c2c(nc3cc(Cl)ccc13)CCCC2,11.4,active,661.2900000000002,9.418599999999998,2.0,5.0
CHEMBL1194487,O=C(CCc1ccc2nc(-c3ccccc3)c3c(c2c1)OCCC3)NCCCCCCCCNc1c2c(nc3cc(Cl)ccc13)CCCC2,14.0,active,675.3170000000002,9.808699999999998,2.0,5.0
CHEMBL5279409,O=C1Cc2cc(N3C(=O)c4ccccc4C3=O)ccc2CN1C(=O)c1ccccc1,65.6,active,396.40200000000016,3.2123000000000017,0.0,4.0
CHEMBL5273978,Cc1cccc(C(=O)N2Cc3ccc(N4C(=O)c5ccccc5C4=O)cc3CC2=O)c1,25.48,active,410.4290000000002,3.5207200000000016,0.0,4.0
CHEMBL5277927,COc1ccccc1C(=O)N1Cc2ccc(N3C(=O)c4ccccc4C3=O)cc2CC1=O,81.65,active,426.42800000000017,3.220900000000001,0.0,5.0
CHEMBL5289994,COc1ccc(C(=O)N2Cc3ccc(N4C(=O)c5ccccc5C4=O)cc3CC2=O)cc1,81.85,active,426.42800000000017,3.220900000000002,0.0,5.0
CHEMBL5267312,C/C(=C\C1=CCN(C(=O)CCc2ccccc2)C(=O)C1)N1C(=O)c2ccccc2C1=O,55.26,active,414.4610000000002,3.504500000000003,0.0,4.0
CHEMBL5266033,COc1cc(/C=C/c2nnc(-c3ccc(Cl)cc3)o2)ccc1O,0.334,active,328.75500000000005,4.274600000000003,1.0,5.0
CHEMBL5272625,COc1cc(/C=C/c2nnc(-c3ccc(Cl)cc3Cl)o2)ccc1O,0.22,active,363.20000000000005,4.9280000000000035,1.0,5.0
CHEMBL5269238,COc1cc(/C=C/c2nnc(-c3ccc(F)cc3)o2)ccc1O,0.284,active,312.3,3.760300000000002,1.0,5.0
CHEMBL5286535,COc1cc(/C=C/c2nnc(-c3ccc(F)cc3F)o2)ccc1O,0.19,active,330.29,3.899400000000002,1.0,5.0
CHEMBL5265752,COc1ccc(/C=C/C(=O)c2cc(I)c(Cl)cc2O)cc1,11.72,active,414.6260000000001,4.554900000000003,1.0,3.0
CHEMBL5291052,O=C(/C=C/c1ccc(F)cc1)c1cc(I)c(Br)cc1O,10.98,active,447.04100000000005,4.794500000000003,1.0,2.0
CHEMBL5275941,COc1cc(O)c(C(=O)/C=C/c2ccc(F)cc2)cc1I,9.38,active,398.171,4.040600000000001,1.0,3.0
CHEMBL5272974,COc1ccc(/C=C/C(=O)c2cc(I)c(OC)cc2O)cc1,10.96,active,410.2070000000001,3.9101000000000026,1.0,4.0
CHEMBL5282833,O=c1c(O)c(-c2ccc(F)cc2)oc2cc(F)c(I)cc12,3.23,active,400.118,4.048400000000001,1.0,3.0
CHEMBL5274465,O=c1c(O)c(-c2ccc(Cl)cc2)oc2cc(F)c(I)cc12,3.45,active,416.573,4.5627,1.0,3.0
CHEMBL5272243,COc1ccc(-c2oc3cc(Br)c(I)cc3c(=O)c2O)cc1,28.99,active,473.06000000000006,4.541300000000002,1.0,4.0
CHEMBL5278429,COc1ccc(-c2oc3cc(OC)c(I)cc3c(=O)c2O)cc1,7.19,active,424.19000000000005,3.7874000000000025,1.0,5.0
CHEMBL5288752,O=c1c(/C=N/Nc2ccc(C(F)(F)F)cc2)coc2cc3oc(-c4cccc(F)c4)cc3cc12,7600.0,intermediate,466.3900000000002,6.810100000000002,1.0,5.0
CHEMBL5268805,O=c1c(/C=N/Nc2ccc(C(F)(F)F)cc2)coc2cc3oc(-c4cccc(Cl)c4)cc3cc12,18300.0,inactive,482.84500000000025,7.3244000000000025,1.0,5.0
CHEMBL5288184,COc1ccc(-c2cc3cc4c(=O)c(/C=N/Nc5ccc(C(F)(F)F)cc5)coc4cc3o2)cc1,5400.0,intermediate,478.42600000000016,6.679600000000003,1.0,6.0
CHEMBL5273380,O=c1c(/C=N/Nc2ccc(C(F)(F)F)cc2)coc2c1ccc1oc(-c3cccc(F)c3)cc12,10400.0,inactive,466.3900000000002,6.810100000000004,1.0,5.0
CHEMBL5290626,O=c1ccoc2ccc(Oc3ccccc3)cc12,3000.0,intermediate,238.24200000000002,3.585300000000002,0.0,3.0
CHEMBL111309,Cc1c(C)c2ccc(OCc3ccccc3)cc2oc1=O,3000.0,intermediate,280.32300000000004,3.9888400000000033,0.0,3.0
CHEMBL5271985,Cc1cc(=O)c2cc(Oc3ccccc3)ccc2o1,3000.0,intermediate,252.269,3.893720000000002,0.0,3.0
CHEMBL109084,Cc1c(C)c2ccc(OCCc3ccccc3)cc2oc1=O,3000.0,intermediate,294.35,4.031340000000004,0.0,3.0
CHEMBL108928,Cc1c(C)c2ccc(OCc3cc(F)cc(F)c3)cc2oc1=O,3000.0,intermediate,316.30300000000005,4.267040000000003,0.0,3.0
CHEMBL274030,Cc1c(C)c2ccc(OCc3ccc(Cl)cc3)cc2oc1=O,3000.0,intermediate,314.7680000000001,4.642240000000004,0.0,3.0
CHEMBL325761,Cc1c(C)c2ccc(OCc3ccc(F)c(F)c3)cc2oc1=O,3000.0,intermediate,316.30300000000005,4.267040000000002,0.0,3.0
CHEMBL276076,Cc1c(C)c2ccc(OCc3ccc(F)cc3)cc2oc1=O,3000.0,intermediate,298.31300000000005,4.127940000000003,0.0,3.0
CHEMBL18966,Cc1ccc(COc2ccc3c(C)c(C)c(=O)oc3c2)cc1,3000.0,intermediate,294.34999999999997,4.297260000000004,0.0,3.0
CHEMBL108697,Cc1c(C)c2ccc(OCc3cccc(F)c3)cc2oc1=O,3000.0,intermediate,298.31300000000005,4.127940000000003,0.0,3.0
CHEMBL320251,Cc1c(C)c2ccc(OCc3cccc(N)c3)cc2oc1=O,3000.0,intermediate,295.338,3.571040000000001,1.0,4.0
CHEMBL111310,COc1cccc(COc2ccc3c(C)c(C)c(=O)oc3c2)c1,3000.0,intermediate,310.34900000000005,3.9974400000000037,0.0,4.0
CHEMBL107488,Cc1c(C)c2ccc(OCc3cccc(O)c3)cc2oc1=O,3000.0,intermediate,296.32200000000006,3.694440000000003,1.0,4.0
CHEMBL107541,Cc1ccccc1COc1ccc2c(C)c(C)c(=O)oc2c1,3000.0,intermediate,294.35,4.297260000000004,0.0,3.0
CHEMBL109085,Cc1cccc(COc2ccc3c(C)c(C)c(=O)oc3c2)c1,3000.0,intermediate,294.35,4.297260000000004,0.0,3.0
CHEMBL5278549,Cc1ccc(-c2noc(-c3cccc(OCC4CCN(Cc5ccccc5)CC4)c3)n2)cn1,740.0,active,440.5470000000002,5.398020000000005,0.0,6.0
CHEMBL5267104,Cc1ccc(-c2noc(-c3cccc(OCC4CCN(Cc5ccc(F)cc5)CC4)c3)n2)cn1,2990.0,intermediate,458.5370000000002,5.537120000000005,0.0,6.0
CHEMBL5266237,Cc1ccc(-c2noc(-c3cccc(OCC4CCN(Cc5ccccc5F)CC4)c3)n2)cn1,290.0,active,458.5370000000002,5.537120000000005,0.0,6.0
CHEMBL5278087,Cc1ccc(-c2noc(-c3cccc(OCC4CCN(Cc5cccc(F)c5)CC4)c3)n2)cn1,380.0,active,458.5370000000002,5.537120000000005,0.0,6.0
CHEMBL5290940,Cc1ccc(-c2noc(-c3cccc(OCC4CCN(Cc5ccccc5Cl)CC4)c3)n2)cn1,570.0,active,474.9920000000002,6.051420000000006,0.0,6.0
CHEMBL5276202,Cl.Oc1cccc2ccc(/C=C/C3=CCN(Cc4ccccc4C(F)(F)F)CC3)nc12,161000.0,inactive,446.90000000000015,6.226500000000005,1.0,3.0
CHEMBL5279102,CC(C)C[C@@H](NC(=O)C1(C(F)(F)F)CCCCC1)C(=O)Nc1nnc(Cc2ccc(C#N)cc2)s1,7610.0,intermediate,507.58200000000016,4.982780000000004,2.0,6.0
CHEMBL3634645,CCN(CC)C(=O)Oc1ccc(-c2cc(=O)c3c(O)c(O)c(O)cc3o2)cc1,1200.0,intermediate,385.37200000000007,3.4174000000000024,3.0,7.0
CHEMBL477770,CN(C)Cc1c(O)c(O)c(O)c2c(=O)cc(-c3ccccc3)oc12,81990.0,inactive,327.336,2.6384000000000016,3.0,6.0
CHEMBL5278007,COc1ccc(-c2cc(=O)c3ccc(OCCN4CCC(C)CC4)cc3o2)cc1,6.33,active,393.4830000000002,4.579300000000004,0.0,5.0
CHEMBL5273737,COc1ccc(-c2cc(=O)c3ccc(OCCN4CCN(CCO)CC4)cc3o2)cc1,7.56,active,424.49700000000024,2.4573,1.0,7.0
CHEMBL5276955,COc1ccc(-c2cc(=O)c3ccc(OCCN4CCOCC4)cc3o2)cc1,11.0,active,381.42800000000017,3.1796000000000015,0.0,6.0
CHEMBL5284318,CCN(CC)CCOc1ccc2c(=O)cc(-c3ccc(OC)cc3)oc2c1,27.1,active,367.4450000000001,4.189200000000003,0.0,5.0
CHEMBL5285784,COc1ccc(-c2cc(=O)c3ccc(OCCN4CCCC4)cc3o2)cc1,104.8,active,365.42900000000014,3.9432000000000027,0.0,5.0
CHEMBL5282182,CCC(=O)CNC(=O)Nc1nc2ccc(-c3oc4c(OC)c(O)c(O)c(OC)c4c(=O)c3O)cc2s1,100.0,active,515.5000000000003,3.3043000000000013,5.0,11.0
CHEMBL5276273,CN(C)CCNC(=O)COc1cc(O)c2c(=O)c(-c3ccc(O)cc3)coc2c1.Cl,2750.0,intermediate,434.87600000000003,2.3496,3.0,7.0
CHEMBL5286597,CCN(CC)CCCCOc1cc(O)c2c(=O)c(-c3ccc(O)cc3)coc2c1,100.0,active,397.4710000000001,4.372000000000003,2.0,6.0
CHEMBL4527805,COc1ccc(/C=C2\COc3cc(OCCCN4CCCCC4)ccc3C2=O)cc1,3940.0,intermediate,407.5100000000002,4.608700000000004,0.0,5.0
CHEMBL5285094,COc1cc2oc3cccc(O)c3c(=O)c2c(O)c1CN(C)C,100000.0,inactive,315.3250000000001,2.427600000000001,2.0,6.0
CHEMBL5286183,Cc1ccc(NCC[C@@H]2CCCN3CCCC[C@H]23)c2c(=O)c3ccccc3sc12,5200.0,intermediate,406.5950000000001,5.789620000000006,1.0,4.0
CHEMBL5290033,Cc1ccc(NCC[C@@H]2CCCN3CCCC[C@H]23)c2c(=O)c3ccccc3oc12,140.0,active,390.5270000000001,5.321120000000005,1.0,4.0
CHEMBL5281699,CN1CCc2c(c3ccccc3n2Cc2ccccc2C(=O)NCCO[N+](=O)[O-])C1,14800.0,inactive,408.45800000000025,2.6156000000000006,1.0,5.0
CHEMBL269538,COc1ccc2c(c1)[nH]c1c(C)nccc12,11300.0,inactive,212.25199999999998,3.033120000000001,1.0,2.0
CHEMBL5284727,O=C1CC2CCc3ccsc3C2=NN1CCCCN1CCN(Cc2cccc3c2ccn3S(=O)(=O)c2ccccc2)CC1,7610.0,intermediate,615.8250000000002,5.036600000000005,0.0,7.0
CHEMBL5285633,O=C1CC2CCCc3ccsc3C2=NN1CCCCN1CCN(Cc2ccccc2)CC1,1230.0,intermediate,450.6520000000003,4.235000000000004,0.0,5.0
CHEMBL5283557,O=C1CC2CCc3ccsc3C2=NN1Cc1ccc(CN2CCN(Cc3ccccc3)CC2)cc1,3650.0,intermediate,484.6690000000003,4.764900000000004,0.0,5.0
CHEMBL5291438,O=C1CC2CCc3ccsc3C2=NN1CCCCN1CCCCC1,2090.0,intermediate,345.5120000000002,3.5130000000000026,0.0,4.0
CHEMBL5282788,O=C1CC2Cc3ccsc3C2=NN1CCCCN1CCN(Cc2ccccc2)CC1,538.0,active,422.5980000000002,3.4548000000000023,0.0,5.0
CHEMBL5279473,O=C1CC2CCc3ccsc3C2=NN1CCCCN1CCCC1,1160.0,intermediate,331.4850000000002,3.1229000000000022,0.0,4.0
CHEMBL5283494,O=C1CC2CCc3ccsc3C2=NN1CCN1CCN(Cc2ccccc2)CC1,170.0,active,408.57100000000025,3.064700000000002,0.0,5.0
CHEMBL5270598,O=C1CC2CCc3ccsc3C2=NN1CN1CCN(Cc2ccccc2)CC1,13600.0,inactive,394.5440000000002,3.0222000000000016,0.0,5.0
CHEMBL5272119,CCN(CC)CCCCN1N=C2c3sccc3CCC2CC1=O,2930.0,intermediate,333.5010000000002,3.3689000000000027,0.0,4.0
CHEMBL5272474,CN(C)CCCCN1N=C2c3sccc3CCC2CC1=O,6360.0,intermediate,305.44700000000006,2.5887000000000002,0.0,4.0
CHEMBL5265814,O=C1CC2CCc3ccsc3C2=NN1CCCCN1CCN(Cc2ccccc2)CC1,756.0,active,436.6250000000003,3.8449000000000026,0.0,5.0
CHEMBL5275931,O=C1CC2CCc3ccsc3C2=NN1CCCCCN1CCN(Cc2cccc3c2ccn3S(=O)(=O)c2ccccc2)CC1,4440.0,intermediate,629.8520000000002,5.426700000000006,0.0,7.0
CHEMBL5283896,O=C1CC2CCc3ccsc3C2=NN1CCCCCCN1CCN(Cc2cccc3c2ccn3S(=O)(=O)c2ccccc2)CC1,9800.0,intermediate,643.8790000000002,5.816800000000007,0.0,7.0
CHEMBL5282158,O=C1CC2CCc3ccsc3C2=NN1CCCCCCCN1CCN(Cc2cccc3c2ccn3S(=O)(=O)c2ccccc2)CC1,4560.0,intermediate,657.9060000000003,6.206900000000007,0.0,7.0
CHEMBL5275394,O=C1CC2Cc3ccsc3C2=NN1CCCCN1CCN(Cc2cccc3c2ccn3S(=O)(=O)c2ccccc2)CC1,3550.0,intermediate,601.7980000000001,4.646500000000005,0.0,7.0
CHEMBL5287809,O=C1CC2Cc3ccsc3C2=NN1CCCCCN1CCN(Cc2cccc3c2ccn3S(=O)(=O)c2ccccc2)CC1,6890.0,intermediate,615.8250000000002,5.036600000000005,0.0,7.0
CHEMBL5285645,O=C1CC2Cc3ccsc3C2=NN1CCCCCCN1CCN(Cc2cccc3c2ccn3S(=O)(=O)c2ccccc2)CC1,9180.0,intermediate,629.8520000000001,5.426700000000006,0.0,7.0
CHEMBL5281673,O=C1CC2Cc3ccsc3C2=NN1CCCCCCCN1CCN(Cc2cccc3c2ccn3S(=O)(=O)c2ccccc2)CC1,7180.0,intermediate,643.8790000000001,5.816800000000007,0.0,7.0
CHEMBL5288465,O=C1CC2CCc3sccc3C2=NN1CCCCN1CCN(Cc2ccccc2)CC1,860.0,active,436.6250000000003,3.8449000000000026,0.0,5.0
CHEMBL5286328,CC1(C)O[C@@H]2[C@@H](O)[C@H]3NC(=O)O[C@H]3C[C@@H]2O1,58700.0,inactive,229.23199999999997,-0.25190000000000046,2.0,5.0
CHEMBL4876038,COc1cccc(C2CC(c3cc(F)ccc3F)=NN2c2ccc(S(N)(=O)=O)cc2)c1OC,6.36,active,473.5010000000002,3.985100000000002,1.0,6.0
CHEMBL4847624,COc1ccc(C2CC(c3cc(F)ccc3F)=NN2c2ccc(S(N)(=O)=O)cc2)c(OC)c1,6.36,active,473.5010000000002,3.985100000000002,1.0,6.0
CHEMBL4869398,COc1ccc(OC)c(C2CC(c3cc(F)ccc3F)=NN2c2ccc(S(N)(=O)=O)cc2)c1,6.36,active,473.50100000000015,3.985100000000002,1.0,6.0
CHEMBL4849196,COc1ccc(C2CC(c3cc(F)ccc3F)=NN2c2ccc(S(N)(=O)=O)cc2)cc1OC,6.36,active,473.5010000000002,3.985100000000002,1.0,6.0
CHEMBL4857592,COc1cccc(C2CC(c3cc(F)cc(F)c3)=NN2c2ccc(S(N)(=O)=O)cc2)c1OC,6.36,active,473.5010000000002,3.985100000000002,1.0,6.0
CHEMBL4847613,COc1ccc(C2CC(c3cc(F)cc(F)c3)=NN2c2ccc(S(N)(=O)=O)cc2)c(OC)c1,6.36,active,473.5010000000002,3.985100000000002,1.0,6.0
CHEMBL4872387,COc1ccc(OC)c(C2CC(c3cc(F)cc(F)c3)=NN2c2ccc(S(N)(=O)=O)cc2)c1,6.36,active,473.50100000000015,3.985100000000002,1.0,6.0
CHEMBL4864555,COc1ccc(C2CC(c3cc(F)cc(F)c3)=NN2c2ccc(S(N)(=O)=O)cc2)cc1OC,6.36,active,473.5010000000002,3.985100000000002,1.0,6.0
CHEMBL2236140,Cc1ccc2cc(C3CC(c4sccc4Cl)=NN3)c(Cl)nc2c1,200.0,active,362.2850000000001,5.350220000000003,1.0,4.0
CHEMBL2236142,Cc1ccc2cc(C3CC(c4cc(Cl)sc4Cl)=NN3)c(Cl)nc2c1,150.0,active,396.73,6.003620000000002,1.0,4.0
CHEMBL2238280,Cc1ccc(C(=O)/C=C/c2ccc(N3CCCCC3)cc2)s1,130.0,active,311.44999999999993,4.9429200000000035,0.0,3.0
CHEMBL2238282,O=C(/C=C/c1ccc(N2CCCCC2)cc1)c1sccc1Cl,160.0,active,331.86799999999994,5.287900000000004,0.0,3.0
CHEMBL4636881,CC(=O)Nc1c(F)cc(C(=O)N[C@H]2CC[C@H](O)CC2)cc1O[C@@H](C)c1ccccc1,7943.28,intermediate,414.47700000000015,3.9574000000000034,3.0,4.0
CHEMBL4635134,CNC(=O)c1cc(C(=O)NC2CC2)cn(Cc2ccccc2)c1=O,100000.0,inactive,325.368,1.1483999999999992,2.0,3.0
CHEMBL4639128,COCc1nc2cnc3cc(-c4c(C)noc4C)c(OC[C@H]4CCNC4)cc3c2n1[C@H](C)c1ccccc1,63095.73,inactive,511.6260000000003,5.600340000000005,1.0,7.0
CHEMBL5078078,CC(C)(O)c1ccc(N2Cc3c(ccnc3-c3ccc(F)cc3OCC(F)(F)F)C2=O)cc1,10000.0,inactive,460.42700000000013,5.216600000000003,1.0,4.0
CHEMBL5071046,CON(C)C(=O)Oc1ccccc1C(=O)NCCc1c[nH]c2ccccc12,3240.0,intermediate,367.40500000000003,3.1324000000000014,2.0,4.0
CHEMBL5433956,Cc1cc(=O)[nH]c2c1C(=O)C(NCCNc1c3c(nc4ccccc14)CCCC3)=CC2=O,667.0,active,428.49200000000025,3.0749200000000014,3.0,6.0
CHEMBL5400395,Cc1cc(=O)[nH]c2c1C(=O)C(NCCCCNc1c3c(nc4ccccc14)CCCC3)=CC2=O,58.3,active,456.5460000000003,3.855120000000003,3.0,6.0
CHEMBL5417392,Cc1cc(=O)[nH]c2c1C(=O)C(NCCNc1c3c(nc4cc(Cl)ccc14)CCCC3)=CC2=O,121.0,active,462.93700000000024,3.7283200000000027,3.0,6.0
CHEMBL5408925,Cc1cc(=O)[nH]c2c1C(=O)C(NCCCNc1c3c(nc4cc(Cl)ccc14)CCCC3)=CC2=O,11.1,active,476.9640000000003,4.118420000000003,3.0,6.0
CHEMBL5423918,Cc1cc(=O)[nH]c2c1C(=O)C(NCCCCNc1c3c(nc4cc(Cl)ccc14)CCCC3)=CC2=O,5.58,active,490.9910000000003,4.508520000000004,3.0,6.0
CHEMBL5431573,Brc1ccc(-c2csc(/C=C/c3ccccc3)n2)cc1,78.5,active,342.261,5.743000000000004,0.0,2.0
CHEMBL5410177,COc1ccc(/C=C/c2nc(-c3ccc(OC)cc3)cs2)cc1,63.6,active,323.417,4.997700000000004,0.0,4.0
CHEMBL5417332,CCN(C)C(=O)Oc1ccc(-c2cc(=O)c3c(O)c(O)c(OC(=O)N[C@@H](Cc4ccccc4)C(=O)OC(C)(C)C)cc3o2)cc1,4730.0,intermediate,618.6390000000002,5.3631000000000055,3.0,10.0
CHEMBL5408499,CN(CCC1CCCCCC1)Cc1c[nH]c2c(O)cccc12,11593.0,inactive,300.446,4.665800000000004,2.0,2.0
CHEMBL5435281,CN(CCC1CCCCCC1)Cc1c[nH]c2c(OC(=O)N(C)C)cccc12,558.6,active,371.5250000000001,5.020600000000004,1.0,3.0
CHEMBL5395691,CCN(C)C(=O)Oc1cccc2c(CN(C)CCC3CCCCCC3)c[nH]c12,6816.0,intermediate,385.5520000000002,5.410700000000006,1.0,3.0
CHEMBL5440735,CC(C)N(C)C(=O)Oc1cccc2c(CN(C)CCC3CCCCCC3)c[nH]c12,2833.0,intermediate,399.5790000000003,5.799200000000006,1.0,3.0
CHEMBL5429608,CN(CCC1CCCCCC1)Cc1c[nH]c2c(OC(=O)N(C)C(C)(C)C)cccc12,10042.0,inactive,413.60600000000017,6.1893000000000065,1.0,3.0
CHEMBL5396394,CN(CCC1CCCCCC1)Cc1c[nH]c2c(OC(=O)N(C)Cc3ccccc3)cccc12,531.2,active,447.62300000000016,6.591000000000007,1.0,3.0
CHEMBL5405929,CCN(CC)C(=O)Oc1cccc2c(CN(C)CCC3CCCCCC3)c[nH]c12,5590.0,intermediate,399.5790000000003,5.800800000000006,1.0,3.0
CHEMBL5407856,CC(C)N(C(=O)Oc1cccc2c(CN(C)CCC3CCCCCC3)c[nH]c12)C(C)C,4629.0,intermediate,427.63300000000027,6.577800000000007,1.0,3.0
CHEMBL5426763,CN(CCC1CCCCCC1)Cc1c[nH]c2c(OC(=O)N3CCCCC3)cccc12,529.1,active,411.59000000000026,5.944900000000007,1.0,3.0
CHEMBL5407369,CN(CCC1CCCCCC1)Cc1c[nH]c2c(OC(=O)N3CCOCC3)cccc12,3584.0,intermediate,413.56200000000024,4.791200000000004,1.0,4.0
CHEMBL5431791,C#CCN(C)C(=O)Oc1cccc2c(CN(C)CCC3CCCCCC3)c[nH]c12,340.3,active,395.54700000000025,5.0240000000000045,1.0,3.0
CHEMBL5400593,C#CCCCN(C)C(=O)Oc1cccc2c(CN(C)CCC3CCCCCC3)c[nH]c12,1081.0,intermediate,423.60100000000034,5.804200000000006,1.0,3.0
CHEMBL5394478,C#CCCCCCCCCCN(C)C(=O)Oc1cccc2c(CN(C)CCC3CCCCCC3)c[nH]c12,123.2,active,507.7630000000005,8.14480000000001,1.0,3.0
CHEMBL5421921,C#CCN(CC)C(=O)Oc1cccc2c(CN(C)CCC3CCCCCC3)c[nH]c12,7526.0,intermediate,409.57400000000035,5.414100000000006,1.0,3.0
CHEMBL5399188,C#CCN(CC#C)C(=O)Oc1cccc2c(CN(C)CCC3CCCCCC3)c[nH]c12,464.1,active,419.5690000000003,5.0274000000000045,1.0,3.0
CHEMBL5428978,C#CCN(C(=O)Oc1cccc2c(CN(C)CCC3CCCCCC3)c[nH]c12)C(C)C,5354.0,intermediate,423.6010000000003,5.802600000000006,1.0,3.0
CHEMBL5412829,CON(C)C(=O)Oc1cccc2c(CN(C)CCC3CCCCCC3)c[nH]c12,1101.0,intermediate,387.5240000000002,4.952200000000005,1.0,4.0
CHEMBL5435599,CN(CCC1CCCCCC1)Cc1c[nH]c2c(OC(=O)N(C)N(C)C)cccc12,5560.0,intermediate,400.5670000000001,4.867400000000004,1.0,4.0
CHEMBL5405546,CN(CCC1CCCCCC1)Cc1c[nH]c2cc(OC(=O)N(C)C)ccc12,6719.0,intermediate,371.52500000000015,5.020600000000004,1.0,3.0
CHEMBL5394683,CC(C)N(C(=O)Oc1ccc2c(CN(C)CCC3CCCCCC3)c[nH]c2c1)C(C)C,336.5,active,427.63300000000027,6.577800000000007,1.0,3.0
CHEMBL5410208,C#CCN(C)C(=O)Oc1ccc2c(CN(C)CCC3CCCCCC3)c[nH]c2c1,1456.0,intermediate,395.5470000000002,5.0240000000000045,1.0,3.0
CHEMBL5422760,Cc1ccc(NCCCSC[C@@H]2CCCN3CCCC[C@H]23)c2c(=O)c3ccccc3sc12,7840.0,intermediate,466.71600000000024,6.5228200000000065,1.0,5.0
CHEMBL5431870,Cc1ccc(NCC[C@@H]2CCCN3CCCC[C@H]23)c2c(=O)c3cc(O)ccc3sc12,4260.0,intermediate,422.5940000000001,5.495220000000006,2.0,5.0
CHEMBL5419364,COc1ccc2sc3c(C)ccc(NCC[C@@H]4CCCN5CCCC[C@H]45)c3c(=O)c2c1,3590.0,intermediate,436.6210000000004,5.798220000000005,1.0,5.0
CHEMBL5415210,COc1ccc2sc3c([N+](=O)[O-])ccc(NCC[C@@H]4CCCN5CCCC[C@H]45)c3c(=O)c2c1,4750.0,intermediate,467.59100000000046,5.398000000000004,1.0,7.0
CHEMBL5405496,COc1ccc2sc3c([N+](=O)[O-])ccc(NCCC[C@@H]4CCCN5CCCC[C@H]45)c3c(=O)c2c1,1750.0,intermediate,481.6180000000005,5.788100000000005,1.0,7.0
CHEMBL5436261,COc1ccc2sc3c(N)ccc(NCC[C@@H]4CCCN5CCCC[C@H]45)c3c(=O)c2c1,2400.0,intermediate,437.6090000000004,5.072000000000004,2.0,6.0
CHEMBL5440445,COc1ccc2sc3c(C)ccc(NCCC4CCN(C)CC4)c3c(=O)c2c1,16100.0,inactive,396.55600000000027,4.875520000000004,1.0,5.0
CHEMBL5438801,Cc1ccc(NCCC[C@@H]2CCCN3CCCC[C@H]23)c2c(=O)c3ccccc3oc12,8810.0,intermediate,404.55400000000014,5.711220000000006,1.0,4.0
CHEMBL5414144,CCN1/C(=C/C(C)=O)Sc2ccc(OC(=O)NC3CCCCC3)cc21,11000.0,inactive,360.4790000000002,4.470100000000004,1.0,5.0
CHEMBL5407180,CCCCCCNC(=O)Oc1ccc2c(c1)N(CC)/C(=C/C(C)=O)S2,14000.0,inactive,362.4950000000001,4.717700000000004,1.0,5.0
CHEMBL5434888,CCN1/C(=C/C(C)=O)Sc2ccc(OC(=O)NCc3cccnc3)cc21,34000.0,inactive,369.4460000000001,3.7326000000000024,1.0,6.0
CHEMBL5407164,CCN1/C(=C/C(C)=O)Sc2ccc(OC(=O)NCCc3ccccc3)cc21,20000.0,inactive,382.4850000000001,4.380100000000004,1.0,5.0
CHEMBL5433139,S=C(NCCCCNc1c2c(nc3ccccc13)CCCC2)Nc1c[nH]c2ccccc12,25.0,active,443.6200000000003,5.7736000000000045,4.0,3.0
CHEMBL5412564,Clc1ccc2c(NCCCCCN3c4ccccc4Sc4ccccc43)c3c(nc2c1)CCCC3,8.0,active,500.11100000000033,8.6521,1.0,4.0
CHEMBL5412278,COC(=O)c1cc(C(=O)c2ccc(OC)cc2)n2ccc(CCCc3cc[n+](C)cc3)cc12.[I-],3300.0,intermediate,570.4270000000002,0.9693000000000003,0.0,4.0
CHEMBL772,COC(=O)[C@H]1[C@H]2C[C@@H]3c4[nH]c5cc(OC)ccc5c4CCN3C[C@H]2C[C@@H](OC(=O)c2cc(OC)c(OC)c(OC)c2)[C@@H]1OC,1700.0,intermediate,608.6880000000004,4.171100000000004,1.0,10.0
CHEMBL5408201,Cl.O=C(NCCCNc1c2c(nc3cc(Cl)ccc13)CCCC2)c1nc2ccc([N+](=O)[O-])cc2s1,18.0,active,532.4530000000003,5.938700000000003,2.0,7.0
CHEMBL5433193,Cc1ccc(S(=O)(=O)NCCCCCNc2c3c(nc4ccccc24)CCCC3)cc1,130.0,active,437.6090000000002,4.982720000000005,2.0,4.0
CHEMBL5409365,FC(F)(F)c1ccc(-c2nnc(CNC3CCN(Cc4ccccc4)C3)o2)cc1,64.0,active,402.42000000000013,4.119500000000003,1.0,5.0
CHEMBL5405755,CCOC(=O)C1=C(C)N(CCC2CCN(Cc3ccccc3)CC2)C(=O)NC1c1coc2c(Cl)cc(Cl)cc2c1=O,60.0,active,598.5270000000002,6.3055000000000065,1.0,6.0
CHEMBL5203291,CC1=C(NC2CCN(Cc3ccccc3)CC2)C(=O)c2ccccc2C1=O,47500.0,inactive,360.4570000000001,3.5938000000000025,1.0,4.0
CHEMBL5419644,CCN(CCCCCOc1cc(O)c2c(c1)OC(c1ccc(O)cc1)CC2=O)Cc1ccccc1,910.0,active,475.58500000000026,5.875500000000007,2.0,6.0
CHEMBL5426401,O=C(C[n+]1ccc2ccccc2c1)Nc1ccccc1Br.[Cl-],13000.0,inactive,377.669,0.5325,1.0,1.0
CHEMBL5435163,c1cc2[nH]c3nc(NCCCCCCN4CCCC4)nnc3c2cc1N1CCCCC1,320.0,active,421.59300000000025,4.564500000000004,2.0,6.0
CHEMBL5407446,O=c1nc2sc3ccccc3n2c2ncccc12,2780.0,intermediate,253.286,2.4574000000000007,0.0,4.0
CHEMBL5425561,COc1cc2c(cc1OC)-c1c(-c3ccc(Cl)cc3)c(/C=N/c3ccc(/N=C/c4cn5c(c4-c4ccc(Cl)cc4)-c4cc(OC)c(OC)cc4CC5)cc3)cn1CC2,7300.0,intermediate,807.7779999999998,11.912199999999986,0.0,6.0
CHEMBL5411758,CCN(CC)C(=O)c1ccc2c(c1)nc(Cc1ccccc1)n2CCC(C)C,25000.0,inactive,377.53200000000015,5.155200000000005,0.0,2.0
CHEMBL471980,CCOc1ccc(Cc2nc3cc(C(=O)N(CC)CC)ccc3n2CCC(C)C)cc1,10000.0,inactive,421.58500000000015,5.553900000000006,0.0,3.0
CHEMBL5403457,CCNC(=O)Oc1ccc(Cc2nc3cc(C(=O)N(CC)CC)ccc3n2CCC(C)C)cc1,25000.0,inactive,464.61000000000024,5.263500000000006,1.0,4.0
CHEMBL5421196,CCN(CC)C(=O)c1ccc2c(c1)nc(Cc1ccc(OC(=O)NC)cc1)n2CCC(C)C,25000.0,inactive,450.58300000000025,4.873400000000005,1.0,4.0
CHEMBL5404463,CCN(CC)C(=O)c1ccc2c(c1)nc(Cc1ccc(OC(=O)NC3CC3)cc1)n2CCC(C)C,25000.0,inactive,476.6210000000003,5.406000000000005,1.0,4.0
CHEMBL5424787,CCN(CC)C(=O)c1ccc2c(c1)nc(Cc1ccc(OC(=O)N(C)C)cc1)n2CCC(C)C,8660.0,intermediate,464.6100000000003,5.215600000000006,0.0,4.0
CHEMBL5409303,CCN(C)C(=O)Oc1ccc(Cc2nc3cc(C(=O)N(CC)CC)ccc3n2CCC(C)C)cc1,25000.0,inactive,478.6370000000003,5.605700000000006,0.0,4.0
CHEMBL5421463,CCCN(C)C(=O)Oc1ccc(Cc2nc3cc(C(=O)N(CC)CC)ccc3n2CCC(C)C)cc1,25000.0,inactive,492.6640000000003,5.995800000000007,0.0,4.0
CHEMBL5395228,CCN(CC)C(=O)Oc1ccc(Cc2nc3cc(C(=O)N(CC)CC)ccc3n2CCC(C)C)cc1,25000.0,inactive,492.6640000000003,5.995800000000007,0.0,4.0
CHEMBL5425753,CCN(CC)C(=O)c1ccc2c(c1)nc(Cc1ccc(OC(=O)NCc3ccccc3)cc1)n2CCC(C)C,4500.0,intermediate,526.6810000000003,6.443800000000007,1.0,4.0
CHEMBL5416421,CCN(CC)C(=O)c1ccc2c(c1)nc(Cc1ccc(OC(=O)N(C)c3ccccc3)cc1)n2CCC(C)C,3460.0,intermediate,526.6810000000003,6.790400000000007,0.0,4.0
CHEMBL5395270,CCN(CC)C(=O)c1ccc2c(c1)nc(Cc1ccc(OC(=O)N(C)Cc3ccccc3)cc1)n2CCC(C)C,9010.0,intermediate,540.7080000000003,6.786000000000008,0.0,4.0
CHEMBL5429476,CCOc1ccc(Cc2nc3cc(O)ccc3n2CCC(C)C)cc1,25000.0,inactive,338.4510000000001,4.777500000000004,1.0,3.0
CHEMBL5430169,CCOc1ccc(Cc2nc3cc(OC(=O)N(C)C)ccc3n2CCC(C)C)cc1,25000.0,inactive,409.53000000000014,5.132300000000005,0.0,4.0
CHEMBL5411397,CCOc1ccc(Cc2nc3cc(OC(=O)N(C)CC)ccc3n2CCC(C)C)cc1,25000.0,inactive,423.5570000000002,5.5224000000000055,0.0,4.0
CHEMBL5412500,CCOc1ccc(Cc2nc3cc(OC(=O)N4CCCC4)ccc3n2CCC(C)C)cc1,25000.0,inactive,435.56800000000027,5.666500000000006,0.0,4.0
CHEMBL5422050,CCOc1ccc(Cc2nc3cc(OC(=O)N4CCC4)ccc3n2CCC(C)C)cc1,25000.0,inactive,421.5410000000002,5.276400000000005,0.0,4.0
CHEMBL5414873,CCOc1ccc(Cc2nc3cc(OC(=O)NC4CC4)ccc3n2CCC(C)C)cc1,25000.0,inactive,421.5410000000002,5.3227000000000055,1.0,4.0
CHEMBL327209,O=c1cc(-c2ccc(O)cc2)oc2ccccc12,1500.0,intermediate,238.242,3.1656000000000013,1.0,3.0
CHEMBL5409352,O=c1cc(-c2ccc(O)cc2)oc2cccc(OCc3ccccc3)c12,711.0,active,344.36600000000004,4.744600000000003,1.0,4.0
CHEMBL5397159,COC(=O)/C=C/C(=O)Nc1cccc(OCCSC(=S)N2CCCCC2)c1,1390.0,intermediate,408.54500000000024,3.2371000000000016,1.0,6.0
CHEMBL5435812,COC(=O)/C=C/C(=O)Nc1cccc(OCCCSC(=S)N2CCCCC2)c1,1980.0,intermediate,422.57200000000023,3.627200000000003,1.0,6.0
CHEMBL5436875,COC(=O)/C=C/C(=O)Nc1cccc(OCCCCSC(=S)N2CCCCC2)c1,210.0,active,436.5990000000003,4.017300000000003,1.0,6.0
CHEMBL5440650,COC(=O)/C=C/C(=O)Nc1cccc(OCCCCSC(=S)N2CCCCC2C)c1,53.0,active,450.62600000000026,4.405800000000004,1.0,6.0
CHEMBL5396214,COC(=O)/C=C/C(=O)Nc1cccc(OCCCCSC(=S)N2CCCC2)c1,6040.0,intermediate,422.57200000000023,3.627200000000003,1.0,6.0
CHEMBL5414511,COC(=O)/C=C/C(=O)Nc1ccc(OCCCCSC(=S)N2CCCCC2C)cc1,380.0,active,450.6260000000002,4.405800000000004,1.0,6.0
CHEMBL5433692,CC[N+](CC)(CCCCCn1c(C)cc(=O)n(CCCCC[N+](CC)(CC)Cc2ccccc2)c1=O)Cc1ccccc1.[Br-].[Br-],0.14,active,750.7050000000004,0.7806200000000072,0.0,2.0
CHEMBL5396497,Br.CC[N+](CC)(CCCCCn1c(=O)cc(C)n(CCCn2c(C)cc(=O)n(C)c2=O)c1=O)Cc1ccccc1[N+](=O)[O-],7.0,active,664.6220000000002,3.290740000000002,0.0,6.0
CHEMBL5434553,Br.CC[N+](CC)(CCCCCn1c(=O)cc(C)n(CCCCn2c(C)cc(=O)n(C)c2=O)c1=O)Cc1ccccc1[N+](=O)[O-],0.6,active,678.6490000000002,3.6808400000000026,0.0,6.0
CHEMBL5440753,Br.CC[N+](CC)(CCCCCn1c(=O)cc(C)n(CCCCCn2c(C)cc(=O)n(C)c2=O)c1=O)Cc1ccccc1[N+](=O)[O-],0.4,active,692.6760000000003,4.070940000000003,0.0,6.0
CHEMBL5417346,Br.CC[N+](CC)(CCCCCn1c(=O)cc(C)n(CCCCCCn2c(C)cc(=O)n(C)c2=O)c1=O)Cc1ccccc1[N+](=O)[O-],0.1,active,706.7030000000002,4.461040000000004,0.0,6.0
CHEMBL5418455,CC[N+](CC)(CCCCCn1c(=O)cc(C)n(CCCn2c(C)cc(=O)n(C)c2=O)c1=O)Cc1ccccc1C(F)(F)F.[Br-],2.0,active,686.6140000000005,0.827440000000004,0.0,4.0
CHEMBL5417632,CC[N+](CC)(CCCCCn1c(=O)cc(C)n(CCCCn2c(C)cc(=O)n(C)c2=O)c1=O)Cc1ccccc1C(F)(F)F.[Br-],1.0,active,700.6410000000005,1.2175400000000043,0.0,4.0
CHEMBL5426103,CC[N+](CC)(CCCCCn1c(=O)cc(C)n(CCCCCn2c(C)cc(=O)n(C)c2=O)c1=O)Cc1ccccc1C(F)(F)F.[Br-],0.5,active,714.6680000000006,1.607640000000004,0.0,4.0
CHEMBL5419243,CC[N+](CC)(CCCCCn1c(=O)cc(C)n(CCCCCCn2c(C)cc(=O)n(C)c2=O)c1=O)Cc1ccccc1C(F)(F)F.[Br-],0.2,active,728.6950000000005,1.9977400000000036,0.0,4.0
CHEMBL294264,O=C1c2ccccc2C(=O)c2c(O)c(O)cc(O)c21,300.0,active,256.21299999999997,1.5788000000000004,3.0,5.0
CHEMBL5424891,COc1cccc(C2c3c(nc(C)[nH]c3=O)Oc3c2n(C(C)=O)c2ccccc32)c1,16990.0,inactive,401.4220000000001,3.9876200000000024,1.0,5.0
CHEMBL5427488,CC(=O)n1c2c(c3ccccc31)Oc1nc(C)[nH]c(=O)c1C2c1ccc(Br)cc1,113700.0,inactive,450.2920000000001,4.741520000000003,1.0,4.0
CHEMBL5437596,CC(=O)n1c2c(c3ccccc31)Oc1nc(C)[nH]c(=O)c1C2c1ccc(Cl)cc1,315400.0,inactive,405.8410000000001,4.632420000000003,1.0,4.0
CHEMBL5437114,CC(=O)n1c2c(c3ccccc31)Oc1nc(C)[nH]c(=O)c1C2c1ccc(C#N)cc1,322900.0,inactive,396.4060000000001,3.8507000000000025,1.0,5.0
CHEMBL5434381,COc1ccc(C2c3c(nc(C)[nH]c3=O)Oc3c2n(C(C)=O)c2ccccc32)cc1,204080.0,inactive,401.4220000000001,3.9876200000000024,1.0,5.0
CHEMBL5425032,CC(=O)n1c2c(c3ccccc31)Oc1nc(C)[nH]c(=O)c1C2c1ccc(C)cc1,276760.0,inactive,385.4230000000001,4.287440000000003,1.0,4.0
CHEMBL5431310,CC(=O)n1c2c(c3ccccc31)Oc1nc(C)[nH]c(=O)c1C2c1ccc([N+](=O)[O-])cc1,307400.0,inactive,416.39300000000014,3.887220000000002,1.0,6.0
CHEMBL5400013,CC(=O)n1c2c(c3ccccc31)Oc1nc(C)[nH]c(=O)c1C2c1cccc([N+](=O)[O-])c1,307400.0,inactive,416.39300000000014,3.887220000000002,1.0,6.0
CHEMBL5426044,CC(=O)n1c2c(c3ccccc31)Oc1nc(C)[nH]c(=O)c1C2c1cccc(Br)c1,284260.0,inactive,450.2920000000001,4.741520000000002,1.0,4.0
CHEMBL5430507,CC(=O)n1c2c(c3ccccc31)Oc1nc(C)[nH]c(=O)c1C2c1ccccc1[N+](=O)[O-],48030.0,inactive,416.39300000000014,3.887220000000002,1.0,6.0
CHEMBL5406712,CC(=O)n1c2c(c3ccccc31)Oc1nc(C)[nH]c(=O)c1C2c1ccccc1,5390.0,intermediate,371.3960000000001,3.979020000000002,1.0,4.0
CHEMBL5407081,COc1ccc(C2c3c(nc(C)[nH]c3=O)Oc3c2n(C(C)=O)c2ccccc32)cc1[N+](=O)[O-],91240.0,inactive,446.41900000000015,3.8958200000000023,1.0,7.0
CHEMBL5432462,O=C1Cc2cc(OCc3ccc(F)cc3)ccc2C=C1C(=O)NCCc1c[nH]c2ccccc12,160.0,active,454.5010000000002,4.753500000000003,2.0,3.0
CHEMBL5401178,O=C(Nc1cccc(-c2cc(-c3ccc(Cl)cc3)n[nH]2)c1)c1ccccc1,1937.0,intermediate,373.843,5.6494000000000035,2.0,2.0
CHEMBL5429715,Cc1cc(-c2cc3cc([N+](=O)[O-])ccc3oc2=O)n[nH]1,4.41,active,271.2319999999999,2.3997199999999994,1.0,5.0
CHEMBL5406359,CCOP(=O)(OCC)C(NCc1cccs1)c1cn(-c2ccccc2)nc1-c1ccc(Cl)cc1,17.0,active,516.0030000000002,7.308700000000006,1.0,6.0
CHEMBL5413533,O=C1Nc2ccccc2C12NNC(Nc1cccc(Cl)c1)=C2[N+](=O)[O-],6020.0,intermediate,357.75700000000006,2.1530999999999993,4.0,6.0
CHEMBL5397824,Cc1ccccc1NC1=C([N+](=O)[O-])C2(NN1)C(=O)Nc1ccc([N+](=O)[O-])cc12,15480.0,inactive,382.3360000000001,1.7163199999999996,4.0,8.0
CHEMBL5416407,COc1ccc(OC)c(NC2=C([N+](=O)[O-])C3(NN2)C(=O)Nc2ccc([N+](=O)[O-])cc23)c1,42550.0,inactive,428.36100000000016,1.4250999999999996,4.0,10.0
CHEMBL5415532,O=C1Nc2ccc([N+](=O)[O-])cc2C12NNC(Nc1ccc(Cl)cc1)=C2[N+](=O)[O-],37150.0,inactive,402.75400000000013,2.0612999999999997,4.0,8.0
CHEMBL5414221,Cc1ccccc1NC1=C([N+](=O)[O-])C2(NN1)C(=O)Nc1c(C(F)(F)F)cccc12,16980.0,inactive,405.33600000000007,2.8269200000000003,4.0,6.0
CHEMBL5433082,Cc1ccccc1NC1=C([N+](=O)[O-])C2(NN1)C(=O)Nc1ccc(Br)cc12,41680.0,inactive,416.23500000000007,2.57062,4.0,6.0
CHEMBL5426641,CN(CCc1ccc(O)cc1)Cc1cc2c(cc1-c1cccc3c1N(C)CC3)OCO2,100000.0,inactive,416.52100000000024,4.454700000000004,1.0,5.0
CHEMBL5408735,COc1cc(CN(C)CCc2ccc(O)cc2)c(-c2cccc3c2N(C)CC3)cc1OC,100000.0,inactive,432.5640000000003,4.743200000000004,1.0,5.0
CHEMBL5439067,COc1cccc(CNCCc2ccc(O)cc2)c1OCc1ccccc1,10000.0,inactive,363.4570000000001,4.312100000000004,2.0,4.0
CHEMBL5440573,COc1cccc(/C=N/CCc2ccc(O)cc2)c1OCc1ccccc1,10000.0,inactive,361.4410000000001,4.6414000000000035,1.0,4.0
CHEMBL5431372,C=CCN(CCc1ccc(O)cc1)Cc1cccc(OC)c1OCc1ccccc1,10000.0,inactive,403.52200000000016,5.210500000000005,1.0,4.0
CHEMBL5398025,C#CCN(CCc1ccc(O)cc1)Cc1cccc(OC)c1OCc1ccccc1,10000.0,inactive,401.50600000000014,4.657700000000005,1.0,4.0
CHEMBL5401121,CCN(CCc1ccc(O)cc1)Cc1cccc(OC)c1OCc1ccccc1,10000.0,inactive,391.5110000000002,5.044400000000005,1.0,4.0
CHEMBL5420880,CCCN(CCc1ccc(O)cc1)Cc1cccc(OC)c1OCc1ccccc1,10000.0,inactive,405.5380000000002,5.434500000000005,1.0,4.0
CHEMBL5418052,C=CCOc1ccc(CCN(CC=C)Cc2cccc(OC)c2OCc2ccccc2)cc1,10000.0,inactive,443.58700000000016,6.069700000000006,0.0,4.0
CHEMBL5397813,C#CCOc1ccc(CCN(CC=C)Cc2cccc(OC)c2OCc2ccccc2)cc1,10000.0,inactive,441.57100000000014,5.516900000000006,0.0,4.0
CHEMBL5403494,C#CCOc1ccc(CCN(CC#C)Cc2cccc(OC)c2OCc2ccccc2)cc1,10000.0,inactive,439.5550000000002,4.964100000000005,0.0,4.0
CHEMBL5427121,C#CCN(CCc1ccc(OCC=C)cc1)Cc1cccc(OC)c1OCc1ccccc1,10000.0,inactive,441.57100000000014,5.516900000000006,0.0,4.0
CHEMBL5430829,CCOc1ccc(CCN(CC)Cc2cccc(OC)c2OCc2ccccc2)cc1,10000.0,inactive,419.56500000000017,5.737500000000006,0.0,4.0
CHEMBL5404050,COc1cccc(CNCCc2ccccc2)c1OCc1ccccc1,10000.0,inactive,347.4580000000001,4.606500000000004,1.0,3.0
CHEMBL5428694,COc1ccccc1CCNCc1cccc(OC)c1OCc1ccccc1,10000.0,inactive,377.4840000000001,4.6151000000000035,1.0,4.0
CHEMBL5416559,COc1cccc(CCNCc2cccc(OC)c2OCc2ccccc2)c1,10000.0,inactive,377.4840000000001,4.6151000000000035,1.0,4.0
CHEMBL5434763,COc1ccc(CCNCc2cccc(OC)c2OCc2ccccc2)cc1,10000.0,inactive,377.4840000000001,4.6151000000000035,1.0,4.0
CHEMBL5420342,C=CCN(CCc1ccccc1)Cc1cccc(OC)c1OCc1ccccc1,10000.0,inactive,387.52300000000014,5.5049000000000055,0.0,3.0
CHEMBL5400426,C#CCN(CCc1ccccc1)Cc1cccc(OC)c1OCc1ccccc1,10000.0,inactive,385.5070000000001,4.952100000000005,0.0,3.0
CHEMBL5400996,C=CCN(CCc1ccccc1OC)Cc1cccc(OC)c1OCc1ccccc1,10000.0,inactive,417.5490000000002,5.513500000000006,0.0,4.0
CHEMBL5394805,C#CCN(CCc1ccccc1OC)Cc1cccc(OC)c1OCc1ccccc1,10000.0,inactive,415.5330000000002,4.9607000000000046,0.0,4.0
CHEMBL5414976,C=CCN(CCc1cccc(OC)c1)Cc1cccc(OC)c1OCc1ccccc1,10000.0,inactive,417.5490000000002,5.513500000000006,0.0,4.0
CHEMBL5428807,C#CCN(CCc1cccc(OC)c1)Cc1cccc(OC)c1OCc1ccccc1,10000.0,inactive,415.5330000000002,4.960700000000005,0.0,4.0
CHEMBL5422439,C=CCN(CCc1ccc(OC)cc1)Cc1cccc(OC)c1OCc1ccccc1,10000.0,inactive,417.5490000000002,5.513500000000006,0.0,4.0
CHEMBL5422164,C#CCN(CCc1ccc(OC)cc1)Cc1cccc(OC)c1OCc1ccccc1,10000.0,inactive,415.5330000000002,4.960700000000005,0.0,4.0
CHEMBL5436185,CCN(CCc1ccccc1)Cc1cccc(OC)c1OCc1ccccc1,10000.0,inactive,375.5120000000001,5.338800000000005,0.0,3.0
CHEMBL5441139,CCCN(CCc1ccccc1)Cc1cccc(OC)c1OCc1ccccc1,10000.0,inactive,389.53900000000016,5.7289000000000065,0.0,3.0
CHEMBL5438175,COc1ccccc1CCN(C)Cc1cccc(OC)c1OCc1ccccc1,10000.0,inactive,391.51100000000014,4.9573000000000045,0.0,4.0
CHEMBL5434452,CCN(CCc1ccccc1OC)Cc1cccc(OC)c1OCc1ccccc1,10000.0,inactive,405.5380000000001,5.347400000000006,0.0,4.0
CHEMBL5429766,CCCN(CCc1ccccc1OC)Cc1cccc(OC)c1OCc1ccccc1,10000.0,inactive,419.56500000000017,5.737500000000006,0.0,4.0
CHEMBL5425341,CCN(CCc1cccc(OC)c1)Cc1cccc(OC)c1OCc1ccccc1,10000.0,inactive,405.5380000000001,5.347400000000006,0.0,4.0
CHEMBL5434796,CCCN(CCc1cccc(OC)c1)Cc1cccc(OC)c1OCc1ccccc1,10000.0,inactive,419.56500000000017,5.737500000000006,0.0,4.0
CHEMBL5422875,COc1ccc(CCN(C)Cc2cccc(OC)c2OCc2ccccc2)cc1,10000.0,inactive,391.51100000000014,4.957300000000005,0.0,4.0
CHEMBL5440083,CCN(CCc1ccc(OC)cc1)Cc1cccc(OC)c1OCc1ccccc1,10000.0,inactive,405.5380000000002,5.347400000000006,0.0,4.0
CHEMBL5437254,CCCN(CCc1ccc(OC)cc1)Cc1cccc(OC)c1OCc1ccccc1,10000.0,inactive,419.56500000000017,5.737500000000006,0.0,4.0
CHEMBL5403562,COc1cccc(CNCc2ccccc2)c1OCc1ccccc1,10000.0,inactive,333.43100000000004,4.564000000000004,1.0,3.0
CHEMBL5431601,COc1cccc(CNCCCc2ccccc2)c1OCc1ccccc1,10000.0,inactive,361.48500000000007,4.996600000000004,1.0,3.0
CHEMBL5433937,COc1cccc(CNCCCCc2ccccc2)c1OCc1ccccc1,10000.0,inactive,375.5120000000001,5.386700000000005,1.0,3.0
CHEMBL5415204,COc1cccc(CNCC(C)c2ccccc2)c1OCc1ccccc1,10000.0,inactive,361.4850000000001,5.167500000000005,1.0,3.0
CHEMBL5434636,COc1cccc(CNC(C)CCc2ccccc2)c1OCc1ccccc1,10000.0,inactive,375.5120000000001,5.385100000000005,1.0,3.0
CHEMBL5399726,C=CCN(CCCc1ccccc1)Cc1cccc(OC)c1OCc1ccccc1,10000.0,inactive,401.5500000000002,5.895000000000006,0.0,3.0
CHEMBL5417071,C#CCN(CCCc1ccccc1)Cc1cccc(OC)c1OCc1ccccc1,10000.0,inactive,399.53400000000016,5.342200000000005,0.0,3.0
CHEMBL5418400,COc1cccc(CN(C)CCCc2ccccc2)c1OCc1ccccc1,10000.0,inactive,375.5120000000001,5.338800000000005,0.0,3.0
CHEMBL5429690,CCN(CCCc1ccccc1)Cc1cccc(OC)c1OCc1ccccc1,10000.0,inactive,389.53900000000016,5.7289000000000065,0.0,3.0
CHEMBL5396049,CCCN(CCCc1ccccc1)Cc1cccc(OC)c1OCc1ccccc1,10000.0,inactive,403.5660000000002,6.119000000000007,0.0,3.0
CHEMBL5420941,C=CCCN(CCCc1ccccc1)Cc1cccc(OC)c1OCc1ccccc1,10000.0,inactive,415.5770000000002,6.285100000000007,0.0,3.0
CHEMBL5404420,CCCCCCN(CCCc1ccccc1)Cc1cccc(OC)c1OCc1ccccc1,10000.0,inactive,445.6470000000002,7.289300000000008,0.0,3.0
CHEMBL5408610,CCCCCCN(CCCCc1ccccc1)Cc1cccc(OC)c1OCc1ccccc1,10000.0,inactive,459.67400000000026,7.679400000000009,0.0,3.0
CHEMBL5431265,CCCCCCCCCCCCCCN(CCCCc1ccccc1)Cc1cccc(OC)c1OCc1ccccc1,10000.0,inactive,571.8900000000003,10.800199999999993,0.0,3.0
CHEMBL5417185,COc1cccc(CN(CCCCc2ccccc2)CCCC(C)C)c1OCc1ccccc1,10000.0,inactive,459.67400000000026,7.535300000000008,0.0,3.0
CHEMBL5406889,CCCN(C/C=C/c1ccccc1)Cc1cccc(OC)c1OCc1ccccc1,10000.0,inactive,401.5500000000002,6.199600000000006,0.0,3.0
CHEMBL5413699,CCCN(CCCc1ccccc1O)Cc1cccc(OC)c1OCc1ccccc1,10000.0,inactive,419.5650000000002,5.8246000000000056,1.0,4.0
CHEMBL5398273,CCCN(CCCc1cccc(O)c1)Cc1cccc(OC)c1OCc1ccccc1,10000.0,inactive,419.5650000000002,5.8246000000000056,1.0,4.0
CHEMBL5409611,CCCN(CCCc1ccc(O)cc1)Cc1cccc(OC)c1OCc1ccccc1,10000.0,inactive,419.5650000000002,5.8246000000000056,1.0,4.0
CHEMBL5424979,CCCN(CCCc1ccccc1F)Cc1cccc(OC)c1OCc1ccccc1,10000.0,inactive,421.5560000000002,6.258100000000007,0.0,3.0
CHEMBL5402537,COc1cccc(CN(CCCc2ccccc2F)C2CCC2)c1OCc1ccccc1,10000.0,inactive,433.56700000000023,6.400600000000007,0.0,3.0
CHEMBL5408893,COc1cccc(CN(CCCc2ccccc2F)C2CCCC2)c1OCc1ccccc1,10000.0,inactive,447.5940000000003,6.790700000000007,0.0,3.0
CHEMBL5412993,CCCN(CCCc1cccc(F)c1)Cc1cccc(OC)c1OCc1ccccc1,10000.0,inactive,421.5560000000002,6.258100000000007,0.0,3.0
CHEMBL5420247,CCCN(CCCc1ccc(F)cc1)Cc1cccc(OC)c1OCc1ccccc1,10000.0,inactive,421.5560000000002,6.258100000000007,0.0,3.0
CHEMBL5426913,CCOP(=O)(OCC)C(Nc1cccc(O)c1)c1ccc(OCc2nc3ccccc3c(=O)n2-c2ccc(F)cc2)c(OC)c1,4344.0,intermediate,633.6130000000004,7.194800000000008,2.0,9.0
CHEMBL5407606,CCOP(=O)(OCC)C(Nc1ccccc1C#N)c1ccc(OCc2nc3ccccc3c(=O)n2-c2ccc(F)cc2)c(OC)c1,2943.0,intermediate,642.6240000000004,7.360880000000007,1.0,9.0
CHEMBL5424767,CCOP(=O)(OCC)C(Nc1ccccc1C(F)(F)F)c1ccc(OCc2nc3ccccc3c(=O)n2-c2ccc(F)cc2)c(OC)c1,4927.0,intermediate,685.6110000000002,8.508000000000004,1.0,8.0
CHEMBL5433166,CCOP(=O)(OCC)C(Nc1ccccc1C)c1ccc(OCc2nc3ccccc3c(=O)n2-c2ccc(F)cc2)c(OC)c1,5353.0,intermediate,631.6410000000003,7.797620000000007,1.0,8.0
CHEMBL5429003,CCOP(=O)(OCC)C(Nc1ccccc1OC)c1ccc(OCc2nc3ccccc3c(=O)n2-c2ccc(F)cc2)c(OC)c1,2653.0,intermediate,647.6400000000004,7.497800000000007,1.0,9.0
CHEMBL5421943,CCOP(=O)(OCC)C(Nc1ccc([N+](=O)[O-])cc1)c1ccc(OCc2nc3ccccc3c(=O)n2-c2ccc(F)cc2)c(OC)c1,1782.0,intermediate,662.6110000000003,7.397400000000007,1.0,10.0
CHEMBL5433354,CCOP(=O)(OCC)C(Nc1ccc(C(=O)O)cc1)c1ccc(OCc2nc3ccccc3c(=O)n2-c2ccc(F)cc2)c(OC)c1,1157.0,intermediate,661.6230000000003,7.187400000000006,2.0,9.0
CHEMBL5412970,CCOP(=O)(OCC)C(Nc1ccccc1C(C)=O)c1ccc(OCc2nc3ccccc3c(=O)n2-c2ccc(F)cc2)c(OC)c1,5623.0,intermediate,659.6510000000003,7.691800000000008,1.0,9.0
CHEMBL5420040,CCOP(=O)(OCC)C(Nc1cc(C)ccc1C)c1ccc(OCc2nc3ccccc3c(=O)n2-c2ccc(F)cc2)c(OC)c1,6052.0,intermediate,645.6680000000003,8.106040000000009,1.0,8.0
CHEMBL5407691,CCOP(=O)(OCC)C(Nc1c(C)cccc1C)c1ccc(OCc2nc3ccccc3c(=O)n2-c2ccc(F)cc2)c(OC)c1,3016.0,intermediate,645.6680000000003,8.106040000000009,1.0,8.0
CHEMBL5402496,CCOP(=O)(OCC)C(Nc1cccc(Cl)c1Cl)c1ccc(OCc2nc3ccccc3c(=O)n2-c2ccc(F)cc2)c(OC)c1,2554.0,intermediate,686.5040000000002,8.796000000000003,1.0,8.0
CHEMBL5424712,CCOP(=O)(OCC)C(Nc1nncs1)c1ccc(OCc2nc3ccccc3c(=O)n2-c2ccc(F)cc2)c(OC)c1,3365.0,intermediate,625.6190000000004,6.340700000000005,1.0,11.0
CHEMBL5430903,Cc1cc(C)c(C(=O)/C=C/c2nc(C)c(C)nc2C)cc1C,2400.0,intermediate,294.398,4.223220000000003,0.0,3.0
CHEMBL5396071,COc1cccc(C(c2ccc(F)cc2)N2CCN(c3cnccn3)CC2)c1O,710.0,active,394.4500000000001,3.2415000000000016,1.0,6.0
CHEMBL5411115,Cc1ccc(C(c2ccccc2O)N2CCN(c3cnccn3)CC2)cc1,1090.0,intermediate,360.46100000000007,3.4022200000000016,1.0,5.0
CHEMBL5440621,CN(C)CCCN1C(=O)CSC1c1ccc(Cl)cc1.Cl,200000.0,inactive,335.3,3.2875000000000028,0.0,3.0
CHEMBL5397966,CN(C)CCCN1C(=O)CSC1c1cccc(Cl)c1.Cl,25000.0,inactive,335.3,3.2875000000000028,0.0,3.0
CHEMBL5403260,CN(C)CCCN1C(=O)CSC1c1ccccc1Cl.Cl,134000.0,inactive,335.3,3.2875000000000028,0.0,3.0
CHEMBL1202929,COc1ccc(C2SCC(=O)N2CCCN(C)C)cc1.Cl,200000.0,inactive,330.8809999999999,2.642700000000002,0.0,4.0
CHEMBL1202941,COc1cccc(C2SCC(=O)N2CCCN(C)C)c1.Cl,200000.0,inactive,330.8809999999999,2.642700000000001,0.0,4.0
CHEMBL5419417,COc1ccccc1C1SCC(=O)N1CCCN(C)C.Cl,200000.0,inactive,330.8809999999999,2.642700000000001,0.0,4.0
CHEMBL1202939,CN(C)CCCN1C(=O)CSC1c1ccc(F)cc1.Cl,200000.0,inactive,318.84499999999997,2.7732000000000014,0.0,3.0
CHEMBL1202933,CN(C)CCCN1C(=O)CSC1c1cccc(F)c1.Cl,97000.0,inactive,318.84499999999997,2.7732000000000014,0.0,3.0
CHEMBL5404393,CN(C)CCCN1C(=O)CSC1c1ccccc1F.Cl,200000.0,inactive,318.84499999999997,2.7732000000000014,0.0,3.0
CHEMBL1202930,CN(C)CCCN1C(=O)CSC1c1ccncc1.Cl,200000.0,inactive,301.843,2.0291,0.0,4.0
CHEMBL5404712,CN(C)CCCN1C(=O)CSC1c1cccnc1.Cl,199000.0,inactive,301.843,2.0291,0.0,4.0
CHEMBL5409526,CN(C)CCCN1C(=O)CSC1c1ccccn1.Cl,200000.0,inactive,301.843,2.0291,0.0,4.0
CHEMBL5421973,CN(C)CCCN1C(=O)CSC1c1ccc(Cl)cc1Cl.Cl,31000.0,inactive,369.74500000000006,3.940900000000003,0.0,3.0
CHEMBL5416845,CN(C)CCCN1C(=O)CSC1c1ccc(F)cc1F.Cl,95000.0,inactive,336.835,2.9123000000000014,0.0,3.0
CHEMBL5427383,CN(C)CCCN1C(=O)CSC1c1ccc(F)cc1Cl.Cl,81000.0,inactive,353.29,3.4266000000000028,0.0,3.0
CHEMBL5424185,CN(C)CCCN1C(=O)CSC1c1cccc(F)c1F.Cl,7200.0,intermediate,336.835,2.9123000000000014,0.0,3.0
CHEMBL5401085,CN(C)CCCN1C(=O)CSC1c1cccc(Cl)c1Cl.Cl,4400.0,intermediate,369.74500000000006,3.940900000000003,0.0,3.0
CHEMBL5405571,CN(C)CCCN1C(=O)CSC1c1ccc2c(c1)OCO2.Cl,105000.0,inactive,344.8640000000001,2.3628000000000005,0.0,5.0
CHEMBL5419436,CN(C)CCCN1C(=O)CSC1c1cccc2ccccc12.Cl,177000.0,inactive,350.915,3.787300000000003,0.0,3.0
CHEMBL5401005,CC(C)NCCN1C(=O)CSC1c1ccc(Cl)cc1Cl.Cl,200000.0,inactive,369.74500000000006,3.9872000000000036,1.0,3.0
CHEMBL5415881,Cl.O=C1CSC(c2ccc(Cl)cc2Cl)N1CCNC1CC1,200000.0,inactive,367.7290000000002,3.7412000000000027,1.0,3.0
CHEMBL5413217,CNCCCN1C(=O)CSC1c1ccc(Cl)cc1Cl.Cl,49000.0,inactive,355.718,3.598700000000003,1.0,3.0
CHEMBL5409029,CNCCN1C(=O)CSC1c1ccc(Cl)cc1Cl.Cl,200000.0,inactive,341.691,3.208600000000002,1.0,3.0
CHEMBL5414074,COc1cc(O)c(C(=O)Nc2nc(C(=O)NCCN(C(C)C)C(C)C)cs2)cc1OC.Cl,1790.0,intermediate,487.0220000000001,3.3886000000000025,3.0,8.0
CHEMBL5414292,O/N=C/c1cc[n+](COC[n+]2ccccc2/C=N/O)cc1,1000000.0,inactive,288.307,0.5095999999999998,2.0,5.0
CHEMBL5437711,O/N=C/c1cc(Br)cc(CN2CCN(c3ccncc3)CC2)c1O,127600.0,inactive,391.2690000000001,2.680000000000001,2.0,6.0
CHEMBL5402460,O/N=C/c1cc(F)cc(CN2CCN(c3ccncc3)CC2)c1O,234700.0,inactive,330.3630000000001,2.0566,2.0,6.0
CHEMBL5398991,Cc1cc(/C=N/O)c(O)c(CN2CCN(c3ccccn3)CC2)c1,182000.0,inactive,326.40000000000003,2.2259200000000003,2.0,6.0
CHEMBL5406473,O/N=C/c1cc(Cl)cc(CN2CCN(c3ccccn3)CC2)c1O,209400.0,inactive,346.8180000000001,2.5709000000000013,2.0,6.0
CHEMBL5429752,Cc1cc(/C=N/O)c(O)c(CN2CCC(c3ccncc3)CC2)c1,349800.0,inactive,325.41200000000003,3.2833200000000016,2.0,5.0
CHEMBL5401627,O/N=C/c1cc(Cl)cc(CN2CCC(c3ccncc3)CC2)c1O,261400.0,inactive,345.8300000000001,3.6283000000000025,2.0,5.0
CHEMBL5411628,Cc1cc(/C=N/O)c(O)c(CN2CCN(c3ccc([N+](=O)[O-])cc3)CC2)c1,109300.0,inactive,370.4090000000001,2.7391200000000007,2.0,7.0
CHEMBL5429288,O=[N+]([O-])c1ccc(N2CCN(Cc3cc(Cl)cc(/C=N/O)c3O)CC2)cc1,210800.0,inactive,390.8270000000001,3.084100000000001,2.0,7.0
CHEMBL5427748,O=[N+]([O-])c1ccc(N2CCN(Cc3cc(Br)cc(/C=N/O)c3O)CC2)cc1,184100.0,inactive,435.27800000000013,3.193200000000002,2.0,7.0
CHEMBL5424094,Cc1cc(/C=N/O)c(O)c(CN2CCN(c3ccc([N+](=O)[O-])cc3Cl)CC2)c1,231200.0,inactive,404.85400000000016,3.392520000000002,2.0,7.0
CHEMBL5428301,O=[N+]([O-])c1ccc(N2CCN(Cc3cc(Cl)cc(/C=N/O)c3O)CC2)c(Cl)c1,227600.0,inactive,425.27200000000016,3.7375000000000025,2.0,7.0
CHEMBL5406363,Cc1cc(/C=N/O)c(O)c(CN2CCN(c3ccc(F)cc3)CC2)c1,321500.0,inactive,343.40200000000004,2.9700200000000017,2.0,5.0
CHEMBL5412297,O/N=C/c1cc(Cl)cc(CN2CCN(c3ccc(F)cc3)CC2)c1O,1000000.0,inactive,363.8200000000001,3.3150000000000026,2.0,5.0
CHEMBL5428415,Cc1cc(/C=N/O)c(O)c(CN2CCC(c3ccc(F)cc3)CC2)c1,170000.0,inactive,342.41400000000004,4.027420000000003,2.0,4.0
CHEMBL5411077,O/N=C/c1cc(Cl)cc(CN2CCC(c3ccc(F)cc3)CC2)c1O,140800.0,inactive,362.8320000000001,4.372400000000003,2.0,4.0
CHEMBL5431346,Cc1cc(/C=N/O)c(O)c(CN2CCN(c3ccc(Cl)cc3)CC2)c1,209200.0,inactive,359.8570000000001,3.484320000000002,2.0,5.0
CHEMBL5431200,O/N=C/c1cc(Cl)cc(CN2CCN(c3ccc(Cl)cc3)CC2)c1O,179600.0,inactive,380.2750000000001,3.829300000000003,2.0,5.0
CHEMBL5417629,Cc1cc(/C=N/O)c(O)c(CN2CCN(c3ccc(Br)cc3)CC2)c1,224600.0,inactive,404.30800000000005,3.593420000000002,2.0,5.0
CHEMBL5402369,O/N=C/c1cc(Cl)cc(CN2CCN(c3ccc(Br)cc3)CC2)c1O,291000.0,inactive,424.7260000000001,3.938400000000003,2.0,5.0
CHEMBL5428266,Cc1cc(/C=N/O)c(O)c(CN2CCN(c3ccc(C(F)(F)F)cc3)CC2)c1,362400.0,inactive,393.40900000000005,3.8497200000000023,2.0,5.0
CHEMBL5424871,O/N=C/c1cc(Cl)cc(CN2CCN(c3ccc(C(F)(F)F)cc3)CC2)c1O,1000000.0,inactive,413.8270000000001,4.194700000000004,2.0,5.0
CHEMBL5422505,O/N=C/c1cc(Br)cc(CN2CCN(c3ccc(C(F)(F)F)cc3)CC2)c1O,1000000.0,inactive,458.27800000000013,4.303800000000003,2.0,5.0
CHEMBL5423171,Cc1cc(/C=N/O)c(O)c(CN2CCN(c3ccc(O)cc3)CC2)c1,205700.0,inactive,341.41100000000006,2.5365200000000003,3.0,6.0
CHEMBL5428335,O/N=C/c1cc(Cl)cc(CN2CCN(c3ccc(O)cc3)CC2)c1O,393200.0,inactive,361.8290000000001,2.8815000000000013,3.0,6.0
CHEMBL5397804,Cc1ccc(N2CCN(Cc3cc(C)cc(/C=N/O)c3O)CC2)cc1,340100.0,inactive,339.43900000000014,3.1393400000000016,2.0,5.0
CHEMBL5412906,Cc1ccc(N2CCN(Cc3cc(Cl)cc(/C=N/O)c3O)CC2)cc1,1000000.0,inactive,359.85700000000014,3.484320000000002,2.0,5.0
CHEMBL5404725,Cc1cc(/C=N/O)c(O)c(CN2CCN(c3ccccc3F)CC2)c1,381200.0,inactive,343.40200000000004,2.9700200000000017,2.0,5.0
CHEMBL5405601,O/N=C/c1cc(Cl)cc(CN2CCN(c3ccccc3F)CC2)c1O,883900.0,inactive,363.8200000000001,3.3150000000000026,2.0,5.0
CHEMBL5399453,Cc1cc(/C=N/O)c(O)c(CN2CCN(c3ccccc3Cl)CC2)c1,370400.0,inactive,359.8570000000001,3.484320000000002,2.0,5.0
CHEMBL5403619,O/N=C/c1cc(Cl)cc(CN2CCN(c3ccccc3Cl)CC2)c1O,735400.0,inactive,380.2750000000001,3.829300000000004,2.0,5.0
CHEMBL5429403,Cc1cc(/C=N/O)c(O)c(CN2CCN(c3ccccc3)CC2)c1,645800.0,inactive,325.41200000000003,2.8309200000000008,2.0,5.0
CHEMBL5415364,O/N=C/c1cc(Cl)cc(CN2CCN(c3ccccc3)CC2)c1O,1000000.0,inactive,345.8300000000001,3.1759000000000026,2.0,5.0
CHEMBL5430188,O=C1C(=O)N2CCc3cc4c(c5c3c2c1c1ccccc15)OCO4,51300.0,inactive,317.30000000000007,2.807100000000001,0.0,4.0
CHEMBL5404812,COc1ccc2c(c1OC)c1c3c4c(cc5c(c42)OCO5)CCN3C(=O)C1=O,33000.0,inactive,377.3520000000002,2.824300000000001,0.0,6.0
CHEMBL5427350,COc1cc(O)cc2c1-c1c3c(cc4c1[C@@H](C2)N(C)CC4)OCO3,300000.0,inactive,325.36400000000015,2.8816000000000015,1.0,5.0
CHEMBL5411734,COc1cc(O)c2c(c1)C[C@@H]1c3c(cc4c(c3-2)OCO4)CCN1C,85000.0,inactive,325.3640000000001,2.8816000000000015,1.0,5.0
CHEMBL452201,COc1ccc2c(c1)C[C@H]1NCCc3cc4c(c-2c31)OCO4,125900.0,inactive,295.338,2.833800000000001,1.0,4.0
CHEMBL5416128,COc1cc(O)c2c(c1)C[C@H]1NCCc3cc4c(c-2c31)OCO4,300000.0,inactive,311.33700000000005,2.5394000000000005,2.0,5.0
CHEMBL5408625,COc1cc(O)c2c(c1)C[C@H]1NCCc3c(OC)c4c(c-2c31)OCO4,161900.0,inactive,341.3630000000001,2.548000000000001,2.0,6.0
CHEMBL510954,COc1ccc2c(c1)C[C@@H]1c3c(cc4c(c3-2)OCO4)CCN1C,26200.0,inactive,309.36500000000007,3.176000000000002,0.0,4.0
CHEMBL5427951,COc1cc(O)c2c(c1)C[C@@H]1c3c(cc4c(c3-2)OCO4)CC[N@+]1(C)[O-],300000.0,inactive,341.3630000000001,2.8942000000000014,1.0,5.0
CHEMBL5415340,COc1cc(O)c2c(c1)C[C@@H]1c3c(cc4c(c3-2)OCO4)CC[N@@+]1(C)[O-],300000.0,inactive,341.3630000000001,2.8942000000000014,1.0,5.0
CHEMBL5435367,COC1=CC(=O)c2c(cc3c4c(cc5c(c24)OCO5)CCN3C)C1=O,221100.0,inactive,337.3310000000001,2.4701000000000004,0.0,6.0
CHEMBL389400,COc1ccc2c(c1)C(=O)c1nccc3cc4c(c-2c13)OCO4,10900.0,inactive,305.2890000000001,3.183500000000002,0.0,5.0
CHEMBL5414196,COc1ccc(C[C@H]2c3c(ccc(OC)c3O)CCN2C)cc1,25600.0,inactive,313.39700000000005,3.1811000000000016,1.0,4.0
CHEMBL5402370,COc1cc2c(c(O)c1OC)CCN1Cc3c(ccc(O)c3OC)C[C@@H]21,89000.0,inactive,357.40600000000006,2.7791000000000006,2.0,6.0
CHEMBL448891,COc1cc2c(cc1OC)[C@@H]1Cc3ccc(O)c(OC)c3CN1CC2,211200.0,inactive,341.40700000000015,3.073500000000001,1.0,5.0
CHEMBL1235966,COc1cc2c(cc1O)[C@@H]1Cc3ccc(OC)c(O)c3CN1CC2,143300.0,inactive,327.3800000000001,2.770500000000001,2.0,5.0
CHEMBL5420095,COc1cc2c(c(O)c1OC)CC[N@+]1(C)Cc3c(ccc(O)c3OC)C[C@@H]21.[OH-],131000.0,inactive,389.4480000000001,2.7469,2.0,6.0
CHEMBL5425587,COc1cc2c(c(O)c1OC)CC[n+]1cc3c(OC)c(O)ccc3cc1-2,16400.0,inactive,354.38200000000006,2.7874000000000008,2.0,5.0
CHEMBL5434024,COc1cc2c(cc1O)CC[n+]1cc3c(OC)c(O)ccc3cc1-2,17800.0,inactive,324.356,2.7788000000000013,2.0,4.0
CHEMBL5411138,COC1=C(CC(=O)CCc2ccccc2)C(=O)O[C@@H]1O,300000.0,inactive,276.288,1.3541,1.0,5.0
CHEMBL202844,COc1cc(/C=C/C(=O)NCCc2ccc(O)c(O)c2)ccc1O,8520.0,intermediate,329.352,2.1841000000000013,4.0,5.0
CHEMBL5397379,O=C1c2c(ccc(O)c2O)CCn2cccc21,50490.0,inactive,229.23499999999996,1.6864,2.0,3.0
CHEMBL5435795,O=Cc1ccc2n1CCc1cc(O)c(O)cc1C2,58370.0,inactive,243.262,1.8586999999999996,2.0,3.0
CHEMBL5398421,COc1cc(O)c2c(c1)C(=O)c1cc(O)c(O)cc1CCN2,46000.0,inactive,301.29800000000006,2.0109999999999997,4.0,6.0
CHEMBL11298,N[C@@H](CO)C(=O)O,38310.0,inactive,105.09299999999999,-1.6093999999999997,3.0,3.0
CHEMBL5395312,CN1CCN(c2ccc(C(=O)Nc3cc(-c4nc5ccccc5[nH]4)n[nH]3)cc2)CC1,1710.0,intermediate,401.4740000000001,2.9571000000000014,3.0,5.0
CHEMBL5399112,O=C(Nc1cc(-c2nc3ccccc3[nH]2)n[nH]1)c1ccc(N2CCNCC2)cc1,10000.0,inactive,387.44700000000023,2.6149000000000004,4.0,5.0
CHEMBL5402411,O=C(Nc1cc(-c2nc3ccccc3[nH]2)[nH]n1)c1ccc(N2CCOCC2)cc1,10000.0,inactive,388.43100000000027,3.041900000000001,3.0,5.0
CHEMBL5505847,O=C(Cn1nc(-c2ccccc2)c(-c2ccccc2)nc1=O)Nc1ccc([N+](=O)[O-])cc1,1067.0,intermediate,427.4200000000002,3.5192000000000014,1.0,6.0
CHEMBL5557161,O=C(Cn1nc(-c2ccccc2)c(-c2ccccc2)nc1=O)Nc1ccc([N+](=O)[O-])cc1Cl,699.0,active,461.86500000000024,4.172600000000003,1.0,6.0
CHEMBL5557905,O=C(Cn1nc(-c2ccccc2)c(-c2ccccc2)nc1=O)Nc1cc(Br)cc(Br)c1,772.0,active,540.2150000000001,5.136000000000003,1.0,4.0
CHEMBL5555216,N#Cc1ccccc1NC(=O)Cn1nc(-c2ccccc2)c(-c2ccccc2)nc1=O,1861.0,intermediate,407.4330000000001,3.482680000000002,1.0,5.0
CHEMBL5559321,O=C(Cn1nc(-c2ccccc2)c(-c2ccccc2)nc1=O)Nc1ccc(Cl)cc1,1406.0,intermediate,416.86800000000017,4.264400000000003,1.0,4.0
CHEMBL5555683,O=C(Cn1nc(-c2ccccc2)c(-c2ccccc2)nc1=O)Nc1ccc(Br)cc1,941.0,active,461.31900000000013,4.373500000000003,1.0,4.0
CHEMBL5558447,O=C(Cn1nc(-c2ccccc2)c(-c2ccccc2)nc1=O)Nc1cccc(Cl)c1,1161.0,intermediate,416.86800000000017,4.264400000000003,1.0,4.0
CHEMBL5558946,O=C(Cn1nc(-c2ccccc2)c(-c2ccccc2)nc1=O)Nc1ccc(F)cc1,836.0,active,400.4130000000001,3.7501000000000015,1.0,4.0
CHEMBL5559062,O=C(Cn1nc(-c2ccccc2)c(-c2ccccc2)nc1=O)Nc1ccc(O)cc1,1148.0,intermediate,398.42200000000014,3.316600000000001,2.0,5.0
CHEMBL5532467,O=C(Cn1nc(-c2ccccc2)c(-c2ccccc2)nc1=O)Nc1ccccc1O,753.0,active,398.42200000000014,3.3166000000000015,2.0,5.0
CHEMBL5555737,COc1cc(NC(=O)Cn2nc(-c3ccccc3)c(-c3ccccc3)nc2=O)cc(OC)c1OC,708.0,active,472.50100000000026,3.6368000000000027,1.0,7.0
CHEMBL5555058,COc1cc(NC(=O)Cn2nc(-c3ccccc3)c(-c3ccccc3)nc2=O)cc(OC)c1,486.0,active,442.4750000000002,3.6282000000000023,1.0,6.0
CHEMBL5555930,O=C(Cn1nc(-c2ccccc2)c(-c2ccccc2)nc1=O)Nc1cccc([N+](=O)[O-])c1,1119.0,intermediate,427.4200000000002,3.5192000000000014,1.0,6.0
CHEMBL5532603,O=C(Cn1nc(-c2ccccc2)c(-c2ccccc2)nc1=O)Nc1ccccc1Cl,719.0,active,416.86800000000017,4.264400000000003,1.0,4.0
CHEMBL5555983,O=C(Cn1nc(-c2ccccc2)c(-c2ccccc2)nc1=O)Nc1ccccc1[N+](=O)[O-],734.0,active,427.4200000000002,3.5192000000000014,1.0,6.0
CHEMBL5512503,N#Cc1cccc(NC(=O)Cn2nc(-c3ccccc3)c(-c3ccccc3)nc2=O)c1,1252.0,intermediate,407.4330000000001,3.482680000000002,1.0,5.0
CHEMBL5550021,Cc1ccccc1NC(=O)Cn1nc(-c2ccccc2)c(-c2ccccc2)nc1=O,953.0,active,396.4500000000001,3.9194200000000032,1.0,4.0
CHEMBL5557719,O=C(Cn1nc(-c2ccccc2)c(-c2ccccc2)nc1=O)Nc1ccc(F)cc1F,1156.0,intermediate,418.40300000000013,3.8892000000000024,1.0,4.0
CHEMBL5542397,COc1cc2ncnc(N3CCN(C(c4ccccc4)c4ccccc4)CC3)c2cc1OC,436.0,active,440.54700000000025,4.558600000000005,0.0,6.0
CHEMBL5517663,COc1cc2ncnc(N3CCN(Cc4ccccc4)CC3)c2cc1OC,283.0,active,364.4490000000002,2.9692000000000016,0.0,6.0
CHEMBL5559386,COc1cc2ncnc(N3CCN(c4ccc([N+](=O)[O-])cc4)CC3)c2cc1OC,481.0,active,395.4190000000002,2.881800000000001,0.0,8.0
CHEMBL5557329,COc1cc2ncnc(N3CCN(c4ccccc4)CC3)c2cc1OC,1006.0,intermediate,350.4220000000002,2.973600000000001,0.0,6.0
CHEMBL5559310,COc1cc2ncnc(N3CCN(c4ccccn4)CC3)c2cc1OC,1148.0,intermediate,351.4100000000002,2.3686,0.0,7.0
CHEMBL5559245,COc1cc2ncnc(N3CCN(Cc4ccc(Cl)cc4)CC3)c2cc1OC,921.0,active,398.8940000000002,3.622600000000003,0.0,6.0
CHEMBL5556374,COc1cc2ncnc(N3CCN(c4ccc(F)cc4)CC3)c2cc1OC,1038.0,intermediate,368.41200000000015,3.112700000000002,0.0,6.0
CHEMBL236487,COc1cc2ncnc(N3CCN(Cc4ccc(F)cc4)CC3)c2cc1OC,932.0,active,382.4390000000002,3.1083000000000016,0.0,6.0
CHEMBL5517638,COc1cc2ncnc(N3CCN(Cc4ccc(C)cc4)CC3)c2cc1OC,1024.0,intermediate,378.47600000000017,3.2776200000000015,0.0,6.0
CHEMBL5558445,COc1cc2ncnc(N3CCN(C)CC3)c2cc1OC,1275.0,intermediate,288.351,1.3987999999999998,0.0,6.0
CHEMBL5505910,COc1cc2ncnc(N3CCN(C(C)=O)CC3)c2cc1OC,1192.0,intermediate,316.36100000000005,1.3155,0.0,6.0
CHEMBL5555203,COc1cc2ncnc(N3CCN(c4ccc(C)cc4)CC3)c2cc1OC,1171.0,intermediate,364.4490000000002,3.282020000000002,0.0,6.0
CHEMBL5542098,COc1cc2ncnc(N3CCN(c4ccc(Br)cc4)CC3)c2cc1OC,973.0,active,429.31800000000015,3.736100000000002,0.0,6.0
CHEMBL5532614,COc1cc2ncnc(N3CCN(c4ccccc4[N+](=O)[O-])CC3)c2cc1OC,914.0,active,395.4190000000002,2.881800000000001,0.0,8.0
CHEMBL5173038,O=C(CCN1CCCCC1)Nc1ccc2nc(-c3cc4ccccc4[nH]3)[nH]c(=O)c2c1,20.97,active,415.4970000000001,3.885900000000002,3.0,4.0
CHEMBL1430084,c1ccc(CN2CCN(c3nc(-c4ccccc4)nc4ccccc34)CC2)cc1,191.0,active,380.4950000000002,4.619000000000004,0.0,4.0
CHEMBL5523504,FC(F)(F)c1ccc(-c2nnc(NC3CCN(Cc4ccccc4)CC3)o2)cc1,55.0,active,402.42000000000013,4.831900000000004,1.0,5.0
CHEMBL5560860,COc1cc2c(cc1OC)C(c1ccccc1)N(CCc1cn(CCCCC3=C[C@H]4Cc5nc6cc(Cl)ccc6c(N)c5[C@H](C3)C4)nn1)CC2,0.43,active,689.3039999999999,8.115900000000009,1.0,7.0
CHEMBL5566339,CCCCCCCCCCCC1=C(O)C(=O)C=C(NCCC2CCN(Cc3ccccc3)CC2)C1=O,150.0,active,494.72000000000037,6.6470000000000065,2.0,5.0
CHEMBL5523420,COc1cc2cc(C(=O)NCCC3CCN(Cc4ccccc4)CC3)[nH]c2cc1OC,320.0,active,421.5410000000001,4.217200000000004,2.0,4.0
CHEMBL453641,C=C(C)[C@H](CC=C(C)C)Cc1c(O)cc(OC)c2c1O[C@H](c1ccc(O)cc1O)CC2=O,42100.0,inactive,438.5200000000002,5.609600000000007,3.0,6.0
CHEMBL4861956,COc1ccc2[nH]c(C(=O)Nc3ccc4nc5n(c(=O)c4c3)CCC5)cc2c1,120.0,active,374.4000000000002,3.084900000000001,2.0,4.0
CHEMBL5574923,O=C(CCCCN1CCN(Cc2ccccc2)CC1)Nc1ccc2nc3n(c(=O)c2c1)CCC3,3.29,active,459.59400000000034,3.269300000000002,1.0,5.0
CHEMBL5567533,C[C@@H](c1cccc(OC(=O)NCCNc2c3c(nc4ccccc24)CCCC3)c1)N(C)C,252.47,active,432.5680000000002,4.936700000000004,2.0,5.0
CHEMBL5571160,C[C@@H](c1cccc(OC(=O)NCCCNc2c3c(nc4ccccc24)CCCC3)c1)N(C)C,385.33,active,446.59500000000025,5.326800000000005,2.0,5.0
CHEMBL5575695,C[C@@H](c1cccc(OC(=O)NCCCCNc2c3c(nc4ccccc24)CCCC3)c1)N(C)C,292.22,active,460.62200000000024,5.716900000000005,2.0,5.0
CHEMBL5567590,C[C@@H](c1cccc(OC(=O)NCCCCCNc2c3c(nc4ccccc24)CCCC3)c1)N(C)C,117.15,active,474.6490000000003,6.1070000000000055,2.0,5.0
CHEMBL5575737,C[C@@H](c1cccc(OC(=O)NCCCCCCNc2c3c(nc4ccccc24)CCCC3)c1)N(C)C,118.56,active,488.6760000000003,6.497100000000007,2.0,5.0
CHEMBL5592335,C[C@@H](c1cccc(OC(=O)NCCCCCNc2c3c(nc4cc(F)ccc24)CCCC3)c1)N(C)C,37.83,active,492.6390000000003,6.246100000000006,2.0,5.0
CHEMBL5573861,C[C@@H](c1cccc(OC(=O)NCCCCCCNc2c3c(nc4cc(F)ccc24)CCCC3)c1)N(C)C,42.16,active,506.6660000000003,6.636200000000007,2.0,5.0
CHEMBL5570989,C[C@@H](c1cccc(OC(=O)NCCCCCNc2c3c(nc4cc(Cl)ccc24)CCCC3)c1)N(C)C,8.28,active,509.0940000000003,6.760400000000008,2.0,5.0
CHEMBL5595199,C[C@@H](c1cccc(OC(=O)NCCCCCCNc2c3c(nc4cc(Cl)ccc24)CCCC3)c1)N(C)C,25.6,active,523.1210000000003,7.150500000000008,2.0,5.0
CHEMBL5572861,C[C@@H](c1cccc(OC(=O)NCCCCCNc2c3c(nc4cc(Br)ccc24)CCCC3)c1)N(C)C,47.67,active,553.5450000000002,6.8695000000000075,2.0,5.0
CHEMBL5569081,C[C@@H](c1cccc(OC(=O)NCCCCCCNc2c3c(nc4cc(Br)ccc24)CCCC3)c1)N(C)C,55.99,active,567.5720000000001,7.259600000000008,2.0,5.0
CHEMBL5556622,O=C(NCCNc1c2c(nc3ccccc13)CCCC2)Oc1ccc2cc[nH]c2c1,1253.62,intermediate,400.4820000000001,4.795400000000003,3.0,4.0
CHEMBL5564643,O=C(NCCCNc1c2c(nc3ccccc13)CCCC2)Oc1ccc2cc[nH]c2c1,551.69,active,414.5090000000002,5.185500000000004,3.0,4.0
CHEMBL5575440,O=C(NCCCCNc1c2c(nc3ccccc13)CCCC2)Oc1ccc2cc[nH]c2c1,510.16,active,428.53600000000023,5.575600000000005,3.0,4.0
CHEMBL5574879,O=C(NCCCCCNc1c2c(nc3ccccc13)CCCC2)Oc1ccc2cc[nH]c2c1,421.09,active,442.5630000000003,5.965700000000005,3.0,4.0
CHEMBL5568668,O=C(NCCCCCCNc1c2c(nc3ccccc13)CCCC2)Oc1ccc2cc[nH]c2c1,381.73,active,456.5900000000003,6.355800000000006,3.0,4.0
CHEMBL5583827,O=C(NCCCCCNc1c2c(nc3cc(F)ccc13)CCCC2)Oc1ccc2cc[nH]c2c1,273.1,active,460.5530000000003,6.104800000000005,3.0,4.0
CHEMBL5575441,O=C(NCCCCCCNc1c2c(nc3cc(F)ccc13)CCCC2)Oc1ccc2cc[nH]c2c1,297.19,active,474.5800000000003,6.494900000000007,3.0,4.0
CHEMBL5568634,O=C(NCCCCCNc1c2c(nc3cc(Cl)ccc13)CCCC2)Oc1ccc2cc[nH]c2c1,247.73,active,477.0080000000003,6.619100000000005,3.0,4.0
CHEMBL5563760,O=C(NCCCCCCNc1c2c(nc3cc(Cl)ccc13)CCCC2)Oc1ccc2cc[nH]c2c1,152.72,active,491.0350000000003,7.009200000000006,3.0,4.0
CHEMBL5569423,O=C(NCCCCCNc1c2c(nc3cc(Br)ccc13)CCCC2)Oc1ccc2cc[nH]c2c1,317.48,active,521.4590000000003,6.7282000000000055,3.0,4.0
CHEMBL5594287,O=C(NCCCCCCNc1c2c(nc3cc(Br)ccc13)CCCC2)Oc1ccc2cc[nH]c2c1,113.11,active,535.4860000000003,7.118300000000006,3.0,4.0
CHEMBL5572620,O=C(NCCNc1c2c(nc3ccccc13)CCCC2)Oc1ccc(-c2cc3cccnc3[nH]2)cc1,10000.0,inactive,477.56800000000015,5.857400000000005,3.0,5.0
CHEMBL5573148,O=C(NCCCNc1c2c(nc3ccccc13)CCCC2)Oc1ccc(-c2cc3cccnc3[nH]2)cc1,232.7,active,491.59500000000025,6.247500000000006,3.0,5.0
CHEMBL5583890,O=C(NCCCCNc1c2c(nc3ccccc13)CCCC2)Oc1ccc(-c2cc3cccnc3[nH]2)cc1,204.8,active,505.6220000000003,6.637600000000006,3.0,5.0
CHEMBL5564010,O=C(NCCCCCNc1c2c(nc3ccccc13)CCCC2)Oc1ccc(-c2cc3cccnc3[nH]2)cc1,152.6,active,519.6490000000003,7.0277000000000065,3.0,5.0
CHEMBL5575345,O=C(NCCCCCCNc1c2c(nc3ccccc13)CCCC2)Oc1ccc(-c2cc3cccnc3[nH]2)cc1,21.34,active,533.6760000000004,7.417800000000008,3.0,5.0
CHEMBL5567396,O=C(NCCCCCNc1c2c(nc3cc(F)ccc13)CCCC2)Oc1ccc(-c2cc3cccnc3[nH]2)cc1,151.7,active,537.6390000000004,7.1668000000000065,3.0,5.0
CHEMBL5562554,O=C(NCCCCCCNc1c2c(nc3cc(F)ccc13)CCCC2)Oc1ccc(-c2cc3cccnc3[nH]2)cc1,30.35,active,551.6660000000004,7.556900000000008,3.0,5.0
CHEMBL5572008,O=C(NCCCCCNc1c2c(nc3cc(Cl)ccc13)CCCC2)Oc1ccc(-c2cc3cccnc3[nH]2)cc1,23.11,active,554.0940000000004,7.681100000000006,3.0,5.0
CHEMBL5566825,O=C(NCCCCCCNc1c2c(nc3cc(Cl)ccc13)CCCC2)Oc1ccc(-c2cc3cccnc3[nH]2)cc1,64.71,active,568.1210000000003,8.071200000000006,3.0,5.0
CHEMBL5594238,O=C(NCCCCCNc1c2c(nc3cc(Br)ccc13)CCCC2)Oc1ccc(-c2cc3cccnc3[nH]2)cc1,59.14,active,598.5450000000003,7.790200000000007,3.0,5.0
CHEMBL5563794,O=C(NCCCCCCNc1c2c(nc3cc(Br)ccc13)CCCC2)Oc1ccc(-c2cc3cccnc3[nH]2)cc1,55.03,active,612.5720000000003,8.180300000000006,3.0,5.0
CHEMBL5583577,CCCNC(C)C(=O)Nc1c(C)csc1-c1nc(C)no1,201.0,active,308.40700000000004,2.7415400000000014,2.0,6.0
CHEMBL5572853,CCCNC(C)C(=O)Nc1c(C)csc1-c1nc(Cc2ccccc2)no1,48.0,active,384.5050000000001,4.023920000000003,2.0,6.0
CHEMBL5574783,CCCNC(C)C(=O)Nc1c(C)csc1-c1nc(-c2ccccc2)no1,102.0,active,370.47800000000007,4.100120000000002,2.0,6.0
CHEMBL5568989,CCCNC(C)C(=O)Nc1c(C)csc1-c1nc(-c2ccccc2N)no1,121.0,active,385.4930000000001,3.6823200000000016,3.0,7.0
CHEMBL5572120,Cc1noc(-c2ccc(N)cc2)n1,104.0,active,175.19099999999997,1.6272199999999999,1.0,4.0
CHEMBL5595727,Nc1ccc(-c2nc(-c3ccccc3N)no2)cc1,201.0,active,252.27700000000004,2.5680000000000005,2.0,5.0
CHEMBL5566300,CCCCOc1cc(-c2nc(C)no2)ccc1N,16.0,active,247.29799999999997,2.806120000000001,1.0,5.0
CHEMBL5579758,CCCCOc1cc(-c2nc(-c3ccccc3)no2)ccc1N,191.0,active,309.369,4.1647000000000025,1.0,5.0
CHEMBL5569585,Cc1cc(NS(=O)(=O)c2ccc(NC(=O)COc3ccccc3-c3nc(-c4ccccc4)no3)cc2)no1,94.0,active,531.5500000000002,4.518320000000003,2.0,9.0
CHEMBL5570881,Cc1cc(NS(=O)(=O)c2ccc(-n3cc(COc4ccccc4-c4nc(Cc5ccccc5)no4)nn3)cc2)no1,103.0,active,569.6030000000002,4.5843200000000035,1.0,10.0
CHEMBL5566520,Cc1cc(NS(=O)(=O)c2ccc(-n3cc(COc4ccccc4-c4nc(-c5ccccc5)no4)nn3)cc2)no1,104.0,active,555.5760000000002,4.6605200000000035,1.0,10.0
CHEMBL5573558,CC(CCCCn1c(=O)c2c(ncn2C)n(C)c1=O)=NNC(=O)COc1ccccc1-c1nc(-c2ccccc2)no1,94.0,active,570.6100000000004,2.892100000000002,1.0,9.0
CHEMBL5572134,Cc1cc(=O)oc2cc(OCc3ccc(-c4noc([C@@H]5CCCN5)n4)cc3)ccc12,77560.0,inactive,403.4380000000001,4.154920000000002,1.0,7.0
CHEMBL2107723,COc1cc(O)c(C(=O)Nc2nc(C(=O)NCCN(C(C)C)C(C)C)cs2)cc1OC,3000.0,intermediate,450.56100000000015,2.966800000000001,3.0,8.0
CHEMBL5591282,Cl.Nc1c2c(nc3ccc(Oc4ccccc4)cc13)CCC2,6420.0,intermediate,312.8000000000002,4.519800000000003,1.0,3.0
CHEMBL5573638,Cc1ccccc1Oc1ccc2nc3c(c(N)c2c1)CCC3.Cl,28220.0,inactive,326.82700000000006,4.8282200000000035,1.0,3.0
CHEMBL5574521,COc1ccccc1Oc1ccc2nc3c(c(N)c2c1)CCC3.Cl,8520.0,intermediate,342.8260000000001,4.528400000000004,1.0,4.0
CHEMBL5573311,Cc1cccc(Oc2ccc3nc4c(c(N)c3c2)CCC4)c1.Cl,5280.0,intermediate,326.82700000000006,4.8282200000000035,1.0,3.0
CHEMBL5573526,COc1cccc(Oc2ccc3nc4c(c(N)c3c2)CCC4)c1.Cl,5250.0,intermediate,342.8260000000001,4.528400000000003,1.0,4.0
CHEMBL5570753,Cc1ccc(Oc2ccc3nc4c(c(N)c3c2)CCC4)cc1.Cl,8360.0,intermediate,326.82699999999994,4.8282200000000035,1.0,3.0
CHEMBL5575070,COc1ccc(Oc2ccc3nc4c(c(N)c3c2)CCC4)cc1.Cl,4240.0,intermediate,342.8260000000001,4.528400000000003,1.0,4.0
CHEMBL5565570,Cl.Nc1c2c(nc3ccc(Oc4ccc(Cl)cc4)cc13)CCC2,5070.0,intermediate,347.2450000000002,5.173200000000003,1.0,3.0
CHEMBL5565153,CC(C)(C)c1ccc(Oc2ccc3nc4c(c(N)c3c2)CCC4)cc1.Cl,2780.0,intermediate,368.9080000000001,5.817300000000006,1.0,3.0
CHEMBL5565340,CC(=O)c1ccc(Oc2ccc3nc4c(c(N)c3c2)CCC4)cc1.Cl,5760.0,intermediate,354.83700000000005,4.722400000000003,1.0,4.0
CHEMBL5565926,Cc1cc(C)cc(Oc2ccc3nc4c(c(N)c3c2)CCC4)c1.Cl,3720.0,intermediate,340.8540000000001,5.136640000000004,1.0,3.0
CHEMBL5569264,Cc1ccccc1Oc1ccc2nc3c(c(N)c2c1)CCCC3.Cl,3780.0,intermediate,340.8540000000001,5.218320000000004,1.0,3.0
CHEMBL5574870,COc1ccccc1Oc1ccc2nc3c(c(N)c2c1)CCCC3.Cl,840.0,active,356.8530000000001,4.918500000000004,1.0,4.0
CHEMBL5563739,Cc1cccc(Oc2ccc3nc4c(c(N)c3c2)CCCC4)c1.Cl,9190.0,intermediate,340.8540000000001,5.218320000000004,1.0,3.0
CHEMBL5593367,COc1cccc(Oc2ccc3nc4c(c(N)c3c2)CCCC4)c1.Cl,2640.0,intermediate,356.8530000000001,4.918500000000003,1.0,4.0
CHEMBL5570038,Cc1ccc(Oc2ccc3nc4c(c(N)c3c2)CCCC4)cc1.Cl,3290.0,intermediate,340.854,5.218320000000004,1.0,3.0
CHEMBL5592792,COc1ccc(Oc2ccc3nc4c(c(N)c3c2)CCCC4)cc1.Cl,2900.0,intermediate,356.8530000000001,4.918500000000003,1.0,4.0
CHEMBL5569743,Cl.Nc1c2c(nc3ccc(Oc4ccc(Cl)cc4)cc13)CCCC2,2920.0,intermediate,361.2720000000002,5.5633000000000035,1.0,3.0
CHEMBL5572528,CC(C)(C)c1ccc(Oc2ccc3nc4c(c(N)c3c2)CCCC4)cc1.Cl,1960.0,intermediate,382.9350000000001,6.207400000000006,1.0,3.0
CHEMBL5571784,Cc1cc(C)cc(Oc2ccc3nc4c(c(N)c3c2)CCCC4)c1.Cl,1620.0,intermediate,354.88100000000014,5.526740000000005,1.0,3.0
CHEMBL5571191,Cl.Nc1c2c(nc3ccc(Oc4ccccc4)cc13)CCCCC2,5360.0,intermediate,340.85400000000027,5.300000000000003,1.0,3.0
CHEMBL5571074,Cc1ccccc1Oc1ccc2nc3c(c(N)c2c1)CCCCC3.Cl,5800.0,intermediate,354.88100000000014,5.608420000000004,1.0,3.0
CHEMBL5568964,COc1ccccc1Oc1ccc2nc3c(c(N)c2c1)CCCCC3.Cl,9620.0,intermediate,370.88000000000017,5.308600000000005,1.0,4.0
CHEMBL5563895,Cc1cccc(Oc2ccc3nc4c(c(N)c3c2)CCCCC4)c1.Cl,12250.0,inactive,354.88100000000014,5.608420000000004,1.0,3.0
CHEMBL5570773,COc1cccc(Oc2ccc3nc4c(c(N)c3c2)CCCCC4)c1.Cl,4250.0,intermediate,370.88000000000017,5.308600000000004,1.0,4.0
CHEMBL5590734,Cc1ccc(Oc2ccc3nc4c(c(N)c3c2)CCCCC4)cc1.Cl,3790.0,intermediate,354.88100000000003,5.608420000000004,1.0,3.0
CHEMBL5567301,COc1ccc(Oc2ccc3nc4c(c(N)c3c2)CCCCC4)cc1.Cl,3630.0,intermediate,370.88000000000017,5.308600000000004,1.0,4.0
CHEMBL5573162,Cl.Nc1c2c(nc3ccc(Oc4ccc(Cl)cc4)cc13)CCCCC2,4220.0,intermediate,375.29900000000026,5.953400000000004,1.0,3.0
CHEMBL5575842,CC(C)(C)c1ccc(Oc2ccc3nc4c(c(N)c3c2)CCCCC4)cc1.Cl,71630.0,inactive,396.96200000000016,6.597500000000006,1.0,3.0
CHEMBL5575002,Cc1cc(C)cc(Oc2ccc3nc4c(c(N)c3c2)CCCCC4)c1.Cl,990.0,active,368.9080000000002,5.916840000000005,1.0,3.0
CHEMBL5590314,Nc1c2c(nc3ccc(Oc4ccccc4)cc13)CCCC2,2400.0,intermediate,290.3660000000001,4.488100000000003,1.0,3.0
CHEMBL5563454,CCOc1cc2c(cc1OCC)-c1c(-c3ccc(Cl)cc3)c(/C=N/c3ccc(/N=C/c4c(-c5ccc(Cl)cc5)c5n(c4-c4ccccc4)CCc4cc(OC)c(OC)cc4-5)cc3)c(-c3ccccc3)n1CC2,4690.0,intermediate,988.0279999999996,16.026399999999963,0.0,6.0
CHEMBL5595332,CN(Cc1ccc(COc2ccc3c(CO)cc(=O)oc3c2)cc1)Cc1cccs1,501.0,active,421.51800000000014,4.557800000000004,1.0,6.0
CHEMBL5568861,CN(Cc1ccc(COc2ccc3c(CO)cc(=O)oc3c2)cc1)Cc1ccco1,832.0,active,405.45000000000016,4.089300000000003,1.0,6.0
CHEMBL5590122,CN(Cc1ccc(COc2ccc3c(CO)cc(=O)oc3c2)cc1)Cc1ccsc1,261.0,active,421.51800000000014,4.557800000000004,1.0,6.0
CHEMBL5595836,CN(Cc1ccc(COc2ccc3c(CO)cc(=O)oc3c2)cc1)Cc1ncc[nH]1,1320.0,intermediate,405.4540000000001,3.219400000000001,2.0,6.0
CHEMBL5574703,CN(Cc1ccc(COc2ccc3c(CO)cc(=O)oc3c2)cc1)Cc1nccs1,6560.0,intermediate,422.50600000000014,3.9528000000000034,1.0,7.0
CHEMBL5591982,CN(Cc1ccc(COc2ccc3c(CO)cc(=O)oc3c2)cc1)Cc1cscn1,1780.0,intermediate,422.50600000000014,3.9528000000000034,1.0,7.0
CHEMBL5565956,CN(Cc1ccc(COc2ccc3c(CO)cc(=O)oc3c2)cc1)Cc1cccnc1,985.0,active,416.47700000000015,3.891300000000003,1.0,6.0
CHEMBL5569900,CN(Cc1ccncc1)Cc1ccc(COc2ccc3c(CO)cc(=O)oc3c2)cc1,1880.0,intermediate,416.47700000000015,3.891300000000003,1.0,6.0
CHEMBL5563449,CN(Cc1ccc(COc2ccc3c(CO)cc(=O)oc3c2)cc1)Cc1cncnc1,4060.0,intermediate,417.46500000000015,3.2863000000000016,1.0,7.0
CHEMBL5563417,CN(CCc1cccs1)Cc1ccc(COc2ccc3c(CO)cc(=O)oc3c2)cc1,6620.0,intermediate,435.54500000000013,4.600300000000005,1.0,6.0
CHEMBL5569594,CN(CCc1ccsc1)Cc1ccc(COc2ccc3c(CO)cc(=O)oc3c2)cc1,3170.0,intermediate,435.5450000000002,4.600300000000005,1.0,6.0
CHEMBL5573115,CN(CCc1cccnc1)Cc1ccc(COc2ccc3c(CO)cc(=O)oc3c2)cc1,10600.0,inactive,430.5040000000002,3.9338000000000033,1.0,6.0
CHEMBL5591073,CNC(=O)COc1cc(C(C)C)ccc1C,1930.0,intermediate,221.29999999999998,2.24322,1.0,2.0
CHEMBL5591504,CCCNC(=O)COc1cc(C(C)C)ccc1C,1930.0,intermediate,249.35399999999998,3.0234200000000016,1.0,2.0
CHEMBL5593745,CCN(CC)C(=O)COc1cc(C(C)C)ccc1C,1930.0,intermediate,263.38100000000003,3.3656200000000025,0.0,2.0
CHEMBL5583545,Cc1ccc(C(C)C)cc1OCC(=O)N(C(C)C)C(C)C,1930.0,intermediate,291.435,4.1426200000000035,0.0,2.0
CHEMBL5592053,Cc1ccc(C(C)C)cc1OCC(=O)NC1CCCCC1,1930.0,intermediate,289.4190000000001,3.9461200000000023,1.0,2.0
CHEMBL5592999,Cc1ccc(C(C)C)cc1OCC(=O)N1CCCCC1,1930.0,intermediate,275.392,3.5097200000000024,0.0,2.0
CHEMBL5583734,Cc1ccc(C(C)C)cc1OCC(=O)N1Cc2ccccc2C1,1930.0,intermediate,309.40900000000005,4.039620000000003,0.0,2.0
CHEMBL5593429,Cc1ccc(C(C)C)cc1OCC(=O)NCCN1CCCC1,1930.0,intermediate,304.43400000000014,2.70922,1.0,3.0
CHEMBL5594172,Cc1ccc(C(C)C)cc1OCC(=O)NCCN1CCOCC1,1930.0,intermediate,320.43300000000016,1.9456199999999995,1.0,4.0
CHEMBL5589858,Cc1ccc(C(C)C)cc1OCC(=O)NCCC1=CCCCC1,1930.0,intermediate,315.4570000000001,4.5039200000000035,1.0,2.0
CHEMBL5594511,COc1ccc(CCNC(=O)COc2cc(C(C)C)ccc2C)cc1OC,1930.0,intermediate,371.47700000000015,3.873320000000003,1.0,4.0
CHEMBL5591277,Cc1ccc(C(C)C)cc1OCC(=O)NCc1ccc2c(c1)OCO2,1930.0,intermediate,341.4070000000001,3.542320000000002,1.0,4.0
CHEMBL5591729,Cc1ccc(C(C)C)cc1OCC(=O)NCCN1CCN(C)CC1,1930.0,intermediate,333.47600000000017,1.8608199999999995,1.0,4.0
CHEMBL5591597,Cc1ccc(C(C)C)cc1OCC(=O)NCCNc1cccc2cccnc12,1930.0,intermediate,377.48800000000006,4.273720000000003,2.0,4.0
CHEMBL5589962,C=CCNCC(O)COc1cc(C(C)C)ccc1C,136.0,active,263.381,2.6337200000000003,2.0,3.0
CHEMBL5590702,CCN(CC)CC(O)COc1cc(C(C)C)ccc1C,136.0,active,279.42400000000004,3.1999200000000014,1.0,3.0
CHEMBL5583846,Cc1ccc(C(C)C)cc1OCC(O)CNC(C)(C)C,136.0,active,279.42400000000004,3.246220000000001,2.0,3.0
CHEMBL5592917,Cc1ccc(C(C)C)cc1OCC(O)CNCc1cccnc1,136.0,active,314.429,3.0429200000000005,2.0,4.0
CHEMBL5590201,Cc1ccc(C(C)C)cc1OCC(O)CNCCC1=CCCCC1,136.0,active,331.50000000000017,4.338220000000003,2.0,3.0
CHEMBL5592608,O=C(NCCCCCCNc1c2c(nc3ccccc13)CCCC2)c1ccccc1O,20.0,active,417.5530000000003,5.221500000000005,3.0,4.0
CHEMBL5593954,O=C(NCCCCCCCCNc1c2c(nc3ccccc13)CCCC2)c1ccccc1O,224.0,active,445.60700000000026,6.001700000000007,3.0,4.0
CHEMBL5595908,COc1cc(CNCCCNc2c3c(nc4ccccc24)CCCCC3)ccc1O,3010.0,intermediate,405.5420000000003,4.809700000000005,3.0,5.0
CHEMBL5595921,C/C(NCCCCNc1c2c(nc3ccccc13)CCCC2)=C(/N=N/c1ccc(C)cc1)C(=O)c1ccccc1,890.0,active,531.7040000000004,8.102020000000008,2.0,6.0
CHEMBL5594849,O=C(CNCCCCNCC(=O)Nc1c2c(nc3c1CCC3)CCCC2)Nc1c2c(nc3c1CCC3)CCCC2,1460.0,intermediate,544.7440000000004,3.7482000000000015,4.0,6.0
CHEMBL5592518,S=C(NCCCCNC(=S)Nc1c2c(nc3c1CCC3)CCCC2)Nc1c2c(nc3c1CCC3)CCCC2,7530.0,intermediate,548.8260000000005,5.2648000000000055,4.0,4.0
CHEMBL5594084,CC(C)(C)c1cc(CNCCNc2c3c(nc4ccccc24)CCCCC3)cc(C(C)(C)C)c1O,1900.0,intermediate,473.7050000000004,7.006000000000008,3.0,4.0
CHEMBL5593372,CCc1ccccc1NC(=O)c1ccc(NS(=O)(=O)c2ccccc2)cc1,50000.0,inactive,380.4690000000001,4.302100000000003,2.0,3.0
CHEMBL5593330,COc1cccc(NC(=O)CN(C)[C@@H](C)C(=O)c2c[nH]c3ccccc23)c1,100000.0,inactive,365.433,3.318200000000002,2.0,4.0
CHEMBL5594488,CCNC(=S)N/N=C/c1c(OC)cc(OC)c2c(-c3ccccc3)c[nH]c12,59370.0,inactive,382.4890000000001,3.6700000000000026,3.0,4.0
CHEMBL5593865,CCc1[nH]c2ccccc2c1CCN1CCC[C@H](CC)C1,100000.0,inactive,284.44699999999995,4.3948000000000045,1.0,1.0
CHEMBL5590121,Cc1ccc(/C=N/NC(=O)Cn2c(=O)sc3ccccc32)s1,40000.0,inactive,331.422,2.5832200000000007,1.0,5.0
CHEMBL5594981,c1ccc(-c2nn(-c3ccccc3)cc2-c2nc(-c3ccccc3)c(-c3ccccc3)n2-c2ccccc2)cc1,41200.0,inactive,514.6320000000002,8.726000000000003,0.0,2.0
CHEMBL1201196,Clc1ccc(C(Cn2ccnc2)OCc2csc3c(Cl)cccc23)c(Cl)c1,100.0,active,437.7790000000001,7.0161000000000024,0.0,3.0
CHEMBL5594195,c1ccc2c(c1)-c1ccccc1C2NC1CCCCC1,13980.0,inactive,263.38399999999996,4.678700000000004,1.0,1.0
CHEMBL5594315,CCCCNC1c2ccccc2-c2ccccc21,49910.0,inactive,237.34599999999998,4.146100000000003,1.0,1.0
CHEMBL5590844,Cc1cc2c(cc1C)[n+](Cc1ccccc1C)cn2C(c1ccccc1)c1ccccc1.[Cl-],4190.0,intermediate,453.0290000000001,3.5440600000000027,0.0,0.0
CHEMBL5591458,[O-]/[N+](=C\c1ccc2cccc(O)c2n1)Cc1ccccc1,29.0,active,278.311,3.0698000000000008,1.0,3.0
CHEMBL5596056,CCOC(=O)C1=C(Nc2ccccc2)CC(c2ccc(F)cc2)N(c2ccccc2)C1c1ccc(F)cc1,1362.0,intermediate,510.5840000000002,7.586800000000006,1.0,4.0
CHEMBL5597242,CCOC(=O)C1=C(Nc2ccc(F)cc2)CC(c2ccc(F)cc2)N(c2ccc(F)cc2)C1c1ccc(F)cc1,774.0,active,546.5640000000002,7.865000000000006,1.0,4.0
CHEMBL5598195,CCOC(=O)C1=C(Nc2ccc(F)cc2)CC(c2cccc(F)c2)N(c2ccc(F)cc2)C1c1cccc(F)c1,1119.0,intermediate,546.5640000000002,7.865000000000006,1.0,4.0
CHEMBL5598380,CCOC(=O)C1=C(Nc2ccc(F)cc2)CC(c2ccc(C(F)(F)F)cc2)N(c2ccc(F)cc2)C1c1ccc(C(F)(F)F)cc1,932.0,active,646.5780000000002,9.624399999999994,1.0,4.0
CHEMBL5598085,CCOC(=O)C1=C(Nc2cccc(F)c2)CC(c2ccc(C(F)(F)F)cc2)N(c2cccc(F)c2)C1c1ccc(C(F)(F)F)cc1,1192.0,intermediate,646.5780000000002,9.624399999999994,1.0,4.0
CHEMBL5590860,CCOC(=O)C1=C(Nc2ccc(F)cc2)CC(c2ccc(Cl)cc2)N(c2ccc(F)cc2)C1c1ccc(Cl)cc1,916.0,active,579.4740000000002,8.8936,1.0,4.0
CHEMBL5596796,CCOC(=O)C1=C(Nc2cccc(F)c2)CC(c2ccc(Cl)cc2)N(c2cccc(F)c2)C1c1ccc(Cl)cc1,1272.0,intermediate,579.4740000000002,8.8936,1.0,4.0
CHEMBL5597315,CCOC(=O)C1=C(Nc2cccc(F)c2)CC(c2ccc(F)cc2)N(c2cccc(F)c2)C1c1ccc(F)cc1,1418.0,intermediate,546.5640000000002,7.865000000000006,1.0,4.0
CHEMBL4514270,C#CCOc1ccc(-c2cc(-c3ccc(OCC#C)cc3)nc(N)n2)cc1,1350.0,intermediate,355.39700000000005,3.416800000000001,1.0,5.0
CHEMBL5596159,C#CCNc1ccccc1-c1cc(-c2ccc(OCCN3CCCCC3)cc2)nc(N)n1,40000.0,inactive,427.55200000000025,4.302600000000003,2.0,6.0
CHEMBL3754399,N#Cc1cccnc1N1CCN(c2cc(Oc3cccc4cccnc34)ncn2)CC1,36.0,active,409.45300000000015,3.4103800000000017,0.0,8.0
CHEMBL5597498,COc1ccc2c3c1O[C@H]1C[C@@H](O)CC[C@@]31CCNC2,154530.0,inactive,275.34799999999996,1.7321,2.0,4.0
CHEMBL5597239,COc1cc2c(cc1OC)[C@@]13C=C[C@@H](OC)C[C@@H]1N(C2)C[C@@H]3O,100000.0,inactive,317.38500000000005,1.4752,1.0,5.0
CHEMBL5597110,COc1cc2c(cc1OC)[C@@H]1[C@H](O)[C@@H](OC)[C@H](O)C3=CCN(C2=O)[C@H]31,100000.0,inactive,347.36700000000013,0.30219999999999964,2.0,6.0
CHEMBL5597500,CCO[C@H]1c2cc(OC)c(OC)cc2[C@@]23CC[C@H](OC)C[C@@H]2N1CC3,100000.0,inactive,347.45500000000015,3.2635000000000023,0.0,5.0
CHEMBL5597667,CCO[C@H]1O[C@@H]2CC=C3CCN(C)[C@H]3[C@@H]2c2cc(OC)c(O)cc21,100000.0,inactive,331.4120000000001,2.9525000000000015,1.0,5.0
CHEMBL4552547,COc1cc2c(cc1OC)[C@@H]1[C@H](O)[C@@H](OC)[C@H](O)C3=CCN(C2)[C@H]31,100000.0,inactive,333.3840000000001,0.6619999999999996,2.0,6.0
CHEMBL5597952,COc1cc2c(c(O)c1OC)[C@@]13CC[C@H](O)C[C@@H]1N(CC3)C2O,100000.0,inactive,321.37300000000005,1.2707999999999997,3.0,6.0
CHEMBL5597206,COc1cc(-c2cccc3c2N(C)CC3)c(CN2CC[C@@]34C=C[C@H](O)C[C@@H]3Oc3c(OC)ccc(c34)C2)c(OC)c1OC,18660.0,inactive,584.7130000000002,5.105800000000006,1.0,8.0
CHEMBL4435044,O=C1[C@H]2Cc3c([nH]c4ccccc34)[C@@H](c3ccc4c(c3)OCO4)N2C(=O)CN1CCC1CCN(Cc2ccccc2)CC1,150.0,active,576.6970000000003,4.883800000000005,1.0,5.0
CHEMBL779,CN1CC(=O)N2[C@H](c3ccc4c(c3)OCO4)c3[nH]c4ccccc4c3C[C@@H]2C1=O,26100.0,inactive,389.4110000000002,2.2112999999999996,1.0,4.0
CHEMBL5633181,O=[N+]([O-])c1cccc(-c2cnc3cccnc3n2)c1,466.0,active,252.233,2.5999999999999996,0.0,5.0
CHEMBL5633252,Cc1cccc(-c2cnc3cccnc3n2)c1,890.0,active,221.26300000000003,3.0002200000000006,0.0,3.0
CHEMBL5633253,Fc1cccc(-c2cnc3cccnc3n2)c1,800.0,active,225.22600000000003,2.8309000000000006,0.0,3.0
CHEMBL5629932,Brc1ccc(Cn2cc(CNC3CCCCCC3)nn2)cc1,621.0,active,363.3030000000001,3.9013000000000027,1.0,3.0
CHEMBL5633087,Clc1ccc(Cn2cc(CNC3CCCCCC3)nn2)cc1,927.0,active,318.852,3.792200000000002,1.0,3.0
CHEMBL5631356,Brc1ccc(Cn2cc(CNC34CC5CC(CC(C5)C3)C4)nn2)cc1,92.0,active,401.3520000000002,4.147300000000003,1.0,3.0
CHEMBL5633239,Clc1ccc(Cn2cc(CNC34CC5CC(CC(C5)C3)C4)nn2)cc1,133.0,active,356.9010000000001,4.0382000000000025,1.0,3.0
CHEMBL5633979,COc1ccc2nc3c(c(NCCCCCNC(=S)N[C@]45CC6C[C@@H](C[C@@H](C6)C4)C5)c2c1)CCCC3,470.0,active,506.76000000000045,6.137300000000006,3.0,4.0
CHEMBL4581664,Cc1ccc(-c2cn(Cc3ccc4ccccc4c3)nn2)cc1C(=O)NCCN1CCOCC1,7230.0,intermediate,455.5620000000004,3.5170200000000023,1.0,5.0
CHEMBL3410478,COc1ccc2c(c1)c(=O)c1ccccc1n2Cc1cn(Cc2ccc(Cl)cc2)nn1,7310.0,intermediate,430.8950000000001,4.504800000000004,0.0,4.0
CHEMBL4785751,CN(C)/C=C/C(=O)c1cc2ccccc2o1,0.578,active,215.25199999999998,2.690800000000001,0.0,3.0
CHEMBL5631790,Cc1cccc(N/C=C/C(=O)c2cc3ccccc3o2)c1,0.171,active,277.32300000000004,4.549720000000002,1.0,3.0
CHEMBL5633705,Cc1ccc(N/C=C/C(=O)c2cc3ccccc3o2)cc1,0.11,active,277.323,4.549720000000003,1.0,3.0
CHEMBL5633243,CC(=O)c1cccc(N/C=C/C(=O)c2cc3ccccc3o2)c1,0.058,active,305.333,4.443900000000003,1.0,4.0
CHEMBL5632422,CC(=O)c1ccc(N/C=C/C(=O)c2cc3ccccc3o2)cc1,1.805,active,305.333,4.443900000000003,1.0,4.0
CHEMBL5633969,O=C(/C=C/Nc1ccccc1O)c1cc2ccccc2o1,0.086,active,279.295,3.946900000000002,2.0,4.0
CHEMBL5631244,O=C(/C=C/Nc1ccccc1C(=O)O)c1cc2ccccc2o1,0.635,active,307.305,3.9395000000000024,2.0,4.0
CHEMBL5633728,O=C(O)c1cccc(N/C=C/C(=O)c2cc3ccccc3o2)c1,1.159,active,307.30500000000006,3.9395000000000016,2.0,4.0
CHEMBL5633343,O=C(O)c1ccc(N/C=C/C(=O)c2cc3ccccc3o2)cc1,0.244,active,307.30500000000006,3.9395000000000024,2.0,4.0
CHEMBL5632642,CCOC(=O)c1ccc(N/C=C/C(=O)c2cc3ccccc3o2)cc1,0.713,active,335.35900000000004,4.418000000000003,1.0,5.0
CHEMBL5632972,O=C(/C=C/Nc1ccc(F)cc1)c1cc2ccccc2o1,0.137,active,281.28600000000006,4.3804000000000025,1.0,3.0
CHEMBL5632029,O=C(/C=C/Nc1ccc(Cl)cc1)c1cc2ccccc2o1,0.637,active,297.74100000000004,4.894700000000003,1.0,3.0
CHEMBL5633110,O=C(/C=C/Nc1cccc(Br)c1)c1cc2ccccc2o1,0.107,active,342.19200000000006,5.003800000000003,1.0,3.0
CHEMBL5633723,O=C(/C=C/Nc1ccc(Br)cc1)c1cc2ccccc2o1,0.376,active,342.19200000000006,5.003800000000003,1.0,3.0
CHEMBL5632407,O=C(/C=C/Nc1cccc([N+](=O)[O-])c1)c1cc2ccccc2o1,0.227,active,308.293,4.1495000000000015,1.0,5.0
CHEMBL5632755,NS(=O)(=O)c1ccc(N/C=C/C(=O)c2cc3ccccc3o2)cc1,0.302,active,342.37600000000003,2.888700000000002,2.0,5.0
CHEMBL5632660,N=C(N)NS(=O)(=O)c1ccc(N/C=C/C(=O)c2cc3ccccc3o2)cc1,0.349,active,384.4170000000001,2.4130700000000003,4.0,6.0
CHEMBL5633342,Cc1cc(NS(=O)(=O)c2ccc(N/C=C/C(=O)c3cc4ccccc4o3)cc2)no1,0.12,active,423.45000000000016,4.338520000000003,2.0,7.0
CHEMBL5633306,O=C(/C=C/Nc1ccc(S(=O)(=O)Nc2ccccn2)cc1)c1cc2ccccc2o1,0.447,active,419.4620000000001,4.437100000000003,2.0,6.0
CHEMBL5633128,O=C(/C=C/Nc1ccc(S(=O)(=O)Nc2ncccn2)cc1)c1cc2ccccc2o1,0.15,active,420.4500000000001,3.8321000000000023,2.0,7.0
CHEMBL5647316,O=c1[nH]c(COCCC2CCN(Cc3ccccc3)CC2)nc2c1cnn2C1CCCC1,223.0,active,435.5720000000003,4.053600000000004,1.0,5.0
CHEMBL2178782,COc1ccc2c3c1O[C@H]1C[C@@H](O)C=C[C@@]31CCN(CCCCNC13CC4CC(C)(CC(C)(C4)C1)C3)C2,1130.0,intermediate,506.73100000000056,5.339300000000005,2.0,5.0
CHEMBL5646469,COc1ccc2c3c1O[C@H]1C[C@@H](O)C=C[C@@]31CCN(C/C=C/CNC13CC4CC(C)(CC(C)(C4)C1)C3)C2,115.0,active,504.7150000000005,5.115300000000005,2.0,5.0
CHEMBL5641542,COc1ccc2c3c1O[C@H]1C[C@@H](O)C=C[C@@]31CCN(CC#CCNC13CC4CC(C)(CC(C)(C4)C1)C3)C2,762.0,active,502.6990000000005,4.562500000000004,2.0,5.0
CHEMBL5189796,Nc1n[nH]c2nc(-c3ccccc3)cc(-c3ccccc3)c12,5270.0,intermediate,286.338,3.874100000000001,2.0,3.0
CHEMBL5647144,Nc1n[nH]c2nc(-c3ccccc3)cc(-c3ccc(Br)cc3)c12,2240.0,intermediate,365.23400000000004,4.636600000000002,2.0,3.0
CHEMBL5200613,COc1ccc(-c2cc(-c3ccccc3)nc3[nH]nc(N)c23)cc1,22380.0,inactive,316.3640000000001,3.8827000000000016,2.0,4.0
CHEMBL5647542,COc1ccc(-c2cc(-c3ccccc3)nc3[nH]nc(N)c23)cc1OC,9630.0,intermediate,346.39000000000016,3.891300000000001,2.0,5.0
CHEMBL5639262,COc1cc(-c2cc(-c3ccccc3)nc3[nH]nc(N)c23)cc(OC)c1OC,1890.0,intermediate,376.4160000000002,3.8999000000000015,2.0,6.0
CHEMBL5647220,COc1ccc(-c2cc(-c3ccc(Br)cc3)c3c(N)n[nH]c3n2)cc1,3720.0,intermediate,395.2600000000001,4.645200000000003,2.0,4.0
CHEMBL5177941,COc1ccc(-c2cc(-c3ccc(OC)cc3)c3c(N)n[nH]c3n2)cc1,260.0,active,346.39000000000004,3.891300000000001,2.0,5.0
CHEMBL5647393,COc1ccc(-c2cc(-c3ccc(OC)c(OC)c3)c3c(N)n[nH]c3n2)cc1,810.0,active,376.41600000000005,3.8999000000000015,2.0,6.0
CHEMBL5639307,COc1ccc(-c2cc(-c3cc(OC)c(OC)c(OC)c3)c3c(N)n[nH]c3n2)cc1,6010.0,intermediate,406.4420000000001,3.908500000000002,2.0,7.0
CHEMBL5639827,Nc1n[nH]c2nc(-c3ccc(Br)cc3)cc(-c3ccc(Br)cc3)c12,170.0,active,444.1300000000001,5.3991000000000025,2.0,3.0
CHEMBL5639721,COc1ccc(-c2cc(-c3ccc(Br)cc3)nc3[nH]nc(N)c23)cc1,350.0,active,395.2600000000001,4.645200000000003,2.0,4.0
CHEMBL5646721,COc1ccc(-c2cc(-c3ccc(Br)cc3)nc3[nH]nc(N)c23)cc1OC,160.0,active,425.2860000000002,4.653800000000003,2.0,5.0
CHEMBL5647222,COc1cc(-c2cc(-c3ccc(Br)cc3)nc3[nH]nc(N)c23)cc(OC)c1OC,630.0,active,455.31200000000024,4.662400000000003,2.0,6.0
CHEMBL4301645,c1ccc([C@@H]2C[C@H]2NC2CCNCC2)cc1,100000.0,inactive,216.32799999999995,1.8840999999999999,2.0,2.0
CHEMBL3786182,O=C(O)c1ccc(CN2CCC(CN[C@@H]3C[C@H]3c3ccccc3)CC2)cc1,100000.0,inactive,364.4890000000001,3.7425000000000033,2.0,3.0
CHEMBL5992630,COc1cc(O)cc2c1Oc1c(Oc3cc(O)cc(O)c3)c(O)cc(O)c1O2,34200.0,inactive,386.3120000000001,3.913500000000004,5.0,9.0
CHEMBL5745896,Oc1cc(O)cc(Oc2c(O)cc(O)c3c2Oc2c(OCc4ccccc4)cc(O)cc2O3)c1,40100.0,inactive,462.4100000000002,5.4839000000000055,5.0,9.0
CHEMBL508791,Oc1cc(O)cc(Oc2c(O)cc(O)c3c2Oc2c(O)cc(Oc4c(O)cc(Oc5c(O)cc(O)c6c5Oc5c(O)cc(O)cc5O6)cc4O)cc2O3)c1,23400.0,inactive,742.5540000000003,7.621099999999999,11.0,18.0
CHEMBL5787130,COc1cc(Oc2c(O)cc(Oc3c(O)cc(O)c4c3Oc3c(O)cc(O)cc3O4)cc2O)cc2c1Oc1c(Oc3cc(O)cc(O)c3)c(O)cc(O)c1O2,33200.0,inactive,756.5810000000004,7.924099999999994,10.0,18.0
CHEMBL5991662,Oc1cc(O)cc(Oc2c(O)cc(O)c3c2Oc2c(OCc4ccccc4)cc(Oc4c(O)cc(Oc5c(O)cc(O)c6c5Oc5c(O)cc(O)cc5O6)cc4O)cc2O3)c1,41900.0,inactive,832.6790000000004,9.494499999999986,10.0,18.0
CHEMBL510508,Oc1cc(O)cc(Oc2c(O)cc(O)c3c2Oc2c(O)cc4oc5c(Oc6cc(O)cc(O)c6)c(O)cc(O)c5c4c2O3)c1,94100.0,inactive,602.4600000000003,6.419000000000007,9.0,14.0
CHEMBL5996918,COc1cc2oc3c(Oc4cc(O)cc(O)c4)c(O)cc(O)c3c2c2c1Oc1c(Oc3cc(O)cc(O)c3)c(O)cc(O)c1O2,65600.0,inactive,616.4870000000004,6.722000000000009,8.0,14.0
CHEMBL5872661,Oc1cc(O)cc(Oc2c(O)cc(O)c3c2Oc2c(OCc4ccccc4)cc4oc5c(Oc6cc(O)cc(O)c6)c(O)cc(O)c5c4c2O3)c1,23200.0,inactive,692.5850000000004,8.292399999999995,8.0,14.0
CHEMBL3545708,CC(c1ccc2c(c1)oc(=O)c1ccccc12)N(C)C,10900.0,inactive,267.328,3.568800000000002,0.0,3.0
CHEMBL3545709,C[C@@H](c1ccc2c(c1)oc(=O)c1ccccc12)N(C)C,7900.0,intermediate,267.328,3.568800000000002,0.0,3.0
CHEMBL3545710,COc1cc(C(C)N(C)C)cc2oc(=O)c3ccccc3c12,2800.0,intermediate,297.35400000000004,3.5774000000000026,0.0,4.0
CHEMBL3545711,COc1cc(C(C)N(C)C)c2c(c1)oc(=O)c1ccccc12,15100.0,inactive,297.354,3.5774000000000026,0.0,4.0
CHEMBL3545701,CC(c1cc(O)c2c(c1)oc(=O)c1ccccc12)N(C)C,18900.0,inactive,283.327,3.2744000000000018,1.0,4.0
CHEMBL3545712,CC(c1cc(O)cc2oc(=O)c3ccccc3c12)N(C)C,33100.0,inactive,283.327,3.2744000000000018,1.0,4.0
CHEMBL3545713,CCN(C)C(=O)Oc1cc(C(C)N(C)C)cc2oc(=O)c3ccccc3c12,40000.0,inactive,368.4330000000001,4.019300000000003,0.0,5.0
CHEMBL3545714,CCN(C)C(=O)Oc1cc(C(C)N(C)C)c2c(c1)oc(=O)c1ccccc12,40000.0,inactive,368.4330000000001,4.019300000000003,0.0,5.0
CHEMBL5760715,CCCCN1CCC(CCC(=O)c2ccc(N)cc2OC)CC1,748.0,active,318.4610000000001,3.7524000000000024,1.0,4.0
CHEMBL5945921,CCCCN1CCC(CCC(=O)c2cc(Br)ccc2OC)CC1,445.0,active,382.3420000000001,4.932700000000005,0.0,3.0
CHEMBL6029360,CCCCN1CCC(CCC(=O)c2cc(I)c(N)cc2OC)CC1,658.0,active,444.35700000000014,4.357000000000003,1.0,4.0
CHEMBL5963054,COc1cc(N)ccc1C(=O)CCC1CCN(CC2CCCCC2)CC1,26.0,active,358.52600000000024,4.532600000000004,1.0,4.0
CHEMBL6030402,COc1cc(N)c(F)cc1C(=O)CCC1CCN(CC2CCCCC2)CC1,24.0,active,376.5160000000003,4.671700000000005,1.0,4.0
CHEMBL5921670,COc1cc(N)c(Cl)cc1C(=O)C(C)CC1CCN(CC2CCCCC2)CC1,201.0,active,406.9980000000004,5.432000000000006,1.0,4.0
CHEMBL3546835,COc1cc(N)c(Cl)cc1C(=O)CCC1CCN(CC2CCNCC2)CC1,118.0,active,393.95900000000023,3.6053000000000024,2.0,5.0
CHEMBL5905385,COc1cc(N)c(Br)cc1C(=O)CCC1CCN(CC2CCCCC2)CC1,99.0,active,437.4220000000004,5.295100000000006,1.0,4.0
CHEMBL6040839,COc1cc(N)c(I)cc1C(=O)CCC1CCN(CC2CCCCC2)CC1,304.0,active,484.4220000000006,5.137200000000005,1.0,4.0
CHEMBL5914393,COc1c(C(N)=O)cc(Cl)c(N)c1CC1CCN(CC2CCCCC2)CC1,3730.0,intermediate,393.9590000000003,3.864500000000003,2.0,4.0
CHEMBL5852183,COc1cc(N)c(Br)cc1C(=O)NCC1CCN(CC2CCCCC2)CC1,8700.0,intermediate,438.4100000000005,4.062000000000004,2.0,4.0
CHEMBL6054495,COc1cc(N)c(I)cc1C(=O)NCC1CCN(CC2CCCCC2)CC1,5090.0,intermediate,485.41000000000054,3.9041000000000032,2.0,4.0
CHEMBL5755069,Nc1cc(O)c(C(=O)CCC2CCN(CC3CCCCC3)CC2)cc1Cl,411.0,active,378.9440000000002,4.883000000000005,2.0,4.0
CHEMBL5791030,CCOc1cc(N)c(Cl)cc1C(=O)CCC1CCN(CC2CCCCC2)CC1,395.0,active,406.99800000000033,5.576100000000006,1.0,4.0
CHEMBL5799857,Nc1cc(OCCF)c(C(=O)CCC2CCN(CC3CCCCC3)CC2)cc1Cl,625.0,active,424.9880000000003,5.525700000000006,1.0,4.0
CHEMBL5833354,CON=C(CCC1CCN(CC2CCCCC2)CC1)c1cc(Cl)c(N)cc1OC,320.0,active,422.0130000000001,5.353800000000005,1.0,5.0
CHEMBL6133000,O=C1[C@H](O)C[C@]23CCCN1[C@@H]2c1c([nH]c2ccccc12)CC3,38500.0,inactive,296.3700000000001,2.528600000000001,2.0,2.0
CHEMBL6103076,CC(c1cccc(OC(=O)NCCc2c[nH]c3ccccc23)c1)N(C)C,24.47,active,351.45000000000005,4.121600000000003,2.0,3.0
CHEMBL6101869,Cc1ccc2[nH]cc(CCNC(=O)Oc3cccc(C(C)N(C)C)c3)c2c1,73.28,active,365.4770000000001,4.430020000000003,2.0,3.0
CHEMBL6144072,COc1ccc2[nH]cc(CCNC(=O)Oc3cccc(C(C)N(C)C)c3)c2c1,48.32,active,381.4760000000001,4.130200000000003,2.0,4.0
CHEMBL6109010,CC(c1cccc(OC(=O)NCCc2c[nH]c3ccc(O)cc23)c1)N(C)C,2.31,active,367.44900000000007,3.827200000000002,3.0,4.0
CHEMBL6133076,CC(c1cccc(OC(=O)NCCc2c[nH]c3ccc(Cl)cc23)c1)N(C)C,13.79,active,385.8950000000001,4.775000000000004,2.0,3.0
CHEMBL6144388,C[C@@H](c1cccc(OC(=O)NCCc2c[nH]c3ccccc23)c1)N(C)C,22.16,active,351.45000000000005,4.121600000000003,2.0,3.0
CHEMBL6078196,Cc1ccc2[nH]cc(CCNC(=O)Oc3cccc([C@H](C)N(C)C)c3)c2c1,54.73,active,365.4770000000001,4.430020000000003,2.0,3.0
CHEMBL6120228,COc1ccc2[nH]cc(CCNC(=O)Oc3cccc([C@H](C)N(C)C)c3)c2c1,21.44,active,381.4760000000001,4.130200000000003,2.0,4.0
CHEMBL6102336,C[C@@H](c1cccc(OC(=O)NCCc2c[nH]c3ccc(O)cc23)c1)N(C)C,0.99,active,367.44900000000007,3.827200000000002,3.0,4.0
CHEMBL6102253,C[C@@H](c1cccc(OC(=O)NCCc2c[nH]c3ccc(Cl)cc23)c1)N(C)C,7.97,active,385.8950000000001,4.775000000000004,2.0,3.0
CHEMBL6143101,C[C@H](c1cccc(OC(=O)NCCc2c[nH]c3ccc(Cl)cc23)c1)N(C)C,8.38,active,385.8950000000001,4.775000000000004,2.0,3.0
CHEMBL6145745,O=C(COc1ccc2occ(C(=O)c3ccccc3)c2c1)Nc1ccccc1,0.77,active,371.39200000000005,4.681300000000003,1.0,4.0
CHEMBL6120269,Cc1ccc(NC(=O)COc2ccc3occ(C(=O)c4ccccc4)c3c2)cc1,8.26,active,385.4190000000001,4.989720000000004,1.0,4.0
CHEMBL6120776,O=C(COc1ccc2occ(C(=O)c3ccccc3)c2c1)Nc1ccc(Cl)cc1,16.46,active,405.8370000000001,5.334700000000003,1.0,4.0
CHEMBL6078099,Cc1ccc(C(=O)c2coc3ccc(OCC(=O)Nc4ccccc4)cc23)cc1,1.24,active,385.41900000000004,4.989720000000003,1.0,4.0
CHEMBL6141735,Cc1ccc(NC(=O)COc2ccc3occ(C(=O)c4ccc(C)cc4)c3c2)cc1,23.67,active,399.44600000000014,5.2981400000000045,1.0,4.0
CHEMBL6120514,Cc1ccc(C(=O)c2coc3ccc(OCC(=O)Nc4ccc(Cl)cc4)cc23)cc1,21.82,active,419.8640000000001,5.643120000000003,1.0,4.0
CHEMBL6108998,O=C(COc1ccc2occ(C(=O)c3ccc(Cl)cc3)c2c1)Nc1ccccc1,0.39,active,405.83700000000005,5.334700000000003,1.0,4.0
CHEMBL6109012,Cc1ccc(NC(=O)COc2ccc3occ(C(=O)c4ccc(Cl)cc4)c3c2)cc1,5.01,active,419.8640000000001,5.643120000000004,1.0,4.0
CHEMBL6078552,O=C(COc1ccc2occ(C(=O)c3ccc(Cl)cc3)c2c1)Nc1ccc(Cl)cc1,7.96,active,440.28200000000004,5.988100000000004,1.0,4.0
CHEMBL6091891,O=C(COc1ccc(O)c(-c2cn[nH]c2-c2ccccc2)c1)Nc1ccccc1,19.35,active,385.42300000000006,4.466800000000003,3.0,4.0
CHEMBL6102372,Cc1ccc(NC(=O)COc2ccc(O)c(-c3cn[nH]c3-c3ccccc3)c2)cc1,11.7,active,399.4500000000001,4.775220000000003,3.0,4.0
CHEMBL6143187,O=C(COc1ccc(O)c(-c2cn[nH]c2-c2ccccc2)c1)Nc1ccc(Cl)cc1,17.0,active,419.86800000000005,5.120200000000002,3.0,4.0
CHEMBL6120719,Cc1ccc(-c2[nH]ncc2-c2cc(OCC(=O)Nc3ccccc3)ccc2O)cc1,16.3,active,399.45000000000005,4.775220000000004,3.0,4.0
CHEMBL6078348,Cc1ccc(NC(=O)COc2ccc(O)c(-c3cn[nH]c3-c3ccc(C)cc3)c2)cc1,1.97,active,413.47700000000015,5.0836400000000035,3.0,4.0
CHEMBL6109014,Cc1ccc(-c2[nH]ncc2-c2cc(OCC(=O)Nc3ccc(Cl)cc3)ccc2O)cc1,1.24,active,433.8950000000001,5.428620000000004,3.0,4.0
CHEMBL6096570,O=C(COc1ccc(O)c(-c2cn[nH]c2-c2ccc(Cl)cc2)c1)Nc1ccccc1,5.75,active,419.86800000000005,5.120200000000003,3.0,4.0
CHEMBL6134570,Cc1ccc(NC(=O)COc2ccc(O)c(-c3cn[nH]c3-c3ccc(Cl)cc3)c2)cc1,18.81,active,433.8950000000001,5.428620000000004,3.0,4.0
CHEMBL6144333,O=C(COc1ccc(O)c(-c2cn[nH]c2-c2ccc(Cl)cc2)c1)Nc1ccc(Cl)cc1,54.01,active,454.3130000000001,5.773600000000004,3.0,4.0
CHEMBL6143765,C=CCc1ccc(O)c(-c2cc(CC=C)cc(-c3cc(CC=C)ccc3O)c2O[C@H]2CC(C)(C)[C@@H]3CC[C@]4(C)C[C@]23CC[C@H]4O)c1,4580.0,intermediate,618.8580000000002,9.742099999999997,3.0,4.0
CHEMBL6145098,C=CCc1ccc(O)c(-c2cc(CC=C)cc(-c3cc(CC=C)ccc3O)c2O[C@@H]2C[C@@H](C(C)C)C=C[C@]2(C)O)c1,6550.0,intermediate,550.7390000000004,8.347800000000007,3.0,4.0
CHEMBL6134414,C=CCc1ccc(Oc2cc(CC=C)cc(-c3cc(CC=C)ccc3O)c2O)cc1,10000.0,inactive,398.5020000000001,6.7426000000000075,2.0,3.0
CHEMBL6132963,O=c1c2nc(-c3ccc(C(F)(F)F)cc3)sc2nc2n1CCCC2,1670.0,intermediate,351.3530000000002,3.8751000000000015,0.0,4.0
CHEMBL6146623,O=C(O)c1cc2ccc(=O)oc2cc1O,145190.0,inactive,206.15299999999996,1.1967999999999999,2.0,4.0
CHEMBL49732,COc1ccc2ccc(=O)oc2c1,104120.0,inactive,176.17099999999996,1.8016,0.0,3.0
CHEMBL390320,COc1cc2oc(=O)ccc2cc1O,173890.0,inactive,192.17,1.5071999999999997,1.0,4.0
CHEMBL244743,O=c1ccc2cc(O)c(O)cc2o1,6130.0,intermediate,178.143,1.2042,2.0,4.0
CHEMBL6091955,COc1cc(Cn2cc(COc3ccc4ccc(=O)oc4c3C(C)=O)nn2)cc(OC)c1,2570.0,intermediate,435.4360000000002,3.231600000000002,0.0,8.0
CHEMBL6149424,Cc1cc(=O)oc2cc(OCC(=O)N/N=C\c3ccc(C(=O)O)cc3)ccc12,802.0,active,380.3560000000001,2.3287200000000006,2.0,6.0
CHEMBL6091840,COc1cccc2cc(-c3ccc(NC(=O)c4ccc(CCl)cc4)cc3)c(=O)oc12,91.0,active,419.86400000000015,5.459700000000003,1.0,4.0
CHEMBL6162129,O=c1oc2ccccc2cc1-c1ccc(Br)cc1,19210.0,inactive,301.139,4.222500000000002,0.0,2.0
CHEMBL6149232,O=C1OC2=C(O)C(O)=CCC2C=C1c1ccc(O)c(O)c1,3040.0,intermediate,288.255,2.269400000000001,4.0,6.0
CHEMBL6142105,O=C1CCOc2ccc(OCCN3CCCCCC3)cc21,4880.0,intermediate,289.37499999999994,2.906600000000001,0.0,4.0
CHEMBL6169135,Cc1cc(=O)oc2cc(OCc3nnc(-c4cc(O)c(O)c(O)c4)o3)ccc12,28680.0,inactive,382.3280000000001,2.847220000000001,3.0,9.0
CHEMBL6103332,Cc1cc(=O)oc2cc(OCc3nnc(-c4ccc(O)c(O)c4)o3)ccc12,29560.0,inactive,366.32900000000006,3.1416200000000023,2.0,8.0
CHEMBL1586775,CC(C)c1cc2cc3ccc(=O)oc3cc2o1,86470.0,inactive,228.24699999999996,3.662600000000002,0.0,3.0
CHEMBL6149288,COC(=O)/C1=C/N(C)CCc2cc(OC)c(OC)cc2C(C)=C=C1c1ccccc1,14000.0,inactive,405.49400000000014,4.334400000000004,0.0,5.0
CHEMBL6160489,C[n+]1cccc(F)c1/C=N/O.[I-],521900.0,inactive,282.056,-2.537699999999999,1.0,2.0
CHEMBL6160191,C[n+]1cccc(Cl)c1/C=N/O.[I-],449700.0,inactive,298.511,-2.0233999999999988,1.0,2.0
CHEMBL6133097,C[n+]1cccc(Br)c1/C=N/O.[I-],385300.0,inactive,342.962,-1.914299999999999,1.0,2.0
CHEMBL6102746,C[n+]1cc(F)ccc1/C=N/O.[I-],277300.0,inactive,282.056,-2.537699999999999,1.0,2.0
CHEMBL6145299,C[n+]1cc(Cl)ccc1/C=N/O.[I-],132600.0,inactive,298.51099999999997,-2.0233999999999988,1.0,2.0
CHEMBL6133183,C[n+]1cc(Br)ccc1/C=N/O.[I-],58500.0,inactive,342.962,-1.914299999999999,1.0,2.0
CHEMBL6134092,COc1ccc2c3c1O[C@H]1C[C@@H](O)C=C[C@@]31CCN(C=O)C2,98850.0,inactive,301.34200000000004,1.3769,1.0,4.0
CHEMBL6165762,COc1ccc2c3c1O[C@H]1C[C@@H](O)C=C[C@@]31CCN(C(C)=O)C2,9800.0,intermediate,315.3690000000001,1.767,1.0,4.0
CHEMBL399515,C=CCN1CC[C@@]23C=C[C@H](O)C[C@@H]2Oc2c(OC)ccc(c23)C1,180.0,active,313.39700000000005,2.4065000000000003,1.0,4.0
CHEMBL442287,C=C(C)CN1CC[C@@]23C=C[C@H](O)C[C@@H]2Oc2c(OC)ccc(c23)C1,90.0,active,327.4240000000001,2.7966000000000006,1.0,4.0
CHEMBL6147750,COc1cc2c(cc1O)C(=O)C(CC1CCN(Cc3ccccc3)CC1)C2,871.6,active,365.4730000000001,4.058100000000003,1.0,4.0
CHEMBL6150719,COc1cc2c(cc1O)CC(CC1CCN(Cc3ccccc3)CC1)C2=O,773.5,active,365.47300000000007,4.058100000000003,1.0,4.0
CHEMBL6151857,O=C1c2cc(O)c(O)cc2CC1CC1CCN(Cc2ccccc2)CC1,1805.0,intermediate,351.446,3.755100000000003,2.0,4.0
CHEMBL6151706,COc1cc2c(cc1OC(=O)CCCCC1CCSS1)C(=O)C(CC1CCN(Cc3ccccc3)CC1)C2,27.8,active,553.79,6.9720000000000075,0.0,7.0
CHEMBL6148088,COc1cc2c(cc1OCCCCCC1CCSS1)C(=O)C(CC1CCN(Cc3ccccc3)CC1)C2,7.63,active,539.8070000000001,7.445400000000008,0.0,6.0
CHEMBL6145132,COc1cc2c(cc1OCCCCCC1CCSS1)CC(CC1CCN(Cc3ccccc3)CC1)C2=O,9.12,active,539.8070000000002,7.445400000000008,0.0,6.0
CHEMBL6149735,COc1cc(N)c(F)cc1C(=O)CCC1CCN(CC2CCCCC2)CC1.O=C(O)/C=C/C(=O)O,29.0,active,492.5880000000004,4.383500000000003,3.0,6.0
CHEMBL6102364,CCOc1cc(N)ccc1C(=O)CCC1CCN(CC2CCCCC2)CC1,87.1,active,372.5530000000003,4.922700000000005,1.0,4.0
CHEMBL6144808,Nc1ccc(C(=O)CCC2CCN(CC3CCCCC3)CC2)c(OCCF)c1,318.0,active,390.54300000000023,4.872300000000005,1.0,4.0
CHEMBL6166890,Nc1ccc(C(=O)CCC2CCN(CC3CCCCC3)CC2)cc1,316.6,active,328.5000000000001,4.5240000000000045,1.0,3.0
CHEMBL6142005,COc1ccccc1C(=O)CCC1CCN(CC2CCCCC2)CC1,166.0,active,343.5110000000002,4.950400000000005,0.0,3.0
CHEMBL6120302,Nc1ccc(C(=O)CCC2CCN(CC3CCCCC3)CC2)cc1Cl,49.7,active,362.94500000000016,5.177400000000006,1.0,3.0
CHEMBL6148509,COc1c(C(=O)CCC2CCN(CC3CCCCC3)CC2)cc(F)c(N)c1Br,308.9,active,455.4120000000001,5.434200000000005,1.0,4.0
CHEMBL6149029,COc1c(C(=O)CCC2CCN(CC3CCCCC3)CC2)cc(F)c(N)c1I,233.9,active,502.4120000000001,5.276300000000005,1.0,4.0
CHEMBL6133128,COc1cc(NC(C)=O)c(Cl)cc1C(=O)CCC1CCN(CC2CCCCC2)CC1,34.0,active,435.0080000000004,5.562200000000006,1.0,4.0
CHEMBL6142452,CC(=O)Nc1cc(O)c(C(=O)CCC2CCN(CC3CCCCC3)CC2)cc1Cl,57.3,active,420.9810000000002,5.259200000000005,2.0,4.0
CHEMBL6167437,[2H]C([2H])([2H])Oc1cc(N)c(Cl)cc1C(=O)CCC1CCN(CC2CCCCC2)CC1,22.6,active,395.98930533400033,5.186000000000004,1.0,4.0
CHEMBL6149635,Cc1ccccc1NC(=O)Nc1cccc(/C(N)=N/O)c1,17350.0,inactive,284.319,2.7335199999999995,4.0,3.0
CHEMBL6150533,COc1cccc(NC(=O)Nc2cccc(/C(N)=N/O)c2)c1,12910.0,inactive,300.318,2.4337,4.0,4.0
CHEMBL6149205,COc1ccc(NC(=O)Nc2cccc(/C(N)=N/O)c2)cc1,16340.0,inactive,300.318,2.4337,4.0,4.0
CHEMBL6151474,N/C(=N\O)c1cccc(NC(=O)Nc2cccc(O)c2)c1,14510.0,inactive,286.291,2.1307,5.0,4.0
CHEMBL6152861,N/C(=N\O)c1cccc(NC(=O)Nc2ccc(O)cc2)c1,16270.0,inactive,286.291,2.1307,5.0,4.0
CHEMBL6145757,N/C(=N\O)c1cccc(NC(=O)Nc2ccccc2F)c1,18580.0,inactive,288.282,2.5642000000000005,4.0,3.0
CHEMBL6148442,N/C(=N\O)c1cccc(NC(=O)Nc2cccc(F)c2)c1,1720.0,intermediate,288.282,2.5642000000000005,4.0,3.0
CHEMBL6143522,N/C(=N\O)c1cccc(NC(=O)Nc2ccc(F)cc2)c1,7510.0,intermediate,288.282,2.5642000000000005,4.0,3.0
CHEMBL6163524,N/C(=N\O)c1cccc(NC(=O)Nc2cccc(Cl)c2)c1,17410.0,inactive,304.73699999999997,3.078500000000001,4.0,3.0
CHEMBL6147483,N/C(=N\O)c1cccc(NC(=O)Nc2ccc(Cl)cc2)c1,14100.0,inactive,304.73699999999997,3.078500000000001,4.0,3.0
CHEMBL6162127,N/C(=N\O)c1cccc(NC(=O)Nc2cccc(Br)c2)c1,14530.0,inactive,349.188,3.1876000000000015,4.0,3.0
CHEMBL6148830,N/C(=N\O)c1cccc(NC(=O)Nc2ccc(Br)cc2)c1,16800.0,inactive,349.188,3.1876000000000015,4.0,3.0
CHEMBL6147925,N/C(=N\O)c1cccc(NC(=O)Nc2ccccc2C(F)(F)F)c1,18260.0,inactive,338.289,3.443900000000002,4.0,3.0
CHEMBL6144992,N/C(=N\O)c1cccc(NC(=O)Nc2cccc(C(F)(F)F)c2)c1,17010.0,inactive,338.289,3.443900000000001,4.0,3.0
CHEMBL6160389,N/C(=N\O)c1cccc(NC(=O)Nc2ccc(C(F)(F)F)cc2)c1,12220.0,inactive,338.289,3.443900000000001,4.0,3.0
CHEMBL6160218,N/C(=N\O)c1cccc(NC(=O)Nc2cccc([N+](=O)[O-])c2)c1,12150.0,inactive,315.28900000000004,2.3333000000000004,4.0,5.0
CHEMBL6163057,N/C(=N\O)c1cccc(NC(=O)Nc2ccc([N+](=O)[O-])cc2)c1,16310.0,inactive,315.28900000000004,2.3333000000000004,4.0,5.0
CHEMBL6133267,N/C(=N\O)c1cccc(NC(=O)Nc2ccc3[nH]ccc3c2)c1,6240.0,intermediate,309.329,2.9064000000000005,5.0,3.0
CHEMBL6165742,N/C(=N\O)c1cccc(NC(=O)Nc2ccc3ncccc3c2)c1,5680.0,intermediate,321.34000000000003,2.973300000000001,4.0,4.0
CHEMBL6151131,N/C(=N\O)c1cccc(NC(=O)NCCc2c[nH]c3ccccc23)c1,1540.0,intermediate,337.38300000000004,2.6266000000000007,5.0,3.0
CHEMBL6150428,N/C(=N\O)c1cccc(NC(=O)NCCc2c[nH]c3ccc(Cl)cc23)c1,1160.0,intermediate,371.82800000000003,3.280000000000001,5.0,3.0
CHEMBL6146847,COc1ccc2[nH]cc(CCNC(=O)Nc3cccc(/C(N)=N/O)c3)c2c1,910.0,active,367.4090000000001,2.6352,5.0,4.0
CHEMBL6144585,Cc1ccccc1NC(=O)Nc1ccc(/C(N)=N/O)cc1,8570.0,intermediate,284.319,2.7335199999999995,4.0,3.0
CHEMBL6147350,COc1cccc(NC(=O)Nc2ccc(/C(N)=N/O)cc2)c1,9150.0,intermediate,300.318,2.4337,4.0,4.0
CHEMBL6144207,N/C(=N\O)c1ccc(NC(=O)Nc2ccc(Cl)cc2)cc1,7650.0,intermediate,304.737,3.078500000000001,4.0,3.0
CHEMBL6162131,N/C(=N\O)c1ccc(NC(=O)Nc2cccc(F)c2)cc1,3040.0,intermediate,288.282,2.5642000000000005,4.0,3.0
CHEMBL6144638,N/C(=N\O)c1ccc(NC(=O)Nc2cccc(Br)c2)cc1,6410.0,intermediate,349.188,3.1876000000000007,4.0,3.0
CHEMBL6152587,N/C(=N\O)c1ccc(NC(=O)Nc2ccc3[nH]ccc3c2)cc1,7470.0,intermediate,309.32900000000006,2.9064000000000005,5.0,3.0
CHEMBL6103104,N/C(=N\O)c1ccc(NC(=O)Nc2ccc3ncccc3c2)cc1,6940.0,intermediate,321.34000000000003,2.973300000000001,4.0,4.0
CHEMBL6166202,C[C@@H]1CC[C@]2(C(=O)O)CC[C@]3(C)C(=CC[C@@H]4[C@@]5(C)C[C@@H](OC(=O)CCc6ccccc6)[C@H](OC(=O)CCc6ccccc6)[C@@](C)(CO)[C@@H]5CC[C@]43C)[C@@H]2[C@]1(C)O,5840.0,intermediate,769.0320000000002,8.515000000000006,3.0,7.0
CHEMBL6134022,C[C@@H]1CC[C@]2(C(=O)O)CC[C@]3(C)C(=CC[C@@H]4[C@@]5(C)C[C@@H](OC(=O)CCc6ccccc6)[C@H](O)[C@@](C)(CO)[C@@H]5CC[C@]43C)[C@@H]2[C@]1(C)O,11550.0,inactive,636.8700000000001,6.3313000000000095,4.0,6.0
CHEMBL6144623,C[C@@H]1CC[C@]2(C(=O)O)CC[C@]3(C)C(=CC[C@@H]4[C@@]5(C)C[C@@H](OC(=O)c6ccc(Cl)cc6)[C@H](O)[C@@](C)(CO)[C@@H]5CC[C@]43C)[C@@H]2[C@]1(C)OC(=O)c1ccc(Cl)cc1,54290.0,inactive,781.814,9.183800000000003,3.0,7.0
CHEMBL6173424,C[C@@H]1CC[C@]2(C(=O)O)CC[C@]3(C)C(=CC[C@@H]4[C@@]5(C)C[C@@H](OC(=O)c6ccc(Cl)cc6)[C@H](OC(=O)c6ccc(Cl)cc6)[C@@](C)(CO)[C@@H]5CC[C@]43C)[C@@H]2[C@]1(C)O,21170.0,inactive,781.814,9.1838,3.0,7.0
CHEMBL6150852,C[C@@H]1CC[C@]2(C(=O)O)CC[C@]3(C)C(=CC[C@@H]4[C@@]5(C)C[C@@H](OC(=O)c6ccc(Cl)cc6)[C@H](OC(=O)c6ccc(Cl)cc6)[C@@](C)(COC(=O)c6ccc(Cl)cc6)[C@@H]5CC[C@]43C)[C@@H]2[C@]1(C)O,5910.0,intermediate,920.3669999999998,11.701899999999984,2.0,8.0
CHEMBL6164048,C[C@@H]1CC[C@]2(C(=O)O)CC[C@]3(C)C(=CC[C@@H]4[C@@]5(C)C[C@@H](O)[C@H](OC(=O)c6ccc(C(F)(F)F)cc6)[C@@](C)(CO)[C@@H]5CC[C@]43C)[C@@H]2[C@]1(C)O,100000.0,inactive,676.813,7.03110000000001,4.0,6.0
CHEMBL6168459,C[C@@H]1CC[C@]2(C(=O)O)CC[C@]3(C)C(=CC[C@@H]4[C@@]5(C)C[C@@H](OC(=O)c6ccc(C(F)(F)F)cc6)[C@H](OC(=O)c6ccc(C(F)(F)F)cc6)[C@@](C)(CO)[C@@H]5CC[C@]43C)[C@@H]2[C@]1(C)O,43390.0,inactive,848.918,9.914599999999995,3.0,7.0
CHEMBL6168279,COc1ccc(C(=O)O[C@]2(C)[C@H](C)CC[C@]3(C(=O)O)CC[C@]4(C)C(=CC[C@@H]5[C@@]6(C)C[C@@H](O)[C@H](O)[C@@](C)(CO)[C@@H]6CC[C@]54C)[C@@H]32)cc1,63500.0,inactive,638.8420000000001,6.020900000000009,4.0,7.0
CHEMBL6164945,C[C@@H]1CC[C@]2(C(=O)O)CC[C@]3(C)C(=CC[C@@H]4[C@@]5(C)C[C@@H](O)OCC(C)(C=O)[C@@H]5CC[C@]43C)[C@@H]2[C@]1(C)O,100000.0,inactive,502.69200000000035,4.967400000000006,3.0,5.0
CHEMBL6164161,C[C@@H]1CC[C@]2(C(=O)O)CC[C@]3(C)C(=CC[C@@H]4[C@@]5(C)C(C=O)=C[C@@](C)(CO)[C@@H]5CC[C@]43C)[C@@H]2[C@]1(C)O,100000.0,inactive,484.6770000000003,5.161000000000007,3.0,4.0
CHEMBL6151255,C[C@@H]1CC[C@]2(C(=O)O)CC[C@]3(C)C(=CC[C@@H]4[C@@]5(C)C(C=O)=C[C@@](C)(COC(=O)c6ccc(F)cc6)[C@@H]5CC[C@]43C)[C@@H]2[C@]1(C)O,71910.0,inactive,606.7750000000002,7.164800000000009,2.0,5.0
CHEMBL6164832,C[C@@H]1CC[C@]2(C(=O)O)CC[C@]3(C)C(=CC[C@@H]4[C@@]5(C)C(C=O)=C[C@@](C)(COC(=O)c6ccc(Cl)cc6)[C@@H]5CC[C@]43C)[C@@H]2[C@]1(C)OC(=O)c1ccc(Cl)cc1,100000.0,inactive,761.7829999999999,10.197199999999995,1.0,6.0
CHEMBL6162081,C[C@@H]1CC[C@]2(C(=O)O)CC[C@]3(C)C(=CC[C@@H]4[C@@]5(C)C(C=O)=C[C@@](C)(COC(=O)c6ccc(C(F)(F)F)cc6)[C@@H]5CC[C@]43C)[C@@H]2[C@]1(C)O,100000.0,inactive,656.782,8.044500000000008,2.0,5.0
CHEMBL6132753,COc1ccc(C(=O)OC[C@]2(C)C=C(C=O)[C@@]3(C)[C@H]2CC[C@]2(C)[C@@H]3CC=C3[C@H]4[C@](C(=O)O)(CC[C@@H](C)[C@@]4(C)OC(=O)c4ccc(OC)cc4)CC[C@]32C)cc1,70230.0,inactive,752.9450000000002,8.907600000000004,1.0,8.0
CHEMBL6132910,COc1ccc(C(=O)O[C@]2(C)[C@H](C)CC[C@]3(C(=O)O)CC[C@]4(C)C(=CC[C@@H]5[C@@]6(C)C(C=O)=C[C@@](C)(CO)[C@@H]6CC[C@]54C)[C@@H]32)cc1,100000.0,inactive,618.8110000000001,7.034300000000009,2.0,6.0
CHEMBL6141866,CCCC(=O)OC[C@]1(C)C=C(C=O)[C@@]2(C)[C@H]1CC[C@]1(C)[C@@H]2CC=C2[C@H]3[C@](C(=O)O)(CC[C@@H](C)[C@@]3(C)O)CC[C@]21C,100000.0,inactive,554.7680000000001,6.5120000000000084,2.0,5.0
CHEMBL6159857,CCCCCC(=O)OC[C@]1(C)C=C(C=O)[C@@]2(C)[C@H]1CC[C@]1(C)[C@@H]2CC=C2[C@H]3[C@](C(=O)O)(CC[C@@H](C)[C@@]3(C)O)CC[C@]21C,100000.0,inactive,582.8220000000002,7.292200000000009,2.0,5.0
CHEMBL6164661,C[C@@H]1CC[C@]2(C(=O)O)CC[C@]3(C)C(=CC[C@@H]4[C@@]5(C)C(C=O)=C[C@@](C)(COC(=O)CCc6ccccc6)[C@@H]5CC[C@]43C)[C@@H]2[C@]1(C)O,46240.0,inactive,616.8390000000002,7.34470000000001,2.0,5.0
CHEMBL6164766,C[C@@H]1CC[C@]2(C(=O)NCc3ccccc3F)CC[C@]3(C)C(=CC[C@@H]4[C@@]5(C)C[C@@H](O)[C@H](O)[C@@](C)(CO)[C@@H]5CC[C@]43C)[C@@H]2[C@]1(C)O,100000.0,inactive,611.8390000000002,5.518500000000008,5.0,5.0
CHEMBL6151437,C[C@@H]1CC[C@]2(C(=O)NCc3cccc(F)c3)CC[C@]3(C)C(=CC[C@@H]4[C@@]5(C)C[C@@H](O)[C@H](O)[C@@](C)(CO)[C@@H]5CC[C@]43C)[C@@H]2[C@]1(C)O,100000.0,inactive,611.8390000000002,5.518500000000008,5.0,5.0
CHEMBL6166354,C[C@@H]1CC[C@]2(C(=O)NCc3ccc(F)cc3)CC[C@]3(C)C(=CC[C@@H]4[C@@]5(C)C[C@@H](O)[C@H](O)[C@@](C)(CO)[C@@H]5CC[C@]43C)[C@@H]2[C@]1(C)O,100000.0,inactive,611.8390000000002,5.518500000000008,5.0,5.0
CHEMBL6168124,C[C@@H]1CC[C@]2(C(=O)NCc3ccccc3Cl)CC[C@]3(C)C(=CC[C@@H]4[C@@]5(C)C[C@@H](O)[C@H](O)[C@@](C)(CO)[C@@H]5CC[C@]43C)[C@@H]2[C@]1(C)O,3700.0,intermediate,628.2940000000002,6.03280000000001,5.0,5.0
CHEMBL6161214,C[C@@H]1CC[C@]2(C(=O)NCc3cccc(Cl)c3)CC[C@]3(C)C(=CC[C@@H]4[C@@]5(C)C[C@@H](O)[C@H](O)[C@@](C)(CO)[C@@H]5CC[C@]43C)[C@@H]2[C@]1(C)O,62990.0,inactive,628.2940000000002,6.03280000000001,5.0,5.0
CHEMBL6151754,C[C@@H]1CC[C@]2(C(=O)NCc3ccc(Cl)cc3)CC[C@]3(C)C(=CC[C@@H]4[C@@]5(C)C[C@@H](O)[C@H](O)[C@@](C)(CO)[C@@H]5CC[C@]43C)[C@@H]2[C@]1(C)O,64780.0,inactive,628.2940000000002,6.03280000000001,5.0,5.0
CHEMBL6145850,C[C@@H]1CC[C@]2(C(=O)NCc3ccccc3Br)CC[C@]3(C)C(=CC[C@@H]4[C@@]5(C)C[C@@H](O)[C@H](O)[C@@](C)(CO)[C@@H]5CC[C@]43C)[C@@H]2[C@]1(C)O,47700.0,inactive,672.7450000000001,6.1419000000000095,5.0,5.0
CHEMBL6169431,C[C@@H]1CC[C@]2(C(=O)NCc3cccc(Br)c3)CC[C@]3(C)C(=CC[C@@H]4[C@@]5(C)C[C@@H](O)[C@H](O)[C@@](C)(CO)[C@@H]5CC[C@]43C)[C@@H]2[C@]1(C)O,78030.0,inactive,672.7450000000001,6.1419000000000095,5.0,5.0
CHEMBL6150183,C[C@@H]1CC[C@]2(C(=O)NCc3ccc(Br)cc3)CC[C@]3(C)C(=CC[C@@H]4[C@@]5(C)C[C@@H](O)[C@H](O)[C@@](C)(CO)[C@@H]5CC[C@]43C)[C@@H]2[C@]1(C)O,84470.0,inactive,672.7450000000001,6.14190000000001,5.0,5.0
CHEMBL6152561,CCCCCCNC(=O)[C@]12CC[C@@H](C)[C@@](C)(O)[C@H]1C1=CC[C@@]3(C)[C@@](C)(CC[C@H]4[C@](C)(CO)[C@@H](O)[C@H](O)C[C@@]43C)[C@]1(C)CC2,100000.0,inactive,601.913,6.14960000000001,5.0,5.0
CHEMBL6171454,C[C@@H]1CC[C@]2(C(=O)NC3CCCCC3)CC[C@]3(C)C(=CC[C@@H]4[C@@]5(C)C[C@@H](O)[C@H](O)[C@@](C)(CO)[C@@H]5CC[C@]43C)[C@@H]2[C@]1(C)O,80430.0,inactive,585.8700000000002,5.511900000000009,5.0,5.0
CHEMBL6164626,C[C@@H]1CC[C@]2(C(=O)NCc3ccccc3)CC[C@]3(C)C(=CC[C@@H]4[C@@]5(C)C[C@@H](O)[C@H](O)[C@@](C)(CO)[C@@H]5CC[C@]43C)[C@@H]2[C@]1(C)O,65090.0,inactive,593.8490000000003,5.3794000000000075,5.0,5.0
CHEMBL6150556,C[C@@H]1CC[C@]2(C(=O)NCCc3ccc(Cl)c(Cl)c3)CC[C@]3(C)C(=CC[C@@H]4[C@@]5(C)C[C@@H](O)[C@H](O)[C@@](C)(CO)[C@@H]5CC[C@]43C)[C@@H]2[C@]1(C)O,100000.0,inactive,676.7660000000001,6.728700000000011,5.0,5.0
CHEMBL6161090,C[C@@H]1CC[C@]2(C(=O)NCCc3c[nH]c4ccccc34)CC[C@]3(C)C(=CC[C@@H]4[C@@]5(C)C[C@@H](O)[C@H](O)[C@@](C)(CO)[C@@H]5CC[C@]43C)[C@@H]2[C@]1(C)O,51280.0,inactive,646.9130000000002,5.90320000000001,6.0,5.0
CHEMBL515920,C[C@@H]1CC[C@]2(C(=O)O)CC[C@]3(C)C(=CC[C@@H]4[C@@]5(C)C[C@@H](O)[C@H](O)[C@@](C)(CO)[C@@H]5CC[C@]43C)[C@@H]2[C@]1(C)O,23200.0,inactive,504.7080000000003,4.147600000000004,5.0,5.0
CHEMBL6120750,CN(C)CCN1CCN(Cc2ccc(C(=O)Nc3nc4ccccc4s3)cc2)CC1,23.4,active,423.5860000000002,3.227800000000001,1.0,6.0
CHEMBL6146247,COc1ccc(C2CC(c3ccc(O)cc3)=NN2c2nc3ccc(C)cc3s2)cc1OC,8690.0,intermediate,445.5440000000002,5.683220000000005,1.0,7.0
CHEMBL6147891,O=C(/C=C/c1ccc(-c2ccccc2)cc1)Nc1nc2ccc(O)cc2s1,71.0,active,372.4490000000001,5.320800000000003,2.0,4.0
CHEMBL5088794,CC1=CC(=O)[C@@](C)(O)C(=O)/C1=C\Nc1ccccc1,100000.0,inactive,257.289,1.8315,2.0,4.0
CHEMBL6168749,CC1=CC(=O)[C@](C)(O)C(=O)/C1=C\Nc1ccccc1,100000.0,inactive,257.289,1.8315,2.0,4.0
CHEMBL6172894,CC1=CC(=O)[C@@](C)(O)C(=O)/C1=C\Nc1ccc(Cc2ccccc2)cc1,100000.0,inactive,347.41400000000004,3.4223000000000026,2.0,4.0
CHEMBL6169186,CC1=CC(=O)[C@](C)(O)C(=O)/C1=C\Nc1ccc(Cc2ccccc2)cc1,4500.0,intermediate,347.41400000000004,3.4223000000000026,2.0,4.0
CHEMBL6171152,CC1=CC(=O)[C@@](C)(O)C(=O)/C1=C\Nc1ccc(Oc2ccc(C)cc2)cc1,100000.0,inactive,363.41300000000007,3.9322200000000027,2.0,5.0
CHEMBL6148945,CC1=CC(=O)[C@](C)(O)C(=O)/C1=C\Nc1ccc(Oc2ccc(C)cc2)cc1,100000.0,inactive,363.41300000000007,3.9322200000000027,2.0,5.0
CHEMBL6149859,CC1=CC(=O)[C@@](C)(O)C(=O)/C1=C\Nc1ccc(Oc2ccc(Cl)cc2)cc1,100000.0,inactive,383.831,4.277200000000003,2.0,5.0
CHEMBL6152058,CC1=CC(=O)[C@](C)(O)C(=O)/C1=C\Nc1ccc(Oc2ccc(Cl)cc2)cc1,100000.0,inactive,383.831,4.277200000000003,2.0,5.0
CHEMBL6159694,CC1=CC(=O)[C@@](C)(O)C(=O)/C1=C\Nc1ccc(Oc2ccc([N+](=O)[O-])cc2)cc1,100000.0,inactive,394.3830000000001,3.532000000000002,2.0,7.0
CHEMBL6150122,CC1=CC(=O)[C@](C)(O)C(=O)/C1=C\Nc1ccc(Oc2ccc([N+](=O)[O-])cc2)cc1,68100.0,inactive,394.3830000000001,3.532000000000002,2.0,7.0
CHEMBL6149526,CC1=CC(=O)[C@@](C)(O)C(=O)/C1=C\Nc1ccc(Oc2ccc(C#N)cc2)cc1,4700.0,intermediate,374.3960000000001,3.4954800000000015,2.0,6.0
CHEMBL6147462,CC1=CC(=O)[C@](C)(O)C(=O)/C1=C\Nc1ccc(Oc2ccc(C#N)cc2)cc1,24400.0,inactive,374.3960000000001,3.4954800000000015,2.0,6.0
CHEMBL6165973,CC1=CC(=O)[C@@](C)(O)C(=O)/C1=C\Nc1ccc(Oc2cccc(F)c2)cc1,100000.0,inactive,367.37600000000003,3.762900000000002,2.0,5.0
CHEMBL6164067,CC1=CC(=O)[C@](C)(O)C(=O)/C1=C\Nc1ccc(Oc2cccc(F)c2)cc1,100000.0,inactive,367.37600000000003,3.762900000000002,2.0,5.0
CHEMBL6132970,CCN(C)C(=O)Oc1ccc(C(=O)N2CCC(Cc3ccccc3)CC2)cc1OC,10000.0,inactive,410.5140000000001,4.240600000000004,0.0,4.0
CHEMBL6168314,CN(CCCOc1ccc([N+](=O)[O-])cc1)C(=O)c1cnc(N2CCN(c3ccc(C(=O)N4CCOCC4)cc3[N+](=O)[O-])CC2)nc1,900.0,active,634.6500000000002,2.6331000000000007,0.0,12.0
CHEMBL6165595,CCN(CCCCCn1c(C)cc(=O)n(CCCCCN(CC)Cc2ccccc2C#N)c1=O)Cc1ccccc1C#N,7300.0,intermediate,582.7930000000003,5.446580000000006,0.0,6.0
CHEMBL6164051,CCN(CCCCCn1c(C)cc(=O)n(CCCCCN(CC)Cc2cccc(C(=O)OC)c2)c1=O)Cc1cccc(C(=O)OC)c1,290.0,active,648.8450000000004,5.276420000000005,0.0,8.0
CHEMBL6167736,Cc1ccc(O)c(CNc2c(N)n(C)c(=O)n(C)c2=O)c1,4.65,active,290.32300000000004,0.2923199999999997,3.0,5.0
CHEMBL6173387,N#CC1C(N)N2CCCNC2C(C#N)C12C(=O)Nc1ccccc12,4040.0,intermediate,322.37200000000007,0.07586000000000143,3.0,6.0
CHEMBL6162409,COc1cccc(-c2nc(SCCCSc3nc(N)c(C#N)c(-c4cccc(OC)c4)n3)nc(N)c2C#N)c1,5720.0,intermediate,556.6770000000001,4.800060000000003,2.0,12.0
CHEMBL6164227,Cc1cccc(-c2nccc(N3CCOCC3)n2)c1,430.0,active,255.32099999999997,2.28862,0.0,4.0
CHEMBL6147092,CCOC(=O)C1=C(C)N=C2SC(c3ccc([N+](=O)[O-])cc3)=NN2C1c1ccc(C=O)cn1,82.0,active,451.46400000000017,3.460700000000002,0.0,10.0
CHEMBL6148173,C#CCNc1ccc(-c2cc(-c3ccc(OCCN4CCOCC4)cc3)nc(N)n2)cc1,7210.0,intermediate,429.5240000000002,3.1489000000000003,2.0,7.0
CHEMBL6161302,COc1cc(/C=C/C(=O)c2ccc(OCCN3CCCC3)cc2)ccc1OCc1nc(C)c(C)nc1C,980.0,active,501.62700000000035,5.360160000000006,0.0,7.0
CHEMBL6175754,COC(=O)C1=CO[C@H](OC)[C@H]2C(CN3CCN(Cc4nc(C)c(C)nc4C)CC3)=CC[C@@H]12,218.0,active,442.56000000000023,2.14156,0.0,8.0
CHEMBL6147723,CCOC(=O)c1c(OC(=O)c2ccccc2)sc2c1CCCCC2,2160.0,intermediate,344.43200000000024,4.412900000000004,0.0,5.0
CHEMBL6173537,CCOC(=O)c1c(OC(=O)c2ccc(Cl)cc2)sc2c1CCCCC2,1050.0,intermediate,378.87700000000024,5.066300000000004,0.0,5.0
CHEMBL6176564,O=C1c2c(sc3c2CCCCC3)OC(c2ccccc2)N1c1ccccc1,510.0,active,375.493,5.755000000000005,0.0,3.0
CHEMBL6168783,O=C1c2c(sc3c2CCCCC3)OC(c2ccccc2)N1c1ccc(Cl)cc1,9480.0,intermediate,409.938,6.408400000000005,0.0,3.0
CHEMBL6170619,COc1ccc(N2C(=O)c3c(sc4c3CCCCC4)OC2c2ccccc2)cc1,4050.0,intermediate,405.5190000000001,5.763600000000005,0.0,4.0
CHEMBL6147393,O=C1c2c(sc3c2CCCCC3)OC(c2ccc(Cl)cc2)N1c1ccccc1,550.0,active,409.938,6.408400000000005,0.0,3.0
CHEMBL6146704,O=C1c2c(sc3c2CCCCC3)OC(c2ccc(Cl)cc2)N1c1ccc(Cl)cc1,12600.0,inactive,444.38300000000004,7.061800000000004,0.0,3.0
CHEMBL6163696,COc1ccc(N2C(=O)c3c(sc4c3CCCCC4)OC2c2ccc(Cl)cc2)cc1,3140.0,intermediate,439.96400000000017,6.417000000000005,0.0,4.0
CHEMBL6171343,COc1ccc2c3c1O[C@H]1C[C@@H](OC(=O)NC4CCN(Cc5cccc(C(F)(F)F)c5)CC4)C=C[C@@]31CCN(C)C2,601.43,active,571.64,5.267600000000006,1.0,6.0
CHEMBL6152733,COc1ccc2c3c1O[C@H]1C[C@@H](OC(=O)NC4CCN(Cc5ccc(F)cc5F)CC4)C=C[C@@]31CCN(C)C2,1204.0,intermediate,539.6230000000003,4.527000000000005,1.0,6.0
CHEMBL6177357,COc1ccc2c3c1O[C@H]1C[C@@H](OC(=O)NC4CCN(Cc5ccc(F)cc5)CC4)C=C[C@@]31CCN(C)C2,399.37,active,521.6330000000003,4.387900000000005,1.0,6.0
CHEMBL6175088,COc1ccc2c3c1O[C@H]1C[C@@H](OC(=O)NC4CCN(Cc5cccc(F)c5)CC4)C=C[C@@]31CCN(C)C2,418.97,active,521.6330000000003,4.387900000000005,1.0,6.0
CHEMBL6163761,COc1ccc2c3c1O[C@H]1C[C@@H](OC(=O)NC4CCN(Cc5ccccc5F)CC4)C=C[C@@]31CCN(C)C2,405.8,active,521.6330000000003,4.387900000000005,1.0,6.0
CHEMBL6176254,COc1ccc2c3c1O[C@H]1C[C@@H](OC(=O)NC4CCN(Cc5ccccc5)CC4)C=C[C@@]31CCN(C)C2,369.83,active,503.64300000000037,4.248800000000004,1.0,6.0
CHEMBL6174933,COc1ccc2c3c1O[C@H]1C[C@@H](OC(=O)NC4CCN(Cc5ccc(OC(F)(F)F)cc5)CC4)C=C[C@@]31CCN(C)C2,451.13,active,587.6389999999999,5.1474000000000055,1.0,7.0
CHEMBL6175862,COc1ccc2c3c1O[C@H]1C[C@@H](OCc4ccc(Cc5ccccc5F)cn4)C=C[C@@]31CCN(C)C2,513.9,active,486.5870000000002,5.199700000000005,0.0,5.0
CHEMBL6161649,COc1ccc2c3c1O[C@H]1C[C@@H](OCc4ccc(Cc5cccc(Cl)c5)cn4)C=C[C@@]31CCN(C)C2,3386.0,intermediate,503.04200000000026,5.714000000000007,0.0,5.0
CHEMBL6171117,COc1ccccc1Cc1ccc(CO[C@H]2C=C[C@@]34CCN(C)Cc5ccc(OC)c(c53)O[C@H]4C2)nc1,3198.0,intermediate,498.6230000000004,5.069200000000005,0.0,6.0
CHEMBL6168950,Nc1ccccc1C(=O)/C=C/c1cccc(Cl)c1Cl,80.0,active,292.1650000000001,4.471700000000002,1.0,2.0
CHEMBL6166087,Nc1ccccc1C(=O)/C=C/c1cnc2ccccc2c1,540.0,active,274.32300000000004,3.7131000000000025,1.0,3.0
CHEMBL6147070,CSc1ccc(/C=C/C(=O)c2ccccc2N)cn1,1220.0,intermediate,270.35699999999997,3.2818000000000005,1.0,4.0
CHEMBL6173475,Cc1ccc(/C=C/C(=O)c2ccccc2N)cn1,2920.0,intermediate,238.29000000000002,2.8683199999999998,1.0,3.0
CHEMBL6169099,Nc1ccccc1C(=O)/C=C/c1cnc2c(c1)OCO2,4160.0,intermediate,268.272,2.2886000000000006,1.0,5.0
CHEMBL6150674,Nc1ccccc1C(=O)/C=C/c1ccc(Cl)nc1,19020.0,inactive,258.708,3.213300000000002,1.0,3.0
CHEMBL6169631,COc1nc(-c2ccnc(NC(=O)C3CC3)c2)sc1C(=O)NCNc1c2c(nc3ccccc13)CCCC2,6.3,active,528.6380000000001,4.788600000000003,3.0,8.0
CHEMBL6170750,c1ccc2oc(CNCCCCCCCNc3c4c(cc5ccccc35)CCCC4)cc2c1,0.86,active,440.6310000000002,7.617000000000006,2.0,3.0
CHEMBL5092320,Cn1c(NCCCCCCCNc2c3c(nc4cc(Cl)ccc24)CCCC3)nc(-c2ccncc2F)cc1=O,51.1,active,549.0940000000004,6.536300000000006,2.0,6.0
CHEMBL2178784,COc1ccc2c3c1O[C@H]1C[C@@H](O)C=C[C@@]31CCN(CCCCCCNC13CC4CC(C)(CC(C)(C4)C1)C3)C2,1.16,active,534.7850000000004,6.119500000000007,2.0,5.0
CHEMBL6161618,COc1ccc(NC(=O)C2CCN(Cc3ccccc3)CC2)cc1OC,145.0,active,354.45000000000016,3.5545000000000027,1.0,4.0
CHEMBL6144349,COc1ccccc1NC(=O)C1CCN(Cc2ccccc2)CC1,157.0,active,324.42400000000004,3.5459000000000023,1.0,3.0
CHEMBL6173795,COc1ccc(NC(=O)C2CCN(Cc3ccccc3)CC2)cc1,165.0,active,324.4240000000001,3.5459000000000023,1.0,3.0
CHEMBL6141819,O=C(N/N=C/c1ccc([N+](=O)[O-])cc1)c1ccc(Cl)nc1,20.0,active,304.693,2.4071,1.0,5.0
CHEMBL6152572,COc1ccc(/C=N/NC(=O)c2ccc(Cl)nc2)cc1OC,30.0,active,319.74800000000005,2.5161000000000007,1.0,5.0
CHEMBL6173905,CCOc1cc(/C=N/NC(=O)c2ccc(Cl)nc2)ccc1O,30.0,active,319.74800000000005,2.6032000000000006,2.0,5.0
CHEMBL6172404,COC(=O)c1ccc(/C=N/NC(=O)c2ccc(Cl)nc2)cc1,100.0,active,317.732,2.2855,1.0,5.0
CHEMBL6165462,COc1cc(/C=N/NC(=O)c2ccc(Cl)nc2)ccc1O,30.0,active,305.72100000000006,2.2131000000000003,2.0,5.0
CHEMBL7976,O=C(/C=C/c1ccccc1)c1ccccc1,28200.0,inactive,208.26000000000002,3.5827000000000018,0.0,1.0
CHEMBL389328,COc1ccc(/C=C/C(=O)c2ccccc2O)cc1OC,28000.0,inactive,284.31100000000004,3.305500000000002,1.0,4.0
CHEMBL6144744,O=c1[nH]c(CNCCC2CCN(Cc3ccccc3)CC2)nc2c1cnn2C1CCCC1,290.0,active,434.5880000000003,3.6266000000000025,2.0,5.0
CHEMBL6175104,O=c1[nH]c(CCCCC2CCN(Cc3ccccc3)CC2)nc2c1cnn2C1CCCC1,40.0,active,433.6000000000003,4.859700000000005,1.0,4.0
CHEMBL3545935,COc1ccccc1/C=C1\Oc2cc(OCCN3CCCC3)ccc2C1=O,2670.0,intermediate,365.42900000000014,3.786000000000003,0.0,5.0
CHEMBL426110,O=C1/C(=C/c2ccc(O)cc2)Oc2cc(O)ccc21,202470.0,inactive,254.24099999999999,2.7140000000000004,2.0,4.0
CHEMBL3546039,COc1ccc(/C=C2\Oc3cc(OCCN4CCCC4)ccc3C2=O)c(OC)c1OC,1560.0,intermediate,425.4810000000002,3.803200000000003,0.0,7.0
CHEMBL4300673,O=C(CN1CCC(Cc2ccccc2)CC1)c1ccc2ccccc2c1,9130.0,intermediate,343.4700000000001,4.977200000000005,0.0,2.0
CHEMBL6177119,O=C(NCCC1CCN(Cc2ccccc2)CC1)c1coc2cc(OCc3ccccc3)ccc2c1=O,370.0,active,496.6070000000003,5.404100000000006,1.0,5.0
CHEMBL6174158,C#CCOc1c(CN2CCOCC2)cc(-c2cc(=O)c3ccccc3o2)cc1OC,7240.0,intermediate,405.45000000000016,3.312800000000002,0.0,6.0
CHEMBL6161963,C#CCOc1c(CN2CCCCC2)cc(-c2cc(=O)c3ccccc3o2)cc1OC,3090.0,intermediate,403.4780000000001,4.466500000000004,0.0,5.0
CHEMBL6171540,C#CCCOc1c(CN2CCOCC2)cc(-c2cc(=O)c3ccccc3o2)cc1OCC,6040.0,intermediate,433.5040000000002,4.0930000000000035,0.0,6.0
CHEMBL6152852,C#CCCCOc1c(CN2CCCCC2)cc(-c2cc(=O)c3ccccc3o2)cc1OCC,1960.0,intermediate,445.5590000000002,5.636800000000006,0.0,5.0
CHEMBL6161426,C#CCOc1c(CN2CCOCC2)cc(-c2cc(=O)c3ccccc3o2)cc1CN1CCOCC1,3740.0,intermediate,474.55700000000036,3.136400000000002,0.0,7.0
CHEMBL6175583,C#CCCCOc1c(CN2CCOCC2)cc(-c2cc(=O)c3ccccc3o2)cc1CN1CCOCC1,3380.0,intermediate,502.61100000000033,3.9166000000000034,0.0,7.0
CHEMBL6173562,C#CCOc1ccc(-c2cc(=O)c3ccccc3o2)cc1CN1CCOCC1,2190.0,intermediate,375.42400000000026,3.3042000000000016,0.0,5.0
CHEMBL6174192,C#CCCCOc1ccc(-c2cc(=O)c3ccccc3o2)cc1CN1CCCCC1,625.0,active,401.5060000000003,5.238100000000005,0.0,4.0
CHEMBL6174600,C#CCCCOc1c(CN2CCCCC2)cc(-c2cc(=O)c3ccccc3o2)cc1CN1CCCCC1,1310.0,intermediate,498.66700000000037,6.224000000000007,0.0,5.0
CHEMBL6174871,C#CCCCOc1c(CN2CCN(Cc3ccccc3)CC2)cc(-c2cc(=O)c3ccccc3o2)cc1OC,5810.0,intermediate,522.6450000000003,5.578600000000006,0.0,6.0
CHEMBL6170242,C#CCCCOc1c(CN2CCc3ccccc3C2)cc(-c2cc(=O)c3ccccc3o2)cc1OC,8080.0,intermediate,479.57600000000025,5.819100000000006,0.0,5.0
CHEMBL6168753,Nc1c2c(nc3ccc(-c4ccncc4)cc13)CCCC2,1179.0,intermediate,275.3550000000001,3.7578000000000022,1.0,3.0
CHEMBL6163299,COc1cc(-c2ccc3nc4c(c(N)c3c2)CCCC4)ccn1,677.0,active,305.381,3.7664000000000017,1.0,4.0
CHEMBL6172196,Nc1c2c(nc3ccc(-c4ccc(Cl)nc4)cc13)CCCC2,287.0,active,309.8000000000002,4.411200000000002,1.0,3.0
CHEMBL6152748,Nc1c2c(nc3ccc(-c4ccc(F)nc4)cc13)CCCC2,900.0,active,293.3450000000001,3.8969000000000023,1.0,3.0
CHEMBL6174537,Nc1c2c(nc3ccc(-c4cncnc4)cc13)CCCC2,985.0,active,276.3430000000001,3.152800000000002,1.0,4.0
CHEMBL6163473,COc1ncc(-c2ccc3nc4c(c(N)c3c2)CCCC4)cn1,603.0,active,306.369,3.1614000000000013,1.0,5.0
CHEMBL6177054,COc1ncc(-c2ccc3nc4c(c(N)c3c2)CCCC4)c(OC)n1,914.0,active,336.3950000000001,3.1700000000000017,1.0,6.0
CHEMBL6166006,Nc1c2c(nc3ccc(-c4ccoc4)cc13)CCCC2,1646.0,intermediate,264.328,3.9558000000000018,1.0,3.0
CHEMBL6142020,Cc1ccc(-c2ccc3nc4c(c(N)c3c2)CCCC4)o1,160.0,active,278.35499999999996,4.264220000000003,1.0,3.0
CHEMBL6173740,Nc1c2c(nc3ccc(-c4ccsc4)cc13)CCCC2,444.0,active,280.3960000000001,4.424300000000002,1.0,3.0
CHEMBL6172838,Nc1c2c(nc3ccc(-c4cccs4)cc13)CCCC2,948.0,active,280.3960000000001,4.424300000000002,1.0,3.0
CHEMBL6164758,Nc1c2c(nc3ccc(-c4ccc(Cl)s4)cc13)CCCC2,370.0,active,314.8410000000002,5.077700000000003,1.0,3.0
CHEMBL6176118,Cc1csc(-c2ccc3nc4c(c(N)c3c2)CCCC4)c1,334.0,active,294.423,4.732720000000003,1.0,3.0
CHEMBL6171344,CN(C)c1cccc(-c2ccc3nc4c(c(N)c3c2)CCCC4)c1,948.0,active,317.43600000000015,4.4288000000000025,1.0,3.0
CHEMBL6151322,CC(C)COc1cccc(-c2ccc3nc4c(c(N)c3c2)CCCC4)c1,625.0,active,346.47400000000016,5.397600000000005,1.0,3.0
CHEMBL6170062,Cl.[2H]c1ccc2nc3c(c(N)c2c1)CCCC3,198.0,active,235.73610177799995,3.1176000000000013,1.0,2.0
CHEMBL6170205,CCOC(=O)c1c(O)cc(O)c(Cc2c(O)cc(C)c(C(=O)OCC)c2O)c1C,19000.0,inactive,404.4150000000002,3.0700400000000014,4.0,8.0
CHEMBL6170553,CCOC(=O)c1c(O)cc(O)c(Cc2c(O)cc(C)c(C(=O)OC)c2O)c1C,20000.0,inactive,390.38800000000015,2.679940000000001,4.0,8.0
CHEMBL6172776,COC(=O)c1c(C)cc(O)c(Cc2c(O)cc(C)cc2O)c1O,15000.0,inactive,318.32500000000005,2.503240000000001,4.0,6.0
CHEMBL6169722,Cc1cc(O)cc(OC(=O)c2c(C)cc(O)c(C=O)c2O)c1,15000.0,inactive,302.28200000000004,2.4519400000000005,3.0,6.0
CHEMBL6177591,CCOC(=O)c1c(C)cc(OC(=O)c2c(C)cc(O)cc2O)cc1O,15000.0,inactive,346.33500000000004,2.816140000000002,3.0,7.0
CHEMBL6174052,COCc1c(O)c(Oc2c(C=O)c(O)cc(C)c2C(=O)OC)c2c(c1O)C(=O)O[C@H]2O,7100.0,intermediate,434.35300000000024,1.8109199999999999,4.0,11.0
CHEMBL4076614,OCc1cc(O)cc(O)c1,28000.0,inactive,140.13799999999998,0.5900999999999998,3.0,3.0
CHEMBL457583,Cc1cc(O)cc(O)c1C(=O)O,26000.0,inactive,168.14799999999997,1.1044199999999997,3.0,3.0
CHEMBL2332779,Cc1cc(O)c(C)c(O)c1,25000.0,inactive,138.166,1.71464,2.0,2.0
CHEMBL454431,COC(=O)c1c(C)cc(O)cc1O,24000.0,inactive,182.175,1.1928199999999995,2.0,4.0
CHEMBL367881,CC(=O)C1=C(O)C=C2Oc3c(C(C)=O)c(O)c(C)c(O)c3[C@@]2(C)C1=O,28000.0,inactive,344.3190000000001,2.12662,3.0,7.0
CHEMBL6188487,S=C(NCCCCNc1c2c(nc3ccccc13)CCCC2)NCCc1c[nH]c2ccccc12,25.0,active,471.6740000000004,5.493800000000005,4.0,3.0
CHEMBL6189355,COn1cc(CCNC(=S)NCCCCCNc2c3c(nc4ccccc24)CCCC3)c2ccccc21,70.0,active,515.7270000000003,5.415700000000005,3.0,4.0
CHEMBL6193693,CC(C)(C)c1ccc(/C=N/CCNc2c3c(nc4ccccc24)CCCCC3)c(C(C)(C)C)c1O,4030.0,intermediate,471.68900000000036,7.335300000000008,2.0,4.0
CHEMBL6190268,CC(C)(C)c1ccc(CNCCNc2c3c(nc4ccccc24)CCCCC3)c(C(C)(C)C)c1O,1900.0,intermediate,473.7050000000004,7.006000000000009,3.0,4.0
CHEMBL6189950,Cc1ccc(S(=O)(=O)NCCCCNc2c3c(nc4ccccc24)CCCC3)cc1,668.0,active,423.5820000000002,4.592620000000004,2.0,4.0
CHEMBL6189139,O=P(NCCCCCCNc1c2c(nc3ccccc13)CCCC2)(Oc1ccccc1)Oc1ccccc1,163681652.14,inactive,529.6210000000003,7.941600000000007,2.0,5.0
CHEMBL6192909,O=P(NCCCCCCCCCCCCNc1c2c(nc3ccccc13)CCCC2)(Oc1ccccc1)Oc1ccccc1,24322040.09,inactive,613.7830000000004,10.282199999999994,2.0,5.0
CHEMBL6189555,C[Si]1(Cl)C=CC(=O)C1=P(c1ccccc1)(c1ccccc1)c1ccccc1,113.0,active,406.92500000000007,4.184300000000003,0.0,1.0
CHEMBL6192506,C[Si]1(Cl)C=C/C(=N\c2ccccc2)C1=P(c1ccccc1)(c1ccccc1)c1ccccc1,113.0,active,482.0390000000001,6.387900000000007,0.0,1.0
CHEMBL6192606,C[Si](C)(C)c1c([Si](C)(C)C)c(=P(c2ccccc2)(c2ccccc2)c2ccccc2)c1=O,113.0,active,472.7170000000001,4.538890000000004,0.0,1.0
CHEMBL6190088,O=C(/C=C/c1cccs1)c1ccc(OCCCCBr)cc1,420.0,active,365.292,5.198100000000004,0.0,3.0
CHEMBL6190210,FC(F)(F)c1cccc(-c2cc(-c3cccs3)n(-c3ccc(Br)cc3)n2)c1,0.48,active,449.2950000000001,7.049100000000005,0.0,2.0
CHEMBL6192902,O=C(NNC(=S)Nc1ccccc1[N+](=O)[O-])c1sccc1Cl,400.0,active,356.81600000000003,2.9411000000000005,3.0,5.0
CHEMBL6191782,Cc1cc(=O)[nH]c2c1C(=O)C(NCNc1c3c(nc4ccccc14)CCCC3)=CC2=O,11.1,active,414.46500000000026,3.032420000000002,3.0,6.0
CHEMBL6190113,O=C(NCCCNc1c2c(nc3ccccc13)CCC2)c1cnc(Cl)c(Cl)c1,52.0,active,415.3240000000002,4.657300000000004,2.0,4.0
CHEMBL6188323,COc1cc2c(cc1OC)CC(CN1CCN(CCCNc3c4c(nc5cc(Cl)ccc35)C[C@H]3C=C(C)C[C@@H]4C3)CC1)C2,2.61,active,601.2349999999999,6.736000000000008,1.0,6.0
